--
-- PostgreSQL database dump
--

\restrict YruVPXF7kw19gyxReSeQqX35ZWt9gqmFDhVUespWn2wOBd2hWLdDfBUBN4nU1fZ

-- Dumped from database version 17.7 (Debian 17.7-3.pgdg13+1)
-- Dumped by pg_dump version 17.9 (Homebrew)

SET statement_timeout = 0;
SET lock_timeout = 0;
SET idle_in_transaction_session_timeout = 0;
SET transaction_timeout = 0;
SET client_encoding = 'UTF8';
SET standard_conforming_strings = on;
SELECT pg_catalog.set_config('search_path', '', false);
SET check_function_bodies = false;
SET xmloption = content;
SET client_min_messages = warning;
SET row_security = off;

SET default_tablespace = '';

SET default_table_access_method = heap;

--
-- Name: auth_group; Type: TABLE; Schema: public; Owner: postgres
--

CREATE TABLE public.auth_group (
    id integer NOT NULL,
    name character varying(150) NOT NULL
);


ALTER TABLE public.auth_group OWNER TO postgres;

--
-- Name: auth_group_id_seq; Type: SEQUENCE; Schema: public; Owner: postgres
--

ALTER TABLE public.auth_group ALTER COLUMN id ADD GENERATED BY DEFAULT AS IDENTITY (
    SEQUENCE NAME public.auth_group_id_seq
    START WITH 1
    INCREMENT BY 1
    NO MINVALUE
    NO MAXVALUE
    CACHE 1
);


--
-- Name: auth_group_permissions; Type: TABLE; Schema: public; Owner: postgres
--

CREATE TABLE public.auth_group_permissions (
    id bigint NOT NULL,
    group_id integer NOT NULL,
    permission_id integer NOT NULL
);


ALTER TABLE public.auth_group_permissions OWNER TO postgres;

--
-- Name: auth_group_permissions_id_seq; Type: SEQUENCE; Schema: public; Owner: postgres
--

ALTER TABLE public.auth_group_permissions ALTER COLUMN id ADD GENERATED BY DEFAULT AS IDENTITY (
    SEQUENCE NAME public.auth_group_permissions_id_seq
    START WITH 1
    INCREMENT BY 1
    NO MINVALUE
    NO MAXVALUE
    CACHE 1
);


--
-- Name: auth_permission; Type: TABLE; Schema: public; Owner: postgres
--

CREATE TABLE public.auth_permission (
    id integer NOT NULL,
    name character varying(255) NOT NULL,
    content_type_id integer NOT NULL,
    codename character varying(100) NOT NULL
);


ALTER TABLE public.auth_permission OWNER TO postgres;

--
-- Name: auth_permission_id_seq; Type: SEQUENCE; Schema: public; Owner: postgres
--

ALTER TABLE public.auth_permission ALTER COLUMN id ADD GENERATED BY DEFAULT AS IDENTITY (
    SEQUENCE NAME public.auth_permission_id_seq
    START WITH 1
    INCREMENT BY 1
    NO MINVALUE
    NO MAXVALUE
    CACHE 1
);


--
-- Name: auth_user; Type: TABLE; Schema: public; Owner: postgres
--

CREATE TABLE public.auth_user (
    id integer NOT NULL,
    password character varying(128) NOT NULL,
    last_login timestamp with time zone,
    is_superuser boolean NOT NULL,
    username character varying(150) NOT NULL,
    first_name character varying(150) NOT NULL,
    last_name character varying(150) NOT NULL,
    email character varying(254) NOT NULL,
    is_staff boolean NOT NULL,
    is_active boolean NOT NULL,
    date_joined timestamp with time zone NOT NULL
);


ALTER TABLE public.auth_user OWNER TO postgres;

--
-- Name: auth_user_groups; Type: TABLE; Schema: public; Owner: postgres
--

CREATE TABLE public.auth_user_groups (
    id bigint NOT NULL,
    user_id integer NOT NULL,
    group_id integer NOT NULL
);


ALTER TABLE public.auth_user_groups OWNER TO postgres;

--
-- Name: auth_user_groups_id_seq; Type: SEQUENCE; Schema: public; Owner: postgres
--

ALTER TABLE public.auth_user_groups ALTER COLUMN id ADD GENERATED BY DEFAULT AS IDENTITY (
    SEQUENCE NAME public.auth_user_groups_id_seq
    START WITH 1
    INCREMENT BY 1
    NO MINVALUE
    NO MAXVALUE
    CACHE 1
);


--
-- Name: auth_user_id_seq; Type: SEQUENCE; Schema: public; Owner: postgres
--

ALTER TABLE public.auth_user ALTER COLUMN id ADD GENERATED BY DEFAULT AS IDENTITY (
    SEQUENCE NAME public.auth_user_id_seq
    START WITH 1
    INCREMENT BY 1
    NO MINVALUE
    NO MAXVALUE
    CACHE 1
);


--
-- Name: auth_user_user_permissions; Type: TABLE; Schema: public; Owner: postgres
--

CREATE TABLE public.auth_user_user_permissions (
    id bigint NOT NULL,
    user_id integer NOT NULL,
    permission_id integer NOT NULL
);


ALTER TABLE public.auth_user_user_permissions OWNER TO postgres;

--
-- Name: auth_user_user_permissions_id_seq; Type: SEQUENCE; Schema: public; Owner: postgres
--

ALTER TABLE public.auth_user_user_permissions ALTER COLUMN id ADD GENERATED BY DEFAULT AS IDENTITY (
    SEQUENCE NAME public.auth_user_user_permissions_id_seq
    START WITH 1
    INCREMENT BY 1
    NO MINVALUE
    NO MAXVALUE
    CACHE 1
);


--
-- Name: core_jurnalarticlegalleryimage; Type: TABLE; Schema: public; Owner: postgres
--

CREATE TABLE public.core_jurnalarticlegalleryimage (
    id bigint NOT NULL,
    sort_order integer,
    caption character varying(140) NOT NULL,
    image_id integer,
    page_id integer NOT NULL
);


ALTER TABLE public.core_jurnalarticlegalleryimage OWNER TO postgres;

--
-- Name: core_jurnalarticlegalleryimage_id_seq; Type: SEQUENCE; Schema: public; Owner: postgres
--

ALTER TABLE public.core_jurnalarticlegalleryimage ALTER COLUMN id ADD GENERATED BY DEFAULT AS IDENTITY (
    SEQUENCE NAME public.core_jurnalarticlegalleryimage_id_seq
    START WITH 1
    INCREMENT BY 1
    NO MINVALUE
    NO MAXVALUE
    CACHE 1
);


--
-- Name: core_jurnalarticlepage; Type: TABLE; Schema: public; Owner: postgres
--

CREATE TABLE public.core_jurnalarticlepage (
    page_ptr_id integer NOT NULL,
    category character varying(60) NOT NULL,
    excerpt text NOT NULL,
    meta character varying(80) NOT NULL,
    body text NOT NULL,
    hero_image_id integer,
    videos jsonb NOT NULL
);


ALTER TABLE public.core_jurnalarticlepage OWNER TO postgres;

--
-- Name: core_jurnalindexpage; Type: TABLE; Schema: public; Owner: postgres
--

CREATE TABLE public.core_jurnalindexpage (
    page_ptr_id integer NOT NULL,
    label character varying(255) NOT NULL,
    subtitle character varying(255) NOT NULL,
    intro text NOT NULL
);


ALTER TABLE public.core_jurnalindexpage OWNER TO postgres;

--
-- Name: core_mainpagecontent; Type: TABLE; Schema: public; Owner: postgres
--

CREATE TABLE public.core_mainpagecontent (
    id bigint NOT NULL,
    hero_title character varying(255) NOT NULL,
    hero_subtitle text NOT NULL,
    manifest_label character varying(255) NOT NULL,
    manifest_title character varying(255) NOT NULL,
    manifest_text text NOT NULL,
    hero_bg_image_id integer,
    site_id integer NOT NULL,
    hero_kicker character varying(255) NOT NULL,
    filosofie_cta_text character varying(255) NOT NULL,
    filosofie_image_2_id integer,
    filosofie_intro text NOT NULL,
    filosofie_label character varying(255) NOT NULL,
    filosofie_paragraph_1 text NOT NULL,
    filosofie_paragraph_2 text NOT NULL,
    filosofie_quote text NOT NULL,
    filosofie_title_line_1 character varying(255) NOT NULL,
    filosofie_title_line_2 character varying(255) NOT NULL,
    spatiul_image_1_id integer,
    spatiul_label character varying(255) NOT NULL,
    spatiul_paragraph text NOT NULL,
    spatiul_quote text NOT NULL,
    spatiul_stat_1_label character varying(64) NOT NULL,
    spatiul_stat_1_value character varying(32) NOT NULL,
    spatiul_stat_2_label character varying(64) NOT NULL,
    spatiul_stat_2_value character varying(32) NOT NULL,
    spatiul_stat_3_label character varying(64) NOT NULL,
    spatiul_stat_3_value character varying(32) NOT NULL,
    spatiul_title character varying(255) NOT NULL,
    testimonial_1_name character varying(120) NOT NULL,
    testimonial_1_quote text NOT NULL,
    testimonial_1_role character varying(255) NOT NULL,
    testimonial_2_name character varying(120) NOT NULL,
    testimonial_2_quote text NOT NULL,
    testimonial_2_role character varying(255) NOT NULL,
    testimonial_3_name character varying(120) NOT NULL,
    testimonial_3_quote text NOT NULL,
    testimonial_3_role character varying(255) NOT NULL,
    testimonial_4_name character varying(120) NOT NULL,
    testimonial_4_quote text NOT NULL,
    testimonial_4_role character varying(255) NOT NULL,
    testimonial_5_name character varying(120) NOT NULL,
    testimonial_5_quote text NOT NULL,
    testimonial_5_role character varying(255) NOT NULL,
    testimoniale_title character varying(255) NOT NULL,
    manifest_card_1_text text NOT NULL,
    manifest_card_1_title character varying(255) NOT NULL,
    manifest_card_2_text text NOT NULL,
    manifest_card_2_title character varying(255) NOT NULL,
    manifest_card_3_text text NOT NULL,
    manifest_card_3_title character varying(255) NOT NULL,
    spatiul_hidden_keywords text NOT NULL,
    spatiul_seo_blurb text NOT NULL,
    spatiul_stat_1_sublabel character varying(80) NOT NULL,
    spatiul_stat_2_sublabel character varying(80) NOT NULL,
    spatiul_stat_3_sublabel character varying(80) NOT NULL,
    filosofie_paragraph text NOT NULL
);


ALTER TABLE public.core_mainpagecontent OWNER TO postgres;

--
-- Name: core_mainpagecontent_id_seq; Type: SEQUENCE; Schema: public; Owner: postgres
--

ALTER TABLE public.core_mainpagecontent ALTER COLUMN id ADD GENERATED BY DEFAULT AS IDENTITY (
    SEQUENCE NAME public.core_mainpagecontent_id_seq
    START WITH 1
    INCREMENT BY 1
    NO MINVALUE
    NO MAXVALUE
    CACHE 1
);


--
-- Name: core_membershipapplication; Type: TABLE; Schema: public; Owner: postgres
--

CREATE TABLE public.core_membershipapplication (
    id bigint NOT NULL,
    created_at timestamp with time zone NOT NULL,
    parent_name character varying(120) NOT NULL,
    phone character varying(50) NOT NULL,
    email character varying(254) NOT NULL,
    child_name character varying(120) NOT NULL,
    child_age character varying(20) NOT NULL,
    expectation character varying(20) NOT NULL,
    source character varying(60) NOT NULL,
    art_relationship text NOT NULL,
    qa_json jsonb,
    ip_address inet,
    raw_payload jsonb,
    user_agent text NOT NULL
);


ALTER TABLE public.core_membershipapplication OWNER TO postgres;

--
-- Name: core_membershipapplication_id_seq; Type: SEQUENCE; Schema: public; Owner: postgres
--

ALTER TABLE public.core_membershipapplication ALTER COLUMN id ADD GENERATED BY DEFAULT AS IDENTITY (
    SEQUENCE NAME public.core_membershipapplication_id_seq
    START WITH 1
    INCREMENT BY 1
    NO MINVALUE
    NO MAXVALUE
    CACHE 1
);


--
-- Name: core_membershipqaitem; Type: TABLE; Schema: public; Owner: postgres
--

CREATE TABLE public.core_membershipqaitem (
    id bigint NOT NULL,
    question character varying(255) NOT NULL,
    answer text NOT NULL,
    "order" integer NOT NULL,
    application_id bigint NOT NULL,
    CONSTRAINT core_membershipqaitem_order_check CHECK (("order" >= 0))
);


ALTER TABLE public.core_membershipqaitem OWNER TO postgres;

--
-- Name: core_membershipqaitem_id_seq; Type: SEQUENCE; Schema: public; Owner: postgres
--

ALTER TABLE public.core_membershipqaitem ALTER COLUMN id ADD GENERATED BY DEFAULT AS IDENTITY (
    SEQUENCE NAME public.core_membershipqaitem_id_seq
    START WITH 1
    INCREMENT BY 1
    NO MINVALUE
    NO MAXVALUE
    CACHE 1
);


--
-- Name: core_membershipquestion; Type: TABLE; Schema: public; Owner: postgres
--

CREATE TABLE public.core_membershipquestion (
    id bigint NOT NULL,
    key character varying(60) NOT NULL,
    question_text character varying(255) NOT NULL,
    suggested_answer text NOT NULL,
    required boolean NOT NULL,
    is_active boolean NOT NULL,
    "order" integer NOT NULL,
    CONSTRAINT core_membershipquestion_order_check CHECK (("order" >= 0))
);


ALTER TABLE public.core_membershipquestion OWNER TO postgres;

--
-- Name: core_membershipquestion_id_seq; Type: SEQUENCE; Schema: public; Owner: postgres
--

ALTER TABLE public.core_membershipquestion ALTER COLUMN id ADD GENERATED BY DEFAULT AS IDENTITY (
    SEQUENCE NAME public.core_membershipquestion_id_seq
    START WITH 1
    INCREMENT BY 1
    NO MINVALUE
    NO MAXVALUE
    CACHE 1
);


--
-- Name: core_membrieformcontent; Type: TABLE; Schema: public; Owner: postgres
--

CREATE TABLE public.core_membrieformcontent (
    id bigint NOT NULL,
    form_kicker character varying(80) NOT NULL,
    form_title character varying(255) NOT NULL,
    loading_text character varying(120) NOT NULL,
    step_label_template character varying(120) NOT NULL,
    final_label character varying(60) NOT NULL,
    back_button character varying(60) NOT NULL,
    continue_button character varying(60) NOT NULL,
    submit_button character varying(120) NOT NULL,
    submitting_button character varying(120) NOT NULL,
    step1_title character varying(120) NOT NULL,
    step1_subtitle character varying(255) NOT NULL,
    parent_name_label character varying(120) NOT NULL,
    parent_name_placeholder character varying(255) NOT NULL,
    phone_label character varying(120) NOT NULL,
    phone_placeholder character varying(255) NOT NULL,
    email_label character varying(120) NOT NULL,
    email_placeholder character varying(255) NOT NULL,
    step2_title character varying(120) NOT NULL,
    step2_subtitle character varying(255) NOT NULL,
    child_name_label character varying(120) NOT NULL,
    child_name_placeholder character varying(255) NOT NULL,
    child_age_label character varying(120) NOT NULL,
    child_age_placeholder character varying(255) NOT NULL,
    step3_title_fallback character varying(120) NOT NULL,
    step3_subtitle_fallback character varying(255) NOT NULL,
    step3_placeholder_fallback character varying(255) NOT NULL,
    step3_min_chars_label character varying(120) NOT NULL,
    step4_title character varying(120) NOT NULL,
    step4_subtitle character varying(255) NOT NULL,
    expectation_hobby_title character varying(80) NOT NULL,
    expectation_hobby_desc character varying(255) NOT NULL,
    expectation_performance_title character varying(120) NOT NULL,
    expectation_performance_desc character varying(255) NOT NULL,
    success_title character varying(255) NOT NULL,
    success_subtitle character varying(255) NOT NULL,
    success_reset_button character varying(120) NOT NULL,
    site_id integer NOT NULL,
    questions jsonb NOT NULL
);


ALTER TABLE public.core_membrieformcontent OWNER TO postgres;

--
-- Name: core_membrieformcontent_id_seq; Type: SEQUENCE; Schema: public; Owner: postgres
--

ALTER TABLE public.core_membrieformcontent ALTER COLUMN id ADD GENERATED BY DEFAULT AS IDENTITY (
    SEQUENCE NAME public.core_membrieformcontent_id_seq
    START WITH 1
    INCREMENT BY 1
    NO MINVALUE
    NO MAXVALUE
    CACHE 1
);


--
-- Name: core_newslettersubscriber; Type: TABLE; Schema: public; Owner: postgres
--

CREATE TABLE public.core_newslettersubscriber (
    id bigint NOT NULL,
    email character varying(254) NOT NULL,
    created_at timestamp with time zone NOT NULL,
    ip_address inet,
    user_agent character varying(255) NOT NULL,
    source character varying(60) NOT NULL,
    is_active boolean NOT NULL,
    confirm_sent_at timestamp with time zone,
    confirm_token character varying(128) NOT NULL,
    confirmed_at timestamp with time zone
);


ALTER TABLE public.core_newslettersubscriber OWNER TO postgres;

--
-- Name: core_newslettersubscriber_id_seq; Type: SEQUENCE; Schema: public; Owner: postgres
--

ALTER TABLE public.core_newslettersubscriber ALTER COLUMN id ADD GENERATED BY DEFAULT AS IDENTITY (
    SEQUENCE NAME public.core_newslettersubscriber_id_seq
    START WITH 1
    INCREMENT BY 1
    NO MINVALUE
    NO MAXVALUE
    CACHE 1
);


--
-- Name: django_admin_log; Type: TABLE; Schema: public; Owner: postgres
--

CREATE TABLE public.django_admin_log (
    id integer NOT NULL,
    action_time timestamp with time zone NOT NULL,
    object_id text,
    object_repr character varying(200) NOT NULL,
    action_flag smallint NOT NULL,
    change_message text NOT NULL,
    content_type_id integer,
    user_id integer NOT NULL,
    CONSTRAINT django_admin_log_action_flag_check CHECK ((action_flag >= 0))
);


ALTER TABLE public.django_admin_log OWNER TO postgres;

--
-- Name: django_admin_log_id_seq; Type: SEQUENCE; Schema: public; Owner: postgres
--

ALTER TABLE public.django_admin_log ALTER COLUMN id ADD GENERATED BY DEFAULT AS IDENTITY (
    SEQUENCE NAME public.django_admin_log_id_seq
    START WITH 1
    INCREMENT BY 1
    NO MINVALUE
    NO MAXVALUE
    CACHE 1
);


--
-- Name: django_content_type; Type: TABLE; Schema: public; Owner: postgres
--

CREATE TABLE public.django_content_type (
    id integer NOT NULL,
    app_label character varying(100) NOT NULL,
    model character varying(100) NOT NULL
);


ALTER TABLE public.django_content_type OWNER TO postgres;

--
-- Name: django_content_type_id_seq; Type: SEQUENCE; Schema: public; Owner: postgres
--

ALTER TABLE public.django_content_type ALTER COLUMN id ADD GENERATED BY DEFAULT AS IDENTITY (
    SEQUENCE NAME public.django_content_type_id_seq
    START WITH 1
    INCREMENT BY 1
    NO MINVALUE
    NO MAXVALUE
    CACHE 1
);


--
-- Name: django_migrations; Type: TABLE; Schema: public; Owner: postgres
--

CREATE TABLE public.django_migrations (
    id bigint NOT NULL,
    app character varying(255) NOT NULL,
    name character varying(255) NOT NULL,
    applied timestamp with time zone NOT NULL
);


ALTER TABLE public.django_migrations OWNER TO postgres;

--
-- Name: django_migrations_id_seq; Type: SEQUENCE; Schema: public; Owner: postgres
--

ALTER TABLE public.django_migrations ALTER COLUMN id ADD GENERATED BY DEFAULT AS IDENTITY (
    SEQUENCE NAME public.django_migrations_id_seq
    START WITH 1
    INCREMENT BY 1
    NO MINVALUE
    NO MAXVALUE
    CACHE 1
);


--
-- Name: django_session; Type: TABLE; Schema: public; Owner: postgres
--

CREATE TABLE public.django_session (
    session_key character varying(40) NOT NULL,
    session_data text NOT NULL,
    expire_date timestamp with time zone NOT NULL
);


ALTER TABLE public.django_session OWNER TO postgres;

--
-- Name: home_homepage; Type: TABLE; Schema: public; Owner: postgres
--

CREATE TABLE public.home_homepage (
    page_ptr_id integer NOT NULL
);


ALTER TABLE public.home_homepage OWNER TO postgres;

--
-- Name: taggit_tag; Type: TABLE; Schema: public; Owner: postgres
--

CREATE TABLE public.taggit_tag (
    id integer NOT NULL,
    name character varying(100) NOT NULL,
    slug character varying(100) NOT NULL
);


ALTER TABLE public.taggit_tag OWNER TO postgres;

--
-- Name: taggit_tag_id_seq; Type: SEQUENCE; Schema: public; Owner: postgres
--

ALTER TABLE public.taggit_tag ALTER COLUMN id ADD GENERATED BY DEFAULT AS IDENTITY (
    SEQUENCE NAME public.taggit_tag_id_seq
    START WITH 1
    INCREMENT BY 1
    NO MINVALUE
    NO MAXVALUE
    CACHE 1
);


--
-- Name: taggit_taggeditem; Type: TABLE; Schema: public; Owner: postgres
--

CREATE TABLE public.taggit_taggeditem (
    id integer NOT NULL,
    object_id integer NOT NULL,
    content_type_id integer NOT NULL,
    tag_id integer NOT NULL
);


ALTER TABLE public.taggit_taggeditem OWNER TO postgres;

--
-- Name: taggit_taggeditem_id_seq; Type: SEQUENCE; Schema: public; Owner: postgres
--

ALTER TABLE public.taggit_taggeditem ALTER COLUMN id ADD GENERATED BY DEFAULT AS IDENTITY (
    SEQUENCE NAME public.taggit_taggeditem_id_seq
    START WITH 1
    INCREMENT BY 1
    NO MINVALUE
    NO MAXVALUE
    CACHE 1
);


--
-- Name: wagtailadmin_admin; Type: TABLE; Schema: public; Owner: postgres
--

CREATE TABLE public.wagtailadmin_admin (
    id integer NOT NULL
);


ALTER TABLE public.wagtailadmin_admin OWNER TO postgres;

--
-- Name: wagtailadmin_admin_id_seq; Type: SEQUENCE; Schema: public; Owner: postgres
--

ALTER TABLE public.wagtailadmin_admin ALTER COLUMN id ADD GENERATED BY DEFAULT AS IDENTITY (
    SEQUENCE NAME public.wagtailadmin_admin_id_seq
    START WITH 1
    INCREMENT BY 1
    NO MINVALUE
    NO MAXVALUE
    CACHE 1
);


--
-- Name: wagtailadmin_editingsession; Type: TABLE; Schema: public; Owner: postgres
--

CREATE TABLE public.wagtailadmin_editingsession (
    id integer NOT NULL,
    object_id character varying(255) NOT NULL,
    last_seen_at timestamp with time zone NOT NULL,
    content_type_id integer NOT NULL,
    user_id integer NOT NULL,
    is_editing boolean NOT NULL
);


ALTER TABLE public.wagtailadmin_editingsession OWNER TO postgres;

--
-- Name: wagtailadmin_editingsession_id_seq; Type: SEQUENCE; Schema: public; Owner: postgres
--

ALTER TABLE public.wagtailadmin_editingsession ALTER COLUMN id ADD GENERATED BY DEFAULT AS IDENTITY (
    SEQUENCE NAME public.wagtailadmin_editingsession_id_seq
    START WITH 1
    INCREMENT BY 1
    NO MINVALUE
    NO MAXVALUE
    CACHE 1
);


--
-- Name: wagtailcore_collection; Type: TABLE; Schema: public; Owner: postgres
--

CREATE TABLE public.wagtailcore_collection (
    id integer NOT NULL,
    path character varying(255) NOT NULL COLLATE pg_catalog."C",
    depth integer NOT NULL,
    numchild integer NOT NULL,
    name character varying(255) NOT NULL,
    CONSTRAINT wagtailcore_collection_depth_check CHECK ((depth >= 0)),
    CONSTRAINT wagtailcore_collection_numchild_check CHECK ((numchild >= 0))
);


ALTER TABLE public.wagtailcore_collection OWNER TO postgres;

--
-- Name: wagtailcore_collection_id_seq; Type: SEQUENCE; Schema: public; Owner: postgres
--

ALTER TABLE public.wagtailcore_collection ALTER COLUMN id ADD GENERATED BY DEFAULT AS IDENTITY (
    SEQUENCE NAME public.wagtailcore_collection_id_seq
    START WITH 1
    INCREMENT BY 1
    NO MINVALUE
    NO MAXVALUE
    CACHE 1
);


--
-- Name: wagtailcore_collectionviewrestriction; Type: TABLE; Schema: public; Owner: postgres
--

CREATE TABLE public.wagtailcore_collectionviewrestriction (
    id integer NOT NULL,
    restriction_type character varying(20) NOT NULL,
    password character varying(255) NOT NULL,
    collection_id integer NOT NULL
);


ALTER TABLE public.wagtailcore_collectionviewrestriction OWNER TO postgres;

--
-- Name: wagtailcore_collectionviewrestriction_groups; Type: TABLE; Schema: public; Owner: postgres
--

CREATE TABLE public.wagtailcore_collectionviewrestriction_groups (
    id bigint NOT NULL,
    collectionviewrestriction_id integer NOT NULL,
    group_id integer NOT NULL
);


ALTER TABLE public.wagtailcore_collectionviewrestriction_groups OWNER TO postgres;

--
-- Name: wagtailcore_collectionviewrestriction_groups_id_seq; Type: SEQUENCE; Schema: public; Owner: postgres
--

ALTER TABLE public.wagtailcore_collectionviewrestriction_groups ALTER COLUMN id ADD GENERATED BY DEFAULT AS IDENTITY (
    SEQUENCE NAME public.wagtailcore_collectionviewrestriction_groups_id_seq
    START WITH 1
    INCREMENT BY 1
    NO MINVALUE
    NO MAXVALUE
    CACHE 1
);


--
-- Name: wagtailcore_collectionviewrestriction_id_seq; Type: SEQUENCE; Schema: public; Owner: postgres
--

ALTER TABLE public.wagtailcore_collectionviewrestriction ALTER COLUMN id ADD GENERATED BY DEFAULT AS IDENTITY (
    SEQUENCE NAME public.wagtailcore_collectionviewrestriction_id_seq
    START WITH 1
    INCREMENT BY 1
    NO MINVALUE
    NO MAXVALUE
    CACHE 1
);


--
-- Name: wagtailcore_comment; Type: TABLE; Schema: public; Owner: postgres
--

CREATE TABLE public.wagtailcore_comment (
    id integer NOT NULL,
    text text NOT NULL,
    contentpath text NOT NULL,
    "position" text NOT NULL,
    created_at timestamp with time zone NOT NULL,
    updated_at timestamp with time zone NOT NULL,
    resolved_at timestamp with time zone,
    page_id integer NOT NULL,
    resolved_by_id integer,
    revision_created_id integer,
    user_id integer NOT NULL
);


ALTER TABLE public.wagtailcore_comment OWNER TO postgres;

--
-- Name: wagtailcore_comment_id_seq; Type: SEQUENCE; Schema: public; Owner: postgres
--

ALTER TABLE public.wagtailcore_comment ALTER COLUMN id ADD GENERATED BY DEFAULT AS IDENTITY (
    SEQUENCE NAME public.wagtailcore_comment_id_seq
    START WITH 1
    INCREMENT BY 1
    NO MINVALUE
    NO MAXVALUE
    CACHE 1
);


--
-- Name: wagtailcore_commentreply; Type: TABLE; Schema: public; Owner: postgres
--

CREATE TABLE public.wagtailcore_commentreply (
    id integer NOT NULL,
    text text NOT NULL,
    created_at timestamp with time zone NOT NULL,
    updated_at timestamp with time zone NOT NULL,
    comment_id integer NOT NULL,
    user_id integer NOT NULL
);


ALTER TABLE public.wagtailcore_commentreply OWNER TO postgres;

--
-- Name: wagtailcore_commentreply_id_seq; Type: SEQUENCE; Schema: public; Owner: postgres
--

ALTER TABLE public.wagtailcore_commentreply ALTER COLUMN id ADD GENERATED BY DEFAULT AS IDENTITY (
    SEQUENCE NAME public.wagtailcore_commentreply_id_seq
    START WITH 1
    INCREMENT BY 1
    NO MINVALUE
    NO MAXVALUE
    CACHE 1
);


--
-- Name: wagtailcore_groupapprovaltask; Type: TABLE; Schema: public; Owner: postgres
--

CREATE TABLE public.wagtailcore_groupapprovaltask (
    task_ptr_id integer NOT NULL
);


ALTER TABLE public.wagtailcore_groupapprovaltask OWNER TO postgres;

--
-- Name: wagtailcore_groupapprovaltask_groups; Type: TABLE; Schema: public; Owner: postgres
--

CREATE TABLE public.wagtailcore_groupapprovaltask_groups (
    id bigint NOT NULL,
    groupapprovaltask_id integer NOT NULL,
    group_id integer NOT NULL
);


ALTER TABLE public.wagtailcore_groupapprovaltask_groups OWNER TO postgres;

--
-- Name: wagtailcore_groupapprovaltask_groups_id_seq; Type: SEQUENCE; Schema: public; Owner: postgres
--

ALTER TABLE public.wagtailcore_groupapprovaltask_groups ALTER COLUMN id ADD GENERATED BY DEFAULT AS IDENTITY (
    SEQUENCE NAME public.wagtailcore_groupapprovaltask_groups_id_seq
    START WITH 1
    INCREMENT BY 1
    NO MINVALUE
    NO MAXVALUE
    CACHE 1
);


--
-- Name: wagtailcore_groupcollectionpermission; Type: TABLE; Schema: public; Owner: postgres
--

CREATE TABLE public.wagtailcore_groupcollectionpermission (
    id integer NOT NULL,
    collection_id integer NOT NULL,
    group_id integer NOT NULL,
    permission_id integer NOT NULL
);


ALTER TABLE public.wagtailcore_groupcollectionpermission OWNER TO postgres;

--
-- Name: wagtailcore_groupcollectionpermission_id_seq; Type: SEQUENCE; Schema: public; Owner: postgres
--

ALTER TABLE public.wagtailcore_groupcollectionpermission ALTER COLUMN id ADD GENERATED BY DEFAULT AS IDENTITY (
    SEQUENCE NAME public.wagtailcore_groupcollectionpermission_id_seq
    START WITH 1
    INCREMENT BY 1
    NO MINVALUE
    NO MAXVALUE
    CACHE 1
);


--
-- Name: wagtailcore_grouppagepermission; Type: TABLE; Schema: public; Owner: postgres
--

CREATE TABLE public.wagtailcore_grouppagepermission (
    id integer NOT NULL,
    group_id integer NOT NULL,
    page_id integer NOT NULL,
    permission_id integer NOT NULL
);


ALTER TABLE public.wagtailcore_grouppagepermission OWNER TO postgres;

--
-- Name: wagtailcore_grouppagepermission_id_seq; Type: SEQUENCE; Schema: public; Owner: postgres
--

ALTER TABLE public.wagtailcore_grouppagepermission ALTER COLUMN id ADD GENERATED BY DEFAULT AS IDENTITY (
    SEQUENCE NAME public.wagtailcore_grouppagepermission_id_seq
    START WITH 1
    INCREMENT BY 1
    NO MINVALUE
    NO MAXVALUE
    CACHE 1
);


--
-- Name: wagtailcore_groupsitepermission; Type: TABLE; Schema: public; Owner: postgres
--

CREATE TABLE public.wagtailcore_groupsitepermission (
    id integer NOT NULL,
    group_id integer NOT NULL,
    permission_id integer NOT NULL,
    site_id integer NOT NULL
);


ALTER TABLE public.wagtailcore_groupsitepermission OWNER TO postgres;

--
-- Name: wagtailcore_groupsitepermission_id_seq; Type: SEQUENCE; Schema: public; Owner: postgres
--

ALTER TABLE public.wagtailcore_groupsitepermission ALTER COLUMN id ADD GENERATED BY DEFAULT AS IDENTITY (
    SEQUENCE NAME public.wagtailcore_groupsitepermission_id_seq
    START WITH 1
    INCREMENT BY 1
    NO MINVALUE
    NO MAXVALUE
    CACHE 1
);


--
-- Name: wagtailcore_locale; Type: TABLE; Schema: public; Owner: postgres
--

CREATE TABLE public.wagtailcore_locale (
    id integer NOT NULL,
    language_code character varying(100) NOT NULL
);


ALTER TABLE public.wagtailcore_locale OWNER TO postgres;

--
-- Name: wagtailcore_locale_id_seq; Type: SEQUENCE; Schema: public; Owner: postgres
--

ALTER TABLE public.wagtailcore_locale ALTER COLUMN id ADD GENERATED BY DEFAULT AS IDENTITY (
    SEQUENCE NAME public.wagtailcore_locale_id_seq
    START WITH 1
    INCREMENT BY 1
    NO MINVALUE
    NO MAXVALUE
    CACHE 1
);


--
-- Name: wagtailcore_modellogentry; Type: TABLE; Schema: public; Owner: postgres
--

CREATE TABLE public.wagtailcore_modellogentry (
    id integer NOT NULL,
    label text NOT NULL,
    action character varying(255) NOT NULL,
    data jsonb NOT NULL,
    "timestamp" timestamp with time zone NOT NULL,
    content_changed boolean NOT NULL,
    deleted boolean NOT NULL,
    object_id character varying(255) NOT NULL,
    content_type_id integer,
    user_id integer,
    uuid uuid,
    revision_id integer
);


ALTER TABLE public.wagtailcore_modellogentry OWNER TO postgres;

--
-- Name: wagtailcore_modellogentry_id_seq; Type: SEQUENCE; Schema: public; Owner: postgres
--

ALTER TABLE public.wagtailcore_modellogentry ALTER COLUMN id ADD GENERATED BY DEFAULT AS IDENTITY (
    SEQUENCE NAME public.wagtailcore_modellogentry_id_seq
    START WITH 1
    INCREMENT BY 1
    NO MINVALUE
    NO MAXVALUE
    CACHE 1
);


--
-- Name: wagtailcore_page; Type: TABLE; Schema: public; Owner: postgres
--

CREATE TABLE public.wagtailcore_page (
    id integer NOT NULL,
    path character varying(255) NOT NULL COLLATE pg_catalog."C",
    depth integer NOT NULL,
    numchild integer NOT NULL,
    title character varying(255) NOT NULL,
    slug character varying(255) NOT NULL,
    live boolean NOT NULL,
    has_unpublished_changes boolean NOT NULL,
    url_path text NOT NULL,
    seo_title character varying(255) NOT NULL,
    show_in_menus boolean NOT NULL,
    search_description text NOT NULL,
    go_live_at timestamp with time zone,
    expire_at timestamp with time zone,
    expired boolean NOT NULL,
    content_type_id integer NOT NULL,
    owner_id integer,
    locked boolean NOT NULL,
    latest_revision_created_at timestamp with time zone,
    first_published_at timestamp with time zone,
    live_revision_id integer,
    last_published_at timestamp with time zone,
    draft_title character varying(255) NOT NULL,
    locked_at timestamp with time zone,
    locked_by_id integer,
    translation_key uuid NOT NULL,
    locale_id integer NOT NULL,
    alias_of_id integer,
    latest_revision_id integer,
    CONSTRAINT wagtailcore_page_depth_check CHECK ((depth >= 0)),
    CONSTRAINT wagtailcore_page_numchild_check CHECK ((numchild >= 0))
);


ALTER TABLE public.wagtailcore_page OWNER TO postgres;

--
-- Name: wagtailcore_page_id_seq; Type: SEQUENCE; Schema: public; Owner: postgres
--

ALTER TABLE public.wagtailcore_page ALTER COLUMN id ADD GENERATED BY DEFAULT AS IDENTITY (
    SEQUENCE NAME public.wagtailcore_page_id_seq
    START WITH 1
    INCREMENT BY 1
    NO MINVALUE
    NO MAXVALUE
    CACHE 1
);


--
-- Name: wagtailcore_pagelogentry; Type: TABLE; Schema: public; Owner: postgres
--

CREATE TABLE public.wagtailcore_pagelogentry (
    id integer NOT NULL,
    label text NOT NULL,
    action character varying(255) NOT NULL,
    data jsonb NOT NULL,
    "timestamp" timestamp with time zone NOT NULL,
    content_changed boolean NOT NULL,
    deleted boolean NOT NULL,
    content_type_id integer,
    page_id integer NOT NULL,
    revision_id integer,
    user_id integer,
    uuid uuid
);


ALTER TABLE public.wagtailcore_pagelogentry OWNER TO postgres;

--
-- Name: wagtailcore_pagelogentry_id_seq; Type: SEQUENCE; Schema: public; Owner: postgres
--

ALTER TABLE public.wagtailcore_pagelogentry ALTER COLUMN id ADD GENERATED BY DEFAULT AS IDENTITY (
    SEQUENCE NAME public.wagtailcore_pagelogentry_id_seq
    START WITH 1
    INCREMENT BY 1
    NO MINVALUE
    NO MAXVALUE
    CACHE 1
);


--
-- Name: wagtailcore_revision; Type: TABLE; Schema: public; Owner: postgres
--

CREATE TABLE public.wagtailcore_revision (
    id integer NOT NULL,
    created_at timestamp with time zone NOT NULL,
    content jsonb NOT NULL,
    approved_go_live_at timestamp with time zone,
    object_id character varying(255) NOT NULL,
    user_id integer,
    content_type_id integer NOT NULL,
    base_content_type_id integer NOT NULL,
    object_str text NOT NULL
);


ALTER TABLE public.wagtailcore_revision OWNER TO postgres;

--
-- Name: wagtailcore_pagerevision_id_seq; Type: SEQUENCE; Schema: public; Owner: postgres
--

ALTER TABLE public.wagtailcore_revision ALTER COLUMN id ADD GENERATED BY DEFAULT AS IDENTITY (
    SEQUENCE NAME public.wagtailcore_pagerevision_id_seq
    START WITH 1
    INCREMENT BY 1
    NO MINVALUE
    NO MAXVALUE
    CACHE 1
);


--
-- Name: wagtailcore_pagesubscription; Type: TABLE; Schema: public; Owner: postgres
--

CREATE TABLE public.wagtailcore_pagesubscription (
    id integer NOT NULL,
    comment_notifications boolean NOT NULL,
    page_id integer NOT NULL,
    user_id integer NOT NULL
);


ALTER TABLE public.wagtailcore_pagesubscription OWNER TO postgres;

--
-- Name: wagtailcore_pagesubscription_id_seq; Type: SEQUENCE; Schema: public; Owner: postgres
--

ALTER TABLE public.wagtailcore_pagesubscription ALTER COLUMN id ADD GENERATED BY DEFAULT AS IDENTITY (
    SEQUENCE NAME public.wagtailcore_pagesubscription_id_seq
    START WITH 1
    INCREMENT BY 1
    NO MINVALUE
    NO MAXVALUE
    CACHE 1
);


--
-- Name: wagtailcore_pageviewrestriction; Type: TABLE; Schema: public; Owner: postgres
--

CREATE TABLE public.wagtailcore_pageviewrestriction (
    id integer NOT NULL,
    password character varying(255) NOT NULL,
    page_id integer NOT NULL,
    restriction_type character varying(20) NOT NULL
);


ALTER TABLE public.wagtailcore_pageviewrestriction OWNER TO postgres;

--
-- Name: wagtailcore_pageviewrestriction_groups; Type: TABLE; Schema: public; Owner: postgres
--

CREATE TABLE public.wagtailcore_pageviewrestriction_groups (
    id bigint NOT NULL,
    pageviewrestriction_id integer NOT NULL,
    group_id integer NOT NULL
);


ALTER TABLE public.wagtailcore_pageviewrestriction_groups OWNER TO postgres;

--
-- Name: wagtailcore_pageviewrestriction_groups_id_seq; Type: SEQUENCE; Schema: public; Owner: postgres
--

ALTER TABLE public.wagtailcore_pageviewrestriction_groups ALTER COLUMN id ADD GENERATED BY DEFAULT AS IDENTITY (
    SEQUENCE NAME public.wagtailcore_pageviewrestriction_groups_id_seq
    START WITH 1
    INCREMENT BY 1
    NO MINVALUE
    NO MAXVALUE
    CACHE 1
);


--
-- Name: wagtailcore_pageviewrestriction_id_seq; Type: SEQUENCE; Schema: public; Owner: postgres
--

ALTER TABLE public.wagtailcore_pageviewrestriction ALTER COLUMN id ADD GENERATED BY DEFAULT AS IDENTITY (
    SEQUENCE NAME public.wagtailcore_pageviewrestriction_id_seq
    START WITH 1
    INCREMENT BY 1
    NO MINVALUE
    NO MAXVALUE
    CACHE 1
);


--
-- Name: wagtailcore_referenceindex; Type: TABLE; Schema: public; Owner: postgres
--

CREATE TABLE public.wagtailcore_referenceindex (
    id integer NOT NULL,
    object_id character varying(255) NOT NULL,
    to_object_id character varying(255) NOT NULL,
    model_path text NOT NULL,
    content_path text NOT NULL,
    content_path_hash uuid NOT NULL,
    base_content_type_id integer NOT NULL,
    content_type_id integer NOT NULL,
    to_content_type_id integer NOT NULL
);


ALTER TABLE public.wagtailcore_referenceindex OWNER TO postgres;

--
-- Name: wagtailcore_referenceindex_id_seq; Type: SEQUENCE; Schema: public; Owner: postgres
--

ALTER TABLE public.wagtailcore_referenceindex ALTER COLUMN id ADD GENERATED BY DEFAULT AS IDENTITY (
    SEQUENCE NAME public.wagtailcore_referenceindex_id_seq
    START WITH 1
    INCREMENT BY 1
    NO MINVALUE
    NO MAXVALUE
    CACHE 1
);


--
-- Name: wagtailcore_site; Type: TABLE; Schema: public; Owner: postgres
--

CREATE TABLE public.wagtailcore_site (
    id integer NOT NULL,
    hostname character varying(255) NOT NULL,
    port integer NOT NULL,
    is_default_site boolean NOT NULL,
    root_page_id integer NOT NULL,
    site_name character varying(255) NOT NULL
);


ALTER TABLE public.wagtailcore_site OWNER TO postgres;

--
-- Name: wagtailcore_site_id_seq; Type: SEQUENCE; Schema: public; Owner: postgres
--

ALTER TABLE public.wagtailcore_site ALTER COLUMN id ADD GENERATED BY DEFAULT AS IDENTITY (
    SEQUENCE NAME public.wagtailcore_site_id_seq
    START WITH 1
    INCREMENT BY 1
    NO MINVALUE
    NO MAXVALUE
    CACHE 1
);


--
-- Name: wagtailcore_task; Type: TABLE; Schema: public; Owner: postgres
--

CREATE TABLE public.wagtailcore_task (
    id integer NOT NULL,
    name character varying(255) NOT NULL,
    active boolean NOT NULL,
    content_type_id integer NOT NULL
);


ALTER TABLE public.wagtailcore_task OWNER TO postgres;

--
-- Name: wagtailcore_task_id_seq; Type: SEQUENCE; Schema: public; Owner: postgres
--

ALTER TABLE public.wagtailcore_task ALTER COLUMN id ADD GENERATED BY DEFAULT AS IDENTITY (
    SEQUENCE NAME public.wagtailcore_task_id_seq
    START WITH 1
    INCREMENT BY 1
    NO MINVALUE
    NO MAXVALUE
    CACHE 1
);


--
-- Name: wagtailcore_taskstate; Type: TABLE; Schema: public; Owner: postgres
--

CREATE TABLE public.wagtailcore_taskstate (
    id integer NOT NULL,
    status character varying(50) NOT NULL,
    started_at timestamp with time zone NOT NULL,
    finished_at timestamp with time zone,
    content_type_id integer NOT NULL,
    revision_id integer NOT NULL,
    task_id integer NOT NULL,
    workflow_state_id integer NOT NULL,
    finished_by_id integer,
    comment text NOT NULL
);


ALTER TABLE public.wagtailcore_taskstate OWNER TO postgres;

--
-- Name: wagtailcore_taskstate_id_seq; Type: SEQUENCE; Schema: public; Owner: postgres
--

ALTER TABLE public.wagtailcore_taskstate ALTER COLUMN id ADD GENERATED BY DEFAULT AS IDENTITY (
    SEQUENCE NAME public.wagtailcore_taskstate_id_seq
    START WITH 1
    INCREMENT BY 1
    NO MINVALUE
    NO MAXVALUE
    CACHE 1
);


--
-- Name: wagtailcore_uploadedfile; Type: TABLE; Schema: public; Owner: postgres
--

CREATE TABLE public.wagtailcore_uploadedfile (
    id integer NOT NULL,
    file character varying(200) NOT NULL,
    for_content_type_id integer,
    uploaded_by_user_id integer
);


ALTER TABLE public.wagtailcore_uploadedfile OWNER TO postgres;

--
-- Name: wagtailcore_uploadedfile_id_seq; Type: SEQUENCE; Schema: public; Owner: postgres
--

ALTER TABLE public.wagtailcore_uploadedfile ALTER COLUMN id ADD GENERATED BY DEFAULT AS IDENTITY (
    SEQUENCE NAME public.wagtailcore_uploadedfile_id_seq
    START WITH 1
    INCREMENT BY 1
    NO MINVALUE
    NO MAXVALUE
    CACHE 1
);


--
-- Name: wagtailcore_workflow; Type: TABLE; Schema: public; Owner: postgres
--

CREATE TABLE public.wagtailcore_workflow (
    id integer NOT NULL,
    name character varying(255) NOT NULL,
    active boolean NOT NULL
);


ALTER TABLE public.wagtailcore_workflow OWNER TO postgres;

--
-- Name: wagtailcore_workflow_id_seq; Type: SEQUENCE; Schema: public; Owner: postgres
--

ALTER TABLE public.wagtailcore_workflow ALTER COLUMN id ADD GENERATED BY DEFAULT AS IDENTITY (
    SEQUENCE NAME public.wagtailcore_workflow_id_seq
    START WITH 1
    INCREMENT BY 1
    NO MINVALUE
    NO MAXVALUE
    CACHE 1
);


--
-- Name: wagtailcore_workflowcontenttype; Type: TABLE; Schema: public; Owner: postgres
--

CREATE TABLE public.wagtailcore_workflowcontenttype (
    content_type_id integer NOT NULL,
    workflow_id integer NOT NULL
);


ALTER TABLE public.wagtailcore_workflowcontenttype OWNER TO postgres;

--
-- Name: wagtailcore_workflowpage; Type: TABLE; Schema: public; Owner: postgres
--

CREATE TABLE public.wagtailcore_workflowpage (
    page_id integer NOT NULL,
    workflow_id integer NOT NULL
);


ALTER TABLE public.wagtailcore_workflowpage OWNER TO postgres;

--
-- Name: wagtailcore_workflowstate; Type: TABLE; Schema: public; Owner: postgres
--

CREATE TABLE public.wagtailcore_workflowstate (
    id integer NOT NULL,
    status character varying(50) NOT NULL,
    created_at timestamp with time zone NOT NULL,
    current_task_state_id integer,
    object_id character varying(255) NOT NULL,
    requested_by_id integer,
    workflow_id integer NOT NULL,
    content_type_id integer NOT NULL,
    base_content_type_id integer NOT NULL
);


ALTER TABLE public.wagtailcore_workflowstate OWNER TO postgres;

--
-- Name: wagtailcore_workflowstate_id_seq; Type: SEQUENCE; Schema: public; Owner: postgres
--

ALTER TABLE public.wagtailcore_workflowstate ALTER COLUMN id ADD GENERATED BY DEFAULT AS IDENTITY (
    SEQUENCE NAME public.wagtailcore_workflowstate_id_seq
    START WITH 1
    INCREMENT BY 1
    NO MINVALUE
    NO MAXVALUE
    CACHE 1
);


--
-- Name: wagtailcore_workflowtask; Type: TABLE; Schema: public; Owner: postgres
--

CREATE TABLE public.wagtailcore_workflowtask (
    id integer NOT NULL,
    sort_order integer,
    task_id integer NOT NULL,
    workflow_id integer NOT NULL
);


ALTER TABLE public.wagtailcore_workflowtask OWNER TO postgres;

--
-- Name: wagtailcore_workflowtask_id_seq; Type: SEQUENCE; Schema: public; Owner: postgres
--

ALTER TABLE public.wagtailcore_workflowtask ALTER COLUMN id ADD GENERATED BY DEFAULT AS IDENTITY (
    SEQUENCE NAME public.wagtailcore_workflowtask_id_seq
    START WITH 1
    INCREMENT BY 1
    NO MINVALUE
    NO MAXVALUE
    CACHE 1
);


--
-- Name: wagtaildocs_document; Type: TABLE; Schema: public; Owner: postgres
--

CREATE TABLE public.wagtaildocs_document (
    id integer NOT NULL,
    title character varying(255) NOT NULL,
    file character varying(100) NOT NULL,
    created_at timestamp with time zone NOT NULL,
    uploaded_by_user_id integer,
    collection_id integer NOT NULL,
    file_size bigint,
    file_hash character varying(40) NOT NULL,
    CONSTRAINT wagtaildocs_document_file_size_check CHECK ((file_size >= 0))
);


ALTER TABLE public.wagtaildocs_document OWNER TO postgres;

--
-- Name: wagtaildocs_document_id_seq; Type: SEQUENCE; Schema: public; Owner: postgres
--

ALTER TABLE public.wagtaildocs_document ALTER COLUMN id ADD GENERATED BY DEFAULT AS IDENTITY (
    SEQUENCE NAME public.wagtaildocs_document_id_seq
    START WITH 1
    INCREMENT BY 1
    NO MINVALUE
    NO MAXVALUE
    CACHE 1
);


--
-- Name: wagtailembeds_embed; Type: TABLE; Schema: public; Owner: postgres
--

CREATE TABLE public.wagtailembeds_embed (
    id integer NOT NULL,
    url text NOT NULL,
    max_width smallint,
    type character varying(10) NOT NULL,
    html text NOT NULL,
    title text NOT NULL,
    author_name text NOT NULL,
    provider_name text NOT NULL,
    thumbnail_url text NOT NULL,
    width integer,
    height integer,
    last_updated timestamp with time zone NOT NULL,
    hash character varying(32) NOT NULL,
    cache_until timestamp with time zone
);


ALTER TABLE public.wagtailembeds_embed OWNER TO postgres;

--
-- Name: wagtailembeds_embed_id_seq; Type: SEQUENCE; Schema: public; Owner: postgres
--

ALTER TABLE public.wagtailembeds_embed ALTER COLUMN id ADD GENERATED BY DEFAULT AS IDENTITY (
    SEQUENCE NAME public.wagtailembeds_embed_id_seq
    START WITH 1
    INCREMENT BY 1
    NO MINVALUE
    NO MAXVALUE
    CACHE 1
);


--
-- Name: wagtailforms_formsubmission; Type: TABLE; Schema: public; Owner: postgres
--

CREATE TABLE public.wagtailforms_formsubmission (
    id integer NOT NULL,
    form_data jsonb NOT NULL,
    submit_time timestamp with time zone NOT NULL,
    page_id integer NOT NULL
);


ALTER TABLE public.wagtailforms_formsubmission OWNER TO postgres;

--
-- Name: wagtailforms_formsubmission_id_seq; Type: SEQUENCE; Schema: public; Owner: postgres
--

ALTER TABLE public.wagtailforms_formsubmission ALTER COLUMN id ADD GENERATED BY DEFAULT AS IDENTITY (
    SEQUENCE NAME public.wagtailforms_formsubmission_id_seq
    START WITH 1
    INCREMENT BY 1
    NO MINVALUE
    NO MAXVALUE
    CACHE 1
);


--
-- Name: wagtailimages_image; Type: TABLE; Schema: public; Owner: postgres
--

CREATE TABLE public.wagtailimages_image (
    id integer NOT NULL,
    title character varying(255) NOT NULL,
    file character varying(100) NOT NULL,
    width integer NOT NULL,
    height integer NOT NULL,
    created_at timestamp with time zone NOT NULL,
    focal_point_x integer,
    focal_point_y integer,
    focal_point_width integer,
    focal_point_height integer,
    uploaded_by_user_id integer,
    file_size integer,
    collection_id integer NOT NULL,
    file_hash character varying(40) NOT NULL,
    description character varying(255) NOT NULL,
    CONSTRAINT wagtailimages_image_file_size_check CHECK ((file_size >= 0)),
    CONSTRAINT wagtailimages_image_focal_point_height_check CHECK ((focal_point_height >= 0)),
    CONSTRAINT wagtailimages_image_focal_point_width_check CHECK ((focal_point_width >= 0)),
    CONSTRAINT wagtailimages_image_focal_point_x_check CHECK ((focal_point_x >= 0)),
    CONSTRAINT wagtailimages_image_focal_point_y_check CHECK ((focal_point_y >= 0))
);


ALTER TABLE public.wagtailimages_image OWNER TO postgres;

--
-- Name: wagtailimages_image_id_seq; Type: SEQUENCE; Schema: public; Owner: postgres
--

ALTER TABLE public.wagtailimages_image ALTER COLUMN id ADD GENERATED BY DEFAULT AS IDENTITY (
    SEQUENCE NAME public.wagtailimages_image_id_seq
    START WITH 1
    INCREMENT BY 1
    NO MINVALUE
    NO MAXVALUE
    CACHE 1
);


--
-- Name: wagtailimages_rendition; Type: TABLE; Schema: public; Owner: postgres
--

CREATE TABLE public.wagtailimages_rendition (
    id integer NOT NULL,
    file character varying(100) NOT NULL,
    width integer NOT NULL,
    height integer NOT NULL,
    focal_point_key character varying(16) NOT NULL,
    filter_spec character varying(255) NOT NULL,
    image_id integer NOT NULL
);


ALTER TABLE public.wagtailimages_rendition OWNER TO postgres;

--
-- Name: wagtailimages_rendition_id_seq; Type: SEQUENCE; Schema: public; Owner: postgres
--

ALTER TABLE public.wagtailimages_rendition ALTER COLUMN id ADD GENERATED BY DEFAULT AS IDENTITY (
    SEQUENCE NAME public.wagtailimages_rendition_id_seq
    START WITH 1
    INCREMENT BY 1
    NO MINVALUE
    NO MAXVALUE
    CACHE 1
);


--
-- Name: wagtailredirects_redirect; Type: TABLE; Schema: public; Owner: postgres
--

CREATE TABLE public.wagtailredirects_redirect (
    id integer NOT NULL,
    old_path character varying(255) NOT NULL,
    is_permanent boolean NOT NULL,
    redirect_link character varying(255) NOT NULL,
    redirect_page_id integer,
    site_id integer,
    automatically_created boolean NOT NULL,
    created_at timestamp with time zone,
    redirect_page_route_path character varying(255) NOT NULL
);


ALTER TABLE public.wagtailredirects_redirect OWNER TO postgres;

--
-- Name: wagtailredirects_redirect_id_seq; Type: SEQUENCE; Schema: public; Owner: postgres
--

ALTER TABLE public.wagtailredirects_redirect ALTER COLUMN id ADD GENERATED BY DEFAULT AS IDENTITY (
    SEQUENCE NAME public.wagtailredirects_redirect_id_seq
    START WITH 1
    INCREMENT BY 1
    NO MINVALUE
    NO MAXVALUE
    CACHE 1
);


--
-- Name: wagtailsearch_indexentry; Type: TABLE; Schema: public; Owner: postgres
--

CREATE TABLE public.wagtailsearch_indexentry (
    id integer NOT NULL,
    object_id character varying(50) NOT NULL,
    title_norm double precision NOT NULL,
    content_type_id integer NOT NULL,
    autocomplete tsvector NOT NULL,
    title tsvector NOT NULL,
    body tsvector NOT NULL
);


ALTER TABLE public.wagtailsearch_indexentry OWNER TO postgres;

--
-- Name: wagtailsearch_indexentry_id_seq; Type: SEQUENCE; Schema: public; Owner: postgres
--

ALTER TABLE public.wagtailsearch_indexentry ALTER COLUMN id ADD GENERATED BY DEFAULT AS IDENTITY (
    SEQUENCE NAME public.wagtailsearch_indexentry_id_seq
    START WITH 1
    INCREMENT BY 1
    NO MINVALUE
    NO MAXVALUE
    CACHE 1
);


--
-- Name: wagtailusers_userprofile; Type: TABLE; Schema: public; Owner: postgres
--

CREATE TABLE public.wagtailusers_userprofile (
    id integer NOT NULL,
    submitted_notifications boolean NOT NULL,
    approved_notifications boolean NOT NULL,
    rejected_notifications boolean NOT NULL,
    user_id integer NOT NULL,
    preferred_language character varying(10) NOT NULL,
    current_time_zone character varying(40) NOT NULL,
    avatar character varying(100) NOT NULL,
    updated_comments_notifications boolean NOT NULL,
    dismissibles jsonb NOT NULL,
    theme character varying(40) NOT NULL,
    density character varying(40) NOT NULL,
    contrast character varying(40) NOT NULL,
    keyboard_shortcuts boolean NOT NULL
);


ALTER TABLE public.wagtailusers_userprofile OWNER TO postgres;

--
-- Name: wagtailusers_userprofile_id_seq; Type: SEQUENCE; Schema: public; Owner: postgres
--

ALTER TABLE public.wagtailusers_userprofile ALTER COLUMN id ADD GENERATED BY DEFAULT AS IDENTITY (
    SEQUENCE NAME public.wagtailusers_userprofile_id_seq
    START WITH 1
    INCREMENT BY 1
    NO MINVALUE
    NO MAXVALUE
    CACHE 1
);


--
-- Data for Name: auth_group; Type: TABLE DATA; Schema: public; Owner: postgres
--

COPY public.auth_group (id, name) FROM stdin;
1	Moderators
2	Editors
\.


--
-- Data for Name: auth_group_permissions; Type: TABLE DATA; Schema: public; Owner: postgres
--

COPY public.auth_group_permissions (id, group_id, permission_id) FROM stdin;
1	1	1
2	1	2
3	1	3
4	2	1
5	2	2
6	2	3
7	1	4
8	2	4
9	1	5
10	2	5
11	1	112
12	1	110
13	1	111
14	2	112
15	2	110
16	2	111
17	1	113
18	2	113
\.


--
-- Data for Name: auth_permission; Type: TABLE DATA; Schema: public; Owner: postgres
--

COPY public.auth_permission (id, name, content_type_id, codename) FROM stdin;
1	Can add image	2	add_image
2	Can change image	2	change_image
3	Can delete image	2	delete_image
4	Can access Wagtail admin	3	access_admin
5	Can choose image	2	choose_image
6	Can add locale	13	add_locale
7	Can change locale	13	change_locale
8	Can delete locale	13	delete_locale
9	Can view locale	13	view_locale
10	Can add site	20	add_site
11	Can change site	20	change_site
12	Can delete site	20	delete_site
13	Can view site	20	view_site
14	Can add group site permission	12	add_groupsitepermission
15	Can change group site permission	12	change_groupsitepermission
16	Can delete group site permission	12	delete_groupsitepermission
17	Can view group site permission	12	view_groupsitepermission
18	Can add model log entry	14	add_modellogentry
19	Can change model log entry	14	change_modellogentry
20	Can delete model log entry	14	delete_modellogentry
21	Can view model log entry	14	view_modellogentry
22	Can add revision	19	add_revision
23	Can change revision	19	change_revision
24	Can delete revision	19	delete_revision
25	Can view revision	19	view_revision
26	Can add collection view restriction	7	add_collectionviewrestriction
27	Can change collection view restriction	7	change_collectionviewrestriction
28	Can delete collection view restriction	7	delete_collectionviewrestriction
29	Can view collection view restriction	7	view_collectionviewrestriction
30	Can add collection	6	add_collection
31	Can change collection	6	change_collection
32	Can delete collection	6	delete_collection
33	Can view collection	6	view_collection
34	Can add group collection permission	10	add_groupcollectionpermission
35	Can change group collection permission	10	change_groupcollectionpermission
36	Can delete group collection permission	10	delete_groupcollectionpermission
37	Can view group collection permission	10	view_groupcollectionpermission
38	Can add uploaded file	23	add_uploadedfile
39	Can change uploaded file	23	change_uploadedfile
40	Can delete uploaded file	23	delete_uploadedfile
41	Can view uploaded file	23	view_uploadedfile
42	Can add workflow content type	25	add_workflowcontenttype
43	Can change workflow content type	25	change_workflowcontenttype
44	Can delete workflow content type	25	delete_workflowcontenttype
45	Can view workflow content type	25	view_workflowcontenttype
46	Can add Workflow state	27	add_workflowstate
47	Can change Workflow state	27	change_workflowstate
48	Can delete Workflow state	27	delete_workflowstate
49	Can view Workflow state	27	view_workflowstate
50	Can add workflow	24	add_workflow
51	Can change workflow	24	change_workflow
52	Can delete workflow	24	delete_workflow
53	Can view workflow	24	view_workflow
54	Can add workflow task order	28	add_workflowtask
55	Can change workflow task order	28	change_workflowtask
56	Can delete workflow task order	28	delete_workflowtask
57	Can view workflow task order	28	view_workflowtask
58	Can add task	21	add_task
59	Can change task	21	change_task
60	Can delete task	21	delete_task
61	Can view task	21	view_task
62	Can add Group approval task	4	add_groupapprovaltask
63	Can change Group approval task	4	change_groupapprovaltask
64	Can delete Group approval task	4	delete_groupapprovaltask
65	Can view Group approval task	4	view_groupapprovaltask
66	Can add Task state	22	add_taskstate
67	Can change Task state	22	change_taskstate
68	Can delete Task state	22	delete_taskstate
69	Can view Task state	22	view_taskstate
70	Can add page	1	add_page
71	Can change page	1	change_page
72	Can delete page	1	delete_page
73	Can view page	1	view_page
74	Delete pages with children	1	bulk_delete_page
75	Lock/unlock pages you've locked	1	lock_page
76	Publish any page	1	publish_page
77	Unlock any page	1	unlock_page
78	Can add group page permission	11	add_grouppagepermission
79	Can change group page permission	11	change_grouppagepermission
80	Can delete group page permission	11	delete_grouppagepermission
81	Can view group page permission	11	view_grouppagepermission
82	Can add page view restriction	17	add_pageviewrestriction
83	Can change page view restriction	17	change_pageviewrestriction
84	Can delete page view restriction	17	delete_pageviewrestriction
85	Can view page view restriction	17	view_pageviewrestriction
86	Can add workflow page	26	add_workflowpage
87	Can change workflow page	26	change_workflowpage
88	Can delete workflow page	26	delete_workflowpage
89	Can view workflow page	26	view_workflowpage
90	Can add page log entry	15	add_pagelogentry
91	Can change page log entry	15	change_pagelogentry
92	Can delete page log entry	15	delete_pagelogentry
93	Can view page log entry	15	view_pagelogentry
94	Can add comment	8	add_comment
95	Can change comment	8	change_comment
96	Can delete comment	8	delete_comment
97	Can view comment	8	view_comment
98	Can add comment reply	9	add_commentreply
99	Can change comment reply	9	change_commentreply
100	Can delete comment reply	9	delete_commentreply
101	Can view comment reply	9	view_commentreply
102	Can add page subscription	16	add_pagesubscription
103	Can change page subscription	16	change_pagesubscription
104	Can delete page subscription	16	delete_pagesubscription
105	Can view page subscription	16	view_pagesubscription
106	Can add reference index	18	add_referenceindex
107	Can change reference index	18	change_referenceindex
108	Can delete reference index	18	delete_referenceindex
109	Can view reference index	18	view_referenceindex
110	Can add document	29	add_document
111	Can change document	29	change_document
112	Can delete document	29	delete_document
113	Can choose document	29	choose_document
114	Can add home page	5	add_homepage
115	Can change home page	5	change_homepage
116	Can delete home page	5	delete_homepage
117	Can view home page	5	view_homepage
118	Can add form submission	30	add_formsubmission
119	Can change form submission	30	change_formsubmission
120	Can delete form submission	30	delete_formsubmission
121	Can view form submission	30	view_formsubmission
122	Can add redirect	31	add_redirect
123	Can change redirect	31	change_redirect
124	Can delete redirect	31	delete_redirect
125	Can view redirect	31	view_redirect
126	Can add embed	32	add_embed
127	Can change embed	32	change_embed
128	Can delete embed	32	delete_embed
129	Can view embed	32	view_embed
130	Can add user profile	33	add_userprofile
131	Can change user profile	33	change_userprofile
132	Can delete user profile	33	delete_userprofile
133	Can view user profile	33	view_userprofile
134	Can view document	29	view_document
135	Can view image	2	view_image
136	Can add rendition	34	add_rendition
137	Can change rendition	34	change_rendition
138	Can delete rendition	34	delete_rendition
139	Can view rendition	34	view_rendition
140	Can add index entry	35	add_indexentry
141	Can change index entry	35	change_indexentry
142	Can delete index entry	35	delete_indexentry
143	Can view index entry	35	view_indexentry
144	Can add editing session	36	add_editingsession
145	Can change editing session	36	change_editingsession
146	Can delete editing session	36	delete_editingsession
147	Can view editing session	36	view_editingsession
148	Can add tag	37	add_tag
149	Can change tag	37	change_tag
150	Can delete tag	37	delete_tag
151	Can view tag	37	view_tag
152	Can add tagged item	38	add_taggeditem
153	Can change tagged item	38	change_taggeditem
154	Can delete tagged item	38	delete_taggeditem
155	Can view tagged item	38	view_taggeditem
156	Can add log entry	39	add_logentry
157	Can change log entry	39	change_logentry
158	Can delete log entry	39	delete_logentry
159	Can view log entry	39	view_logentry
160	Can add permission	41	add_permission
161	Can change permission	41	change_permission
162	Can delete permission	41	delete_permission
163	Can view permission	41	view_permission
164	Can add group	40	add_group
165	Can change group	40	change_group
166	Can delete group	40	delete_group
167	Can view group	40	view_group
168	Can add user	42	add_user
169	Can change user	42	change_user
170	Can delete user	42	delete_user
171	Can view user	42	view_user
172	Can add content type	43	add_contenttype
173	Can change content type	43	change_contenttype
174	Can delete content type	43	delete_contenttype
175	Can view content type	43	view_contenttype
176	Can add session	44	add_session
177	Can change session	44	change_session
178	Can delete session	44	delete_session
179	Can view session	44	view_session
180	Can add main page content	47	add_mainpagecontent
181	Can change main page content	47	change_mainpagecontent
182	Can delete main page content	47	delete_mainpagecontent
183	Can view main page content	47	view_mainpagecontent
184	Can add jurnal index page	46	add_jurnalindexpage
185	Can change jurnal index page	46	change_jurnalindexpage
186	Can delete jurnal index page	46	delete_jurnalindexpage
187	Can view jurnal index page	46	view_jurnalindexpage
188	Can add jurnal article page	45	add_jurnalarticlepage
189	Can change jurnal article page	45	change_jurnalarticlepage
190	Can delete jurnal article page	45	delete_jurnalarticlepage
191	Can view jurnal article page	45	view_jurnalarticlepage
192	Can add jurnal article gallery image	48	add_jurnalarticlegalleryimage
193	Can change jurnal article gallery image	48	change_jurnalarticlegalleryimage
194	Can delete jurnal article gallery image	48	delete_jurnalarticlegalleryimage
195	Can view jurnal article gallery image	48	view_jurnalarticlegalleryimage
196	Can add Aplicație Membrie	49	add_membershipapplication
197	Can change Aplicație Membrie	49	change_membershipapplication
198	Can delete Aplicație Membrie	49	delete_membershipapplication
199	Can view Aplicație Membrie	49	view_membershipapplication
200	Can add Întrebare (Membrie) [legacy]	51	add_membershipquestion
201	Can change Întrebare (Membrie) [legacy]	51	change_membershipquestion
202	Can delete Întrebare (Membrie) [legacy]	51	delete_membershipquestion
203	Can view Întrebare (Membrie) [legacy]	51	view_membershipquestion
204	Can add Q&A item	50	add_membershipqaitem
205	Can change Q&A item	50	change_membershipqaitem
206	Can delete Q&A item	50	delete_membershipqaitem
207	Can view Q&A item	50	view_membershipqaitem
208	Can add membrie form content	52	add_membrieformcontent
209	Can change membrie form content	52	change_membrieformcontent
210	Can delete membrie form content	52	delete_membrieformcontent
211	Can view membrie form content	52	view_membrieformcontent
212	Can add Abonat Newsletter	53	add_newslettersubscriber
213	Can change Abonat Newsletter	53	change_newslettersubscriber
214	Can delete Abonat Newsletter	53	delete_newslettersubscriber
215	Can view Abonat Newsletter	53	view_newslettersubscriber
\.


--
-- Data for Name: auth_user; Type: TABLE DATA; Schema: public; Owner: postgres
--

COPY public.auth_user (id, password, last_login, is_superuser, username, first_name, last_name, email, is_staff, is_active, date_joined) FROM stdin;
1	pbkdf2_sha256$1200000$HJdPvGk2fYzej3M3sA7VRN$9pACbAaq6GGNd/fw3bte0lxBgeS6d8MmLPsUWT8tAX8=	2026-02-17 22:09:19.050824+00	t	testadmin			floriniftim@mail.com	t	t	2026-02-14 09:55:20.356142+00
\.


--
-- Data for Name: auth_user_groups; Type: TABLE DATA; Schema: public; Owner: postgres
--

COPY public.auth_user_groups (id, user_id, group_id) FROM stdin;
\.


--
-- Data for Name: auth_user_user_permissions; Type: TABLE DATA; Schema: public; Owner: postgres
--

COPY public.auth_user_user_permissions (id, user_id, permission_id) FROM stdin;
\.


--
-- Data for Name: core_jurnalarticlegalleryimage; Type: TABLE DATA; Schema: public; Owner: postgres
--

COPY public.core_jurnalarticlegalleryimage (id, sort_order, caption, image_id, page_id) FROM stdin;
5	0	Arta ca formă de conversație, nu ca propagandă	23	5
7	1		24	5
3	0		25	7
4	1		26	7
\.


--
-- Data for Name: core_jurnalarticlepage; Type: TABLE DATA; Schema: public; Owner: postgres
--

COPY public.core_jurnalarticlepage (page_ptr_id, category, excerpt, meta, body, hero_image_id, videos) FROM stdin;
5	FILOSOFIE	Uită tot ce știai despre fosta Casă a Scânteii. În spatele tencuielii reci și al zidurilor de beton nu se mai ascund mașinării de propagandă, ci cele mai vibrante ateliere de pictură din sectorul 1. Descoperă cum un grup de copii reușește să transforme în fiecare weekend un spațiu rigid și plin de cenzură într-o explozie de culoare, fără reguli și fără nostalgii inutile. O reconversie a sensului, ascunsă de restul orașului.	3 min · Atelier	<h2 data-block-key="gsl7d">Secretul din pereții Casei Presei Libere: De la zgomotul tiparnițelor la tăcerea concentrată</h2><p data-block-key="aldk7">Există clădiri care poartă în tencuiala lor ceva, poate o energie adormită ce așteaptă să fie trezită, poate niște ciuperci arhaice sau poate doar așteaptă un buldozer. Sunt locuri născute din rigoare, din muncă repetitivă, din zgomotul tiparnițelor sau al mașinilor. Acum, aceste spații își descoperă un alt sens: acela de a găzdui tăcerea concentrată a copiilor și zgomotul pensulelor pe pânză; ce metaforă cretină.</p><h2 data-block-key="cb6vi">Cum arată cele mai atipice ateliere de pictură din sectorul 1</h2><p data-block-key="cs9ke">Lumina intră prin ferestre înalte peste mesele de lucru și peste borcanele cu vopsea, peste hârtii albe care așteaptă prima urmă de culoare. Pentru copiii care calcă pragul acestor <b>ateliere de pictură din sectorul 1</b>, pereții grei și gri ai clădirii nu au istoria pe care o (mai) știm noi. Pentru ei, locul nu e fost, ci nou.</p><p data-block-key="a6bmk">Îl cuceresc cu spontaneitatea lor, îl umplu de râsete, de gesturi imperfecte, de pete vii. În fiecare linie trasată, în fiecare culoare care scapă din contur, spațiul își recapătă... Ce să își recapate? Ceva ce nu a avut niciodată?! Își câștigă un strop de libertăți.</p><h3 data-block-key="3kgos">Arta ca formă de conversație, nu ca propagandă</h3><p data-block-key="d8knc">E o ironie naivă în felul în care arta copiilor se așază peste memoria unui loc constrâns. Ceea ce era disciplină devine acum libertate. Ceea ce era comunicare rigidă devine conversație. Arta e conversație, nu performanță. Iar pentru cei mici, nici măcar o formă de propagandă.</p><p data-block-key="l1jk">Într-o lume în care educația vizuală pare un lux, aceste ateliere sunt mici... Sunt mici, asta voiam să spun. Doar locuri unde copiii învață fără să știe că învață sau ce învață. Învață? Aici, educația nu se măsoară în tehnici, ci în felul în care lumina cade pe chipul lor atunci când descoperă ceva nou. În tăcerea aceea concentrată, în bucuria descoperirii unei nuanțe, într-o dungă trasată pe lângă, dar care, din întâmplare, dă sens. Și arta, acest cuvânt folosit la orice, devine o formă de încredere.</p><h3 data-block-key="ag4n">Reconversia sensului: Un spațiu care învață din nou să fie viu</h3><p data-block-key="bneeb">Poate că adevărata reconversie nu e cea arhitecturală, ci cea umană — felul în care un loc învață să fie viu, prin copii care nu poartă nostalgia trecutului, ci o formă pură de prezent.</p><p data-block-key="28vth">Adesea se vorbește despre „reconversia” clădirii, dar termenul nu surprinde esența. Aș fi tentat să zic chiar că o alterează. Fosta Casă a Scânteii, devenită ulterior Casa Presei Libere, nu și-a pierdut funcția de bază: un spațiu dedicat comunicării și exprimării unui mesaj. Ceea ce s-a schimbat este mesajul însuși. Odinioară se transmitea prin text și imagine tipărită material de propagandă, iar astăzi prin culori, forme și gesturi spontane. În ambele cazuri, locul rămâne un mediator între creator și public, între gânduri și percepție.</p><p data-block-key="b6nta">Pereții rămân aceiași, doar mesajul e altul, unul mai viu, mai colorat, mai inocent. Și poate că asta e marea lecție: dincolo de toate straturile de ciment și tencuială care cade, un spațiu există doar atunci când e locuit.<br/> De imaginație.</p>	\N	[]
7	ATELIERE	La Atelierele Scânteia, direcția educațională este asigurată de un profil care combină rigoarea academică, peste 30 de ani de practică artistică multidisciplinară și inteligența emoțională...	3 min · Observație	<h3 data-block-key="rywcg">Un spațiu premium, cu grupe limitate la doar patru copii, necesită o expertiză pe măsură. La Atelierele Scânteia, direcția educațională este asigurată de un profil care combină rigoarea academică, peste 30 de ani de practică artistică și inteligența emoțională: Andreea Apăvăloaei.</h3><p data-block-key="de5bp">În acest hub creativ din București, Sector 1, am creat un ecosistem de micro-educație de calitate, unde grupele sunt restrânse la patru copii. Această densitate scăzută permite Andreei să ofere o experiență de mentorat cu adevărat personalizată.</p><p data-block-key="ecjsg">Când alegi un curs de artă pentru copilul tău, omul din spatele șevaletului este cel mai important instrument pedagogic. Pentru a garanta succesul micro-grupelor noastre, am reunit experiența unui artist consacrat cu talentul nativ al unui pedagog.</p><h3 data-block-key="c02tp">Cine este artista?</h3><p data-block-key="9694s">Fundamentul oricărui curs de artă este rigoarea mentorului. Parcursul academic al Andreei Apăvăloaei a început la Liceul de Arte „Victor Brauner” și s-a continuat la Universitatea Națională de Arte București (UNARTE), unde a absolvit <b>Licența în Arte textile – imprimerie și inginerie textilă cu nota 10</b>, urmată de <b>Masterul în Design, de asemenea cu nota 10</b>. Această performanță academică îi conferă o expertiză tehnică rar întâlnită în educația vizuală pentru copii..</p><p data-block-key="5kqlv">Cu un portofoliu consolidat pe parcursul a trei decenii, orizontul ei artistic depășește cu mult șevaletul clasic. Abordând arta ca pe o „meditație activă”, Andreea oferă cursanților o experiență multidisciplinară: de la pictură de șevalet (ulei și acrilic, cu accente de expresionism abstract), la artă decorativă, mozaicuri complexe și intervenții pe piese de mobilier contemporan de lux.</p><p data-block-key="1becu">Pentru copilul tău, acest portofoliu înseamnă libertate totală de expresie: îndrumat de un artist cu o asemenea versatilitate, el nu învață doar să deseneze, ci descoperă structura materialelor, compoziția aplicată și gândirea tridimensională, într-un mediu creativ fără limite.</p><p data-block-key="9i5c8"><i>„Trăiesc arta și arta mă trăiește. Pictura este un sistem elastic, dornic de expansiune; nu o poți zidi între reguli rigide, dar nici nu o poți lăsa complet liberă.” – Andreea Apăvăloaei</i><br/></p><p data-block-key="9j7g0">Pentru cursanți, acest background se traduce printr-o înțelegere profundă a materialităților, a texturilor și a modului în care arta poate transforma spațiul.</p><h3 data-block-key="dq7e8">Știința pedagogică: Cum traducem arta pentru copii</h3><p data-block-key="7elpu">Un artist talentat nu este automat și un profesor bun. De aceea, pilonul central al mentoratului nostru nu este doar experiența artistică, ci și metodologia de predare.</p><p data-block-key="2ht4t">Andreea deține Certificatul de Absolvire a Departamentului pentru Pregătirea Personalului Didactic (DPPD). Această acreditare, combinată cu empatia profundă, schimbă complet dinamica atelierului. Întreaga ei experiență artistică este adaptată la limbajul copiilor, astfel încât învățarea să fie accesibilă și captivantă.</p><p data-block-key="47lmi">Cum se reflectă acest lucru în lucrul cu copilul tău?</p><ul><li data-block-key="euvkf"><b>Abordare psihologică sigură:</b> Predarea respectă etapele de dezvoltare cognitivă ale copilului, adaptând tehnicile vârstei și profilului emoțional.<br/></li><li data-block-key="972bo"><b>Libertatea mediilor de lucru:</b> Datorită experienței mentorului în arte decorative și materiale diverse, copiii nu se limitează la o coală de hârtie. Explorează volumetrii, texturi și suprafețe multiple.<br/></li><li data-block-key="3l5bj"><b>Empatie și răbdare:</b> Experiența în lucrul cu copii transformă Andreea într-un observator atent. Într-o micro-grupă de patru participanți, mentorul poate identifica exact unde copilul are nevoie de încurajare blândă și unde de îndrumare tehnică.</li></ul>	\N	[]
6	MATERIALE	Diferența dintre „merge” și „se simte bine” vine adesea din material: densitate, granulație, lumină.	8 min · Practică	<p data-block-key="rh026">Materialele nu sunt un moft. Sunt un profesor tăcut. Un pigment bun îți arată imediat ce înseamnă transparență, stratificare și răbdare.</p><p data-block-key="wz7wi">La început, scopul nu e luxul, ci consistența: să poți repeta un gest și să înveți din el. Când materialul e imprevizibil, copilul învață frustrare – nu artă.</p><p data-block-key="3bx7x">Alegem instrumente care răsplătesc atenția: hârtie cu textură, pensule care țin apă, culori care nu „mor” pe foaie.</p>	\N	[{"id": "1abdd908-e5d4-46fe-924f-3560e8e1867c", "type": "video", "value": "https://www.youtube.com/watch?v=IYd1-cPwQCk&t=1s"}, {"id": "e076f318-1d6d-4eb2-afa9-181302de5fee", "type": "video", "value": "https://www.youtube.com/watch?v=To_yL5m7IIc"}]
\.


--
-- Data for Name: core_jurnalindexpage; Type: TABLE DATA; Schema: public; Owner: postgres
--

COPY public.core_jurnalindexpage (page_ptr_id, label, subtitle, intro) FROM stdin;
4	( ARHIVA SCÂNTEIA )	— note despre artă	- Gânduri despre artă, spațiu și copilărie.
\.


--
-- Data for Name: core_mainpagecontent; Type: TABLE DATA; Schema: public; Owner: postgres
--

COPY public.core_mainpagecontent (id, hero_title, hero_subtitle, manifest_label, manifest_title, manifest_text, hero_bg_image_id, site_id, hero_kicker, filosofie_cta_text, filosofie_image_2_id, filosofie_intro, filosofie_label, filosofie_paragraph_1, filosofie_paragraph_2, filosofie_quote, filosofie_title_line_1, filosofie_title_line_2, spatiul_image_1_id, spatiul_label, spatiul_paragraph, spatiul_quote, spatiul_stat_1_label, spatiul_stat_1_value, spatiul_stat_2_label, spatiul_stat_2_value, spatiul_stat_3_label, spatiul_stat_3_value, spatiul_title, testimonial_1_name, testimonial_1_quote, testimonial_1_role, testimonial_2_name, testimonial_2_quote, testimonial_2_role, testimonial_3_name, testimonial_3_quote, testimonial_3_role, testimonial_4_name, testimonial_4_quote, testimonial_4_role, testimonial_5_name, testimonial_5_quote, testimonial_5_role, testimoniale_title, manifest_card_1_text, manifest_card_1_title, manifest_card_2_text, manifest_card_2_title, manifest_card_3_text, manifest_card_3_title, spatiul_hidden_keywords, spatiul_seo_blurb, spatiul_stat_1_sublabel, spatiul_stat_2_sublabel, spatiul_stat_3_sublabel, filosofie_paragraph) FROM stdin;
1	Arta cere spațiu.Și istorie.	O enclavă de creație vizuală, unde copiii gândesc liber,\r\niar spațiul devine mentor.	( PROCESUL DE SELECȚIE )	Accesul este limitat la12 membri pe sezon.	Căutăm familii care înțeleg că educația estetică este o investiție pe viață.\r\nNu vindem cursuri. Construim fundații artistice.	\N	2	CASA PRESEI LIBERE · BUCUREȘTI	SOLICITĂ O INVITAȚIE	\N	Răspundem direct celei mai stringente nevoi a părinților: atenția individuală.\nSpre deosebire de aglomerația din sistemul clasic, un mentor coordonează o grupă mică de maximum 4\ncopii.\nAcest raport asimetric garantează o educație personalizată, însă și un nivel de libertate\nesențial pentru cursuri de pictură și artă în București. Fiecare copil este ascultat, înțeles și\nîndrumat.	( FILOSOFIA NOASTRĂ )	Într-un cerc restrâns și securizat, copiii scapă de presiunea notelor și a performanței\nstandardizate. Aici găsesc libertatea radicală de a crea fără frică.	Lucrăm cu materiale profesionale și spațiu vital imens pentru ca cei mici să își testeze limitele\ncreativității într-un mediu sigur.	Numărul strict limitat de locuri asigură că mentorul este un partener de dialog pentru fiecare copil, nu un supraveghetor.	Sanctuar privat.	Libertate radicală.	\N	( SPAȚIUL )	Căutați un curs de pictură pentru copii în București unde atenția să nu se împartă la 15?\r\nAtelierele noastre de artă se desfășoară într-un spațiu diferit, ancorat în istoria orașului: clădirea monumentală a Casei Presei Libere (fosta Casa Scânteii), în nordul Capitalei.\r\nAm înlocuit aglomerația sălilor de clasă convenționale cu un mediu sigur, aerisit și lipsit de factori de stres, conceput pentru a stimula creativitatea.\r\n\r\nUnde și cum învață copilul tău? Locul este un instrument educațional în sine.\r\nAm transformat un studio generos într-un spațiu de concentrare, dedicat exclusiv micro-grupelor de doar 4 copii.\r\nCu ferestre uriașe care inundă încăperea cu lumină naturală și o acustică ce elimină zgomotul de fond al orașului, mediul de lucru îi oferă copilului libertate de mișcare și liniștea necesară pentru a explora arta.\r\n\r\nCopiii nu poartă nostalgia trecutului; ei sunt o formă pură de prezent. Pentru ei, acest monument istoric nu este o relicvă, ci o pânză albă.\r\nIar aici, educația vizuală devine un act de încredere: încrederea că, într-un spațiu care a servit odată conformității, se pot naște acum cele mai libere idei.	Numărul strict limitat de locuri asigură că mentorul este un partener de dialog pentru fiecare copil, nu un supraveghetor.	Copii într-o grupă.	4	Lumină naturală	100%	Zgomot. Presiune.	0	Spațiul	Ana M.	Într-o lume a dopaminei instantanee, acesta este singurul loc unde fiul meu are răbdarea să lucreze două ore la o singură linie de cărbune.	Partner @ Arhitectură & Design	Alexandru S.	Scara monumentală a Casei Presei îi obligă pe copii să gândească mare. Nu există «drăgălășenii» aici. Există studiu, proporție și seriozitate.	Tech Entrepreneur & Collector	Ioana D.	Am căutat mult timp un loc care să nu fie un «parking de copii». Aici am găsit o comunitate de familii care împărtășesc aceleași valori.	Medic & Membru Fondator	Maria T.	Copiii mei au descoperit că arta nu este despre talent înnăscut, ci despre disciplină și observație atentă. Evoluția lor este incredibilă.	Avocat & Colecționar	Cristian P.	Spațiul în sine este o lecție de estetică. Fiecare dată când intrăm, copiii simt că fac parte din ceva care transcende simplul «curs de desen».	Arhitect & Fondator Studio	Vocile Comunității	Arta nu se face sub neone și părinții caută un mediu de învățare sănătos, departe de lumina\r\nartificială a ecranelor. Spațiul nostru din Casa Presei oferă o iluminare naturală ideală, vitală\r\npentru percepția corectă a culorilor în artă. Acest aspect tehnic previne oboseala oculară și\r\nsusține concentrarea pe termen lung pe parcursul activităților educative de weekend.	Lumina naturală	La Atelierele Scânteia, direcția educațională este asigurată de Andreea Apăvăloaei, absolventă\r\ncu nota 10 a Universitatea Nationala de Arte Bucuresti, cu un portofoliu impresionant consolidat\r\npe parcursul a trei decenii, orizontul ei artistic depășește cu mult șevaletul clasic. Abordând arta\r\nca pe o „meditație activă”, Andreea traduce pentru cursanții noștri o experiență multidisciplinară\r\ncomplexă și formare pedagogică acreditată (Certificare pedagogică DPPD).	Mentoratul	Fără zgomot de fond, fără competiție inutilă pentru validarea profesorului. Acest volum aerian,\r\nspecific arhitecturii monumentale, previne suprastimularea senzorială unde copiii au libertatea\r\nde a se mișca	Spațiu să creeze.Liniște să se concentreze.			Nu 12, nu 15.	Percepția corectă a culorilor.	Competiție inutilă.	Răspundem direct celei mai stringente nevoi a părinților: atenția individuală.\nSpre deosebire de aglomerația din sistemul clasic, un mentor coordonează o grupă mică de maximum 4\ncopii.\nAcest raport asimetric garantează o educație personalizată, însă și un nivel de libertate\nesențial pentru cursuri de pictură și artă în București. Fiecare copil este ascultat, înțeles și\nîndrumat.\n\nÎntr-un cerc restrâns și securizat, copiii scapă de presiunea notelor și a performanței\nstandardizate. Aici găsesc libertatea radicală de a crea fără frică.\n\nLucrăm cu materiale profesionale și spațiu vital imens pentru ca cei mici să își testeze limitele\ncreativității într-un mediu sigur.
\.


--
-- Data for Name: core_membershipapplication; Type: TABLE DATA; Schema: public; Owner: postgres
--

COPY public.core_membershipapplication (id, created_at, parent_name, phone, email, child_name, child_age, expectation, source, art_relationship, qa_json, ip_address, raw_payload, user_agent) FROM stdin;
1	2026-02-21 17:07:13.097457+00	Florin Iftim	07534267634	floriniftim@mail.com	Da. dA	5 ani	hobby	website		[{"answer": "Florin Iftim", "question": "Nume părinte (complet)"}, {"answer": "07534267634", "question": "Telefon"}, {"answer": "floriniftim@mail.com", "question": "Email"}, {"answer": "Da. dA", "question": "Nume copil"}, {"answer": "5 ani", "question": "Vârsta copilului"}, {"answer": "Da Da Da", "question": "Descrieți relația copilului cu arta până în prezent."}, {"answer": "Ok OK", "question": "Cum ați descrie personalitatea copilului?"}, {"answer": "OkOK", "question": "A mai participat la cursuri sau ateliere artistice?"}, {"answer": "Hobby (explorare creativă și dezvoltare personală)", "question": "Așteptări"}]	89.137.158.224	{"email": "floriniftim@mail.com", "phone": "07534267634", "source": "website", "qa_items": [{"answer": "Florin Iftim", "question": "Nume părinte (complet)"}, {"answer": "07534267634", "question": "Telefon"}, {"answer": "floriniftim@mail.com", "question": "Email"}, {"answer": "Da. dA", "question": "Nume copil"}, {"answer": "5 ani", "question": "Vârsta copilului"}, {"answer": "Da Da Da", "question": "Descrieți relația copilului cu arta până în prezent."}, {"answer": "Ok OK", "question": "Cum ați descrie personalitatea copilului?"}, {"answer": "OkOK", "question": "A mai participat la cursuri sau ateliere artistice?"}, {"answer": "Hobby (explorare creativă și dezvoltare personală)", "question": "Așteptări"}], "child_age": "5 ani", "child_name": "Da. dA", "expectation": "hobby", "parent_name": "Florin Iftim", "dynamic_answers": {"art_relationship": "Da Da Da", "child_personality": "Ok OK ", "previous_experience": "OkOK"}, "art_relationship": ""}	Mozilla/5.0 (Macintosh; Intel Mac OS X 10_15_7) AppleWebKit/537.36 (KHTML, like Gecko) Chrome/144.0.0.0 Safari/537.36
2	2026-02-21 17:11:52.535926+00	Da Da	0734534543	iftim.florinn@gmail.com	Da	7 ani	hobby	website		[{"answer": "Da Da", "question": "Nume părinte (complet)"}, {"answer": "0734534543", "question": "Telefon"}, {"answer": "iftim.florinn@gmail.com", "question": "Email"}, {"answer": "Da", "question": "Nume copil"}, {"answer": "7 ani", "question": "Vârsta copilului"}, {"answer": "Da", "question": "Descrieți relația copilului cu arta până în prezent."}, {"answer": "Da", "question": "Cum ați descrie personalitatea copilului?"}, {"answer": "Da", "question": "A mai participat la cursuri sau ateliere artistice?"}, {"answer": "Hobby (explorare creativă și dezvoltare personală)", "question": "Așteptări"}]	89.137.158.224	{"email": "iftim.florinn@gmail.com", "phone": "0734534543", "source": "website", "qa_items": [{"answer": "Da Da", "question": "Nume părinte (complet)"}, {"answer": "0734534543", "question": "Telefon"}, {"answer": "iftim.florinn@gmail.com", "question": "Email"}, {"answer": "Da", "question": "Nume copil"}, {"answer": "7 ani", "question": "Vârsta copilului"}, {"answer": "Da", "question": "Descrieți relația copilului cu arta până în prezent."}, {"answer": "Da", "question": "Cum ați descrie personalitatea copilului?"}, {"answer": "Da", "question": "A mai participat la cursuri sau ateliere artistice?"}, {"answer": "Hobby (explorare creativă și dezvoltare personală)", "question": "Așteptări"}], "child_age": "7 ani", "child_name": "Da", "expectation": "hobby", "parent_name": "Da Da", "dynamic_answers": {"art_relationship": "Da", "child_personality": "Da", "previous_experience": "Da"}, "art_relationship": ""}	Mozilla/5.0 (Macintosh; Intel Mac OS X 10_15_7) AppleWebKit/537.36 (KHTML, like Gecko) Chrome/144.0.0.0 Safari/537.36
3	2026-02-21 17:21:13.738346+00	Florin Iftim	075234235	iftim.florinn@gmail.com	Da Da	5 ani	hobby	website		[{"answer": "Florin Iftim", "question": "Nume părinte (complet)"}, {"answer": "075234235", "question": "Telefon"}, {"answer": "iftim.florinn@gmail.com", "question": "Email"}, {"answer": "Da Da", "question": "Nume copil"}, {"answer": "5 ani", "question": "Vârsta copilului"}, {"answer": "Da", "question": "Descrieți relația copilului cu arta până în prezent."}, {"answer": "Da", "question": "Cum ați descrie personalitatea copilului?"}, {"answer": "Da", "question": "A mai participat la cursuri sau ateliere artistice?"}, {"answer": "Hobby (explorare creativă și dezvoltare personală)", "question": "Așteptări"}]	89.137.158.224	{"email": "iftim.florinn@gmail.com", "phone": "075234235", "source": "website", "qa_items": [{"answer": "Florin Iftim", "question": "Nume părinte (complet)"}, {"answer": "075234235", "question": "Telefon"}, {"answer": "iftim.florinn@gmail.com", "question": "Email"}, {"answer": "Da Da", "question": "Nume copil"}, {"answer": "5 ani", "question": "Vârsta copilului"}, {"answer": "Da", "question": "Descrieți relația copilului cu arta până în prezent."}, {"answer": "Da", "question": "Cum ați descrie personalitatea copilului?"}, {"answer": "Da", "question": "A mai participat la cursuri sau ateliere artistice?"}, {"answer": "Hobby (explorare creativă și dezvoltare personală)", "question": "Așteptări"}], "child_age": "5 ani", "child_name": "Da Da", "expectation": "hobby", "parent_name": "Florin Iftim", "dynamic_answers": {"art_relationship": "Da", "child_personality": "Da", "previous_experience": "Da"}, "art_relationship": ""}	Mozilla/5.0 (Macintosh; Intel Mac OS X 10_15_7) AppleWebKit/537.36 (KHTML, like Gecko) Chrome/144.0.0.0 Safari/537.36
4	2026-02-21 17:28:32.993855+00	Florin Iftim	075234235	floriniftim@mail.com	Da Da	5 ani	hobby	website		[{"answer": "Florin Iftim", "question": "Nume părinte (complet)"}, {"answer": "075234235", "question": "Telefon"}, {"answer": "floriniftim@mail.com", "question": "Email"}, {"answer": "Da Da", "question": "Nume copil"}, {"answer": "5 ani", "question": "Vârsta copilului"}, {"answer": "Da", "question": "Descrieți relația copilului cu arta până în prezent."}, {"answer": "Da", "question": "Cum ați descrie personalitatea copilului?"}, {"answer": "Da", "question": "A mai participat la cursuri sau ateliere artistice?"}, {"answer": "Hobby (explorare creativă și dezvoltare personală)", "question": "Așteptări"}]	89.137.158.224	{"email": "floriniftim@mail.com", "phone": "075234235", "source": "website", "qa_items": [{"answer": "Florin Iftim", "question": "Nume părinte (complet)"}, {"answer": "075234235", "question": "Telefon"}, {"answer": "floriniftim@mail.com", "question": "Email"}, {"answer": "Da Da", "question": "Nume copil"}, {"answer": "5 ani", "question": "Vârsta copilului"}, {"answer": "Da", "question": "Descrieți relația copilului cu arta până în prezent."}, {"answer": "Da", "question": "Cum ați descrie personalitatea copilului?"}, {"answer": "Da", "question": "A mai participat la cursuri sau ateliere artistice?"}, {"answer": "Hobby (explorare creativă și dezvoltare personală)", "question": "Așteptări"}], "child_age": "5 ani", "child_name": "Da Da", "expectation": "hobby", "parent_name": "Florin Iftim", "dynamic_answers": {"art_relationship": "Da", "child_personality": "Da", "previous_experience": "Da"}, "art_relationship": ""}	Mozilla/5.0 (Macintosh; Intel Mac OS X 10_15_7) AppleWebKit/537.36 (KHTML, like Gecko) Chrome/144.0.0.0 Safari/537.36
5	2026-02-22 09:06:26.485062+00	Test Test	0754234324	iftim.florinn@gmail.com	Da Da	5 ani	hobby	website		[{"answer": "Test Test", "question": "Nume părinte (complet)"}, {"answer": "0754234324", "question": "Telefon"}, {"answer": "iftim.florinn@gmail.com", "question": "Email"}, {"answer": "Da Da", "question": "Nume copil"}, {"answer": "5 ani", "question": "Vârsta copilului"}, {"answer": "Da", "question": "Descrieți relația copilului cu arta până în prezent."}, {"answer": "da", "question": "Cum ați descrie personalitatea copilului?"}, {"answer": "da", "question": "A mai participat la cursuri sau ateliere artistice?"}, {"answer": "Hobby (explorare creativă și dezvoltare personală)", "question": "Așteptări"}]	89.137.158.224	{"email": "iftim.florinn@gmail.com", "phone": "0754234324", "source": "website", "qa_items": [{"answer": "Test Test", "question": "Nume părinte (complet)"}, {"answer": "0754234324", "question": "Telefon"}, {"answer": "iftim.florinn@gmail.com", "question": "Email"}, {"answer": "Da Da", "question": "Nume copil"}, {"answer": "5 ani", "question": "Vârsta copilului"}, {"answer": "Da", "question": "Descrieți relația copilului cu arta până în prezent."}, {"answer": "da", "question": "Cum ați descrie personalitatea copilului?"}, {"answer": "da", "question": "A mai participat la cursuri sau ateliere artistice?"}, {"answer": "Hobby (explorare creativă și dezvoltare personală)", "question": "Așteptări"}], "child_age": "5 ani", "child_name": "Da Da", "expectation": "hobby", "parent_name": "Test Test", "dynamic_answers": {"art_relationship": "Da", "child_personality": "da", "previous_experience": "da"}, "art_relationship": ""}	Mozilla/5.0 (Macintosh; Intel Mac OS X 10_15_7) AppleWebKit/537.36 (KHTML, like Gecko) Chrome/144.0.0.0 Safari/537.36
6	2026-02-22 09:16:38.130619+00	Coco Cici	072343241	test@gmail.com	Test Test	7 ani	hobby	website		[{"answer": "Coco Cici", "question": "Nume părinte (complet)"}, {"answer": "072343241", "question": "Telefon"}, {"answer": "test@gmail.com", "question": "Email"}, {"answer": "Test Test", "question": "Nume copil"}, {"answer": "7 ani", "question": "Vârsta copilului"}, {"answer": "Test", "question": "Descrieți relația copilului cu arta până în prezent."}, {"answer": "Test", "question": "Cum ați descrie personalitatea copilului?"}, {"answer": "Test", "question": "A mai participat la cursuri sau ateliere artistice?"}, {"answer": "Hobby (explorare creativă și dezvoltare personală)", "question": "Așteptări"}]	89.137.158.224	{"email": "test@gmail.com", "phone": "072343241", "source": "website", "qa_items": [{"answer": "Coco Cici", "question": "Nume părinte (complet)"}, {"answer": "072343241", "question": "Telefon"}, {"answer": "test@gmail.com", "question": "Email"}, {"answer": "Test Test", "question": "Nume copil"}, {"answer": "7 ani", "question": "Vârsta copilului"}, {"answer": "Test", "question": "Descrieți relația copilului cu arta până în prezent."}, {"answer": "Test", "question": "Cum ați descrie personalitatea copilului?"}, {"answer": "Test", "question": "A mai participat la cursuri sau ateliere artistice?"}, {"answer": "Hobby (explorare creativă și dezvoltare personală)", "question": "Așteptări"}], "child_age": "7 ani", "child_name": "Test Test", "expectation": "hobby", "parent_name": "Coco Cici", "dynamic_answers": {"art_relationship": "Test", "child_personality": "Test", "previous_experience": "Test"}, "art_relationship": ""}	Mozilla/5.0 (Macintosh; Intel Mac OS X 10_15_7) AppleWebKit/537.36 (KHTML, like Gecko) Chrome/144.0.0.0 Safari/537.36
7	2026-02-22 09:21:16.073403+00	Coco Cici	072343241	test@gmail.com	Test Test	7 ani	hobby	website		[{"answer": "Coco Cici", "question": "Nume părinte (complet)"}, {"answer": "072343241", "question": "Telefon"}, {"answer": "test@gmail.com", "question": "Email"}, {"answer": "Test Test", "question": "Nume copil"}, {"answer": "7 ani", "question": "Vârsta copilului"}, {"answer": "Test", "question": "Descrieți relația copilului cu arta până în prezent."}, {"answer": "Test", "question": "Cum ați descrie personalitatea copilului?"}, {"answer": "Test", "question": "A mai participat la cursuri sau ateliere artistice?"}, {"answer": "Hobby (explorare creativă și dezvoltare personală)", "question": "Așteptări"}]	89.137.158.224	{"email": "test@gmail.com", "phone": "072343241", "source": "website", "qa_items": [{"answer": "Coco Cici", "question": "Nume părinte (complet)"}, {"answer": "072343241", "question": "Telefon"}, {"answer": "test@gmail.com", "question": "Email"}, {"answer": "Test Test", "question": "Nume copil"}, {"answer": "7 ani", "question": "Vârsta copilului"}, {"answer": "Test", "question": "Descrieți relația copilului cu arta până în prezent."}, {"answer": "Test", "question": "Cum ați descrie personalitatea copilului?"}, {"answer": "Test", "question": "A mai participat la cursuri sau ateliere artistice?"}, {"answer": "Hobby (explorare creativă și dezvoltare personală)", "question": "Așteptări"}], "child_age": "7 ani", "child_name": "Test Test", "expectation": "hobby", "parent_name": "Coco Cici", "dynamic_answers": {"art_relationship": "Test", "child_personality": "Test", "previous_experience": "Test"}, "art_relationship": ""}	Mozilla/5.0 (Macintosh; Intel Mac OS X 10_15_7) AppleWebKit/537.36 (KHTML, like Gecko) Chrome/144.0.0.0 Safari/537.36
\.


--
-- Data for Name: core_membershipqaitem; Type: TABLE DATA; Schema: public; Owner: postgres
--

COPY public.core_membershipqaitem (id, question, answer, "order", application_id) FROM stdin;
1	Nume părinte (complet)	Florin Iftim	0	1
2	Telefon	07534267634	1	1
3	Email	floriniftim@mail.com	2	1
4	Nume copil	Da. dA	3	1
5	Vârsta copilului	5 ani	4	1
6	Descrieți relația copilului cu arta până în prezent.	Da Da Da	5	1
7	Cum ați descrie personalitatea copilului?	Ok OK	6	1
8	A mai participat la cursuri sau ateliere artistice?	OkOK	7	1
9	Așteptări	Hobby (explorare creativă și dezvoltare personală)	8	1
10	Nume părinte (complet)	Da Da	0	2
11	Telefon	0734534543	1	2
12	Email	iftim.florinn@gmail.com	2	2
13	Nume copil	Da	3	2
14	Vârsta copilului	7 ani	4	2
15	Descrieți relația copilului cu arta până în prezent.	Da	5	2
16	Cum ați descrie personalitatea copilului?	Da	6	2
17	A mai participat la cursuri sau ateliere artistice?	Da	7	2
18	Așteptări	Hobby (explorare creativă și dezvoltare personală)	8	2
19	Nume părinte (complet)	Florin Iftim	0	3
20	Telefon	075234235	1	3
21	Email	iftim.florinn@gmail.com	2	3
22	Nume copil	Da Da	3	3
23	Vârsta copilului	5 ani	4	3
24	Descrieți relația copilului cu arta până în prezent.	Da	5	3
25	Cum ați descrie personalitatea copilului?	Da	6	3
26	A mai participat la cursuri sau ateliere artistice?	Da	7	3
27	Așteptări	Hobby (explorare creativă și dezvoltare personală)	8	3
28	Nume părinte (complet)	Florin Iftim	0	4
29	Telefon	075234235	1	4
30	Email	floriniftim@mail.com	2	4
31	Nume copil	Da Da	3	4
32	Vârsta copilului	5 ani	4	4
33	Descrieți relația copilului cu arta până în prezent.	Da	5	4
34	Cum ați descrie personalitatea copilului?	Da	6	4
35	A mai participat la cursuri sau ateliere artistice?	Da	7	4
36	Așteptări	Hobby (explorare creativă și dezvoltare personală)	8	4
37	Nume părinte (complet)	Test Test	0	5
38	Telefon	0754234324	1	5
39	Email	iftim.florinn@gmail.com	2	5
40	Nume copil	Da Da	3	5
41	Vârsta copilului	5 ani	4	5
42	Descrieți relația copilului cu arta până în prezent.	Da	5	5
43	Cum ați descrie personalitatea copilului?	da	6	5
44	A mai participat la cursuri sau ateliere artistice?	da	7	5
45	Așteptări	Hobby (explorare creativă și dezvoltare personală)	8	5
46	Nume părinte (complet)	Coco Cici	0	6
47	Telefon	072343241	1	6
48	Email	test@gmail.com	2	6
49	Nume copil	Test Test	3	6
50	Vârsta copilului	7 ani	4	6
51	Descrieți relația copilului cu arta până în prezent.	Test	5	6
52	Cum ați descrie personalitatea copilului?	Test	6	6
53	A mai participat la cursuri sau ateliere artistice?	Test	7	6
54	Așteptări	Hobby (explorare creativă și dezvoltare personală)	8	6
55	Nume părinte (complet)	Coco Cici	0	7
56	Telefon	072343241	1	7
57	Email	test@gmail.com	2	7
58	Nume copil	Test Test	3	7
59	Vârsta copilului	7 ani	4	7
60	Descrieți relația copilului cu arta până în prezent.	Test	5	7
61	Cum ați descrie personalitatea copilului?	Test	6	7
62	A mai participat la cursuri sau ateliere artistice?	Test	7	7
63	Așteptări	Hobby (explorare creativă și dezvoltare personală)	8	7
\.


--
-- Data for Name: core_membershipquestion; Type: TABLE DATA; Schema: public; Owner: postgres
--

COPY public.core_membershipquestion (id, key, question_text, suggested_answer, required, is_active, "order") FROM stdin;
\.


--
-- Data for Name: core_membrieformcontent; Type: TABLE DATA; Schema: public; Owner: postgres
--

COPY public.core_membrieformcontent (id, form_kicker, form_title, loading_text, step_label_template, final_label, back_button, continue_button, submit_button, submitting_button, step1_title, step1_subtitle, parent_name_label, parent_name_placeholder, phone_label, phone_placeholder, email_label, email_placeholder, step2_title, step2_subtitle, child_name_label, child_name_placeholder, child_age_label, child_age_placeholder, step3_title_fallback, step3_subtitle_fallback, step3_placeholder_fallback, step3_min_chars_label, step4_title, step4_subtitle, expectation_hobby_title, expectation_hobby_desc, expectation_performance_title, expectation_performance_desc, success_title, success_subtitle, success_reset_button, site_id, questions) FROM stdin;
1	( APLICAȚIE )	Solicită acces la\ncomunitatea noastră.	Se încarcă formularul…	Pasul {step} din {total}	Final	Înapoi	Continuă	Trimite candidatura	Se trimite…	Detalii Părinte	Datele vor fi folosite doar pentru a te contacta.	Nume complet	Numele și prenumele	Telefon	+40 7XX XXX XXX	Email	email@exemplu.ro	Detalii Copil	Doar informațiile necesare pentru a înțelege profilul.	Numele copilului	Numele copilului	Vârsta	Selectează vârsta (minim 4 ani)	Relația cu Arta	Descrieți, pe scurt, relația copilului cu arta până în prezent.	Ce medii artistice a explorat? Ce îl/o fascinează? Există lucrări de care este mândru/mândră?	Minim {min} caractere.	Așteptări	Ce căutați pentru copilul dumneavoastră?	Hobby	Explorare creativă și dezvoltare personală	Performanță	Pregătire pentru o carieră în arte vizuale	Aplicația a fost înregistrată.	Comitetul de admitere vă va contacta în 48h.	Trimite o nouă aplicație	2	[{"id": "d35e747b-8f86-4624-8f50-db26c4dc4a56", "type": "question", "value": {"key": "art_relationship", "order": 1, "required": true, "is_active": true, "question_text": "Descrieți relația copilului cu arta până în prezent.", "suggested_answer": "Ce medii artistice a explorat? Ce îl/o fascinează? Există lucrări de care este mândru/mândră?"}}, {"id": "1a93d024-17ac-45e7-b820-d41cf8b9c7d6", "type": "question", "value": {"key": "child_personality", "order": 2, "required": false, "is_active": true, "question_text": "Cum ați descrie personalitatea copilului?", "suggested_answer": "Este introvertit/extrovertit? Răbdător? Observator? Curios?"}}, {"id": "6ea23baf-9b4a-4195-933b-e1655ab4f905", "type": "question", "value": {"key": "previous_experience", "order": 3, "required": false, "is_active": true, "question_text": "A mai participat la cursuri sau ateliere artistice?", "suggested_answer": "Unde? Ce tip de activitate? Ce i-a plăcut cel mai mult?"}}]
\.


--
-- Data for Name: core_newslettersubscriber; Type: TABLE DATA; Schema: public; Owner: postgres
--

COPY public.core_newslettersubscriber (id, email, created_at, ip_address, user_agent, source, is_active, confirm_sent_at, confirm_token, confirmed_at) FROM stdin;
2	iftim.florinn@gmail.com	2026-02-21 17:10:12.437894+00	89.137.158.224	Mozilla/5.0 (Macintosh; Intel Mac OS X 10_15_7) AppleWebKit/537.36 (KHTML, like Gecko) Chrome/144.0.0.0 Safari/537.36	website	f	2026-02-21 17:10:12.447037+00	op8LqkYoIVogVONJ8M4uPsoxOftUAWFNPFhEkBq4eSI	\N
1	floriniftim@mail.com	2026-02-21 17:09:24.951636+00	89.137.158.224	Mozilla/5.0 (Macintosh; Intel Mac OS X 10_15_7) AppleWebKit/537.36 (KHTML, like Gecko) Chrome/144.0.0.0 Safari/537.36	website	f	2026-02-21 17:31:38.782718+00	YBZbSOM5QBhJbVPcvgIwhTZ4Z8rO4PcpwK9jVXIUboo	\N
3	facem@atelierelascanteia.ro	2026-02-22 09:27:27.893986+00	89.137.158.224	Mozilla/5.0 (Macintosh; Intel Mac OS X 10_15_7) AppleWebKit/537.36 (KHTML, like Gecko) Chrome/144.0.0.0 Safari/537.36	website	t	2026-02-22 09:27:27.937176+00		2026-02-22 09:45:49.447008+00
\.


--
-- Data for Name: django_admin_log; Type: TABLE DATA; Schema: public; Owner: postgres
--

COPY public.django_admin_log (id, action_time, object_id, object_repr, action_flag, change_message, content_type_id, user_id) FROM stdin;
\.


--
-- Data for Name: django_content_type; Type: TABLE DATA; Schema: public; Owner: postgres
--

COPY public.django_content_type (id, app_label, model) FROM stdin;
1	wagtailcore	page
2	wagtailimages	image
3	wagtailadmin	admin
4	wagtailcore	groupapprovaltask
5	home	homepage
6	wagtailcore	collection
7	wagtailcore	collectionviewrestriction
8	wagtailcore	comment
9	wagtailcore	commentreply
10	wagtailcore	groupcollectionpermission
11	wagtailcore	grouppagepermission
12	wagtailcore	groupsitepermission
13	wagtailcore	locale
14	wagtailcore	modellogentry
15	wagtailcore	pagelogentry
16	wagtailcore	pagesubscription
17	wagtailcore	pageviewrestriction
18	wagtailcore	referenceindex
19	wagtailcore	revision
20	wagtailcore	site
21	wagtailcore	task
22	wagtailcore	taskstate
23	wagtailcore	uploadedfile
24	wagtailcore	workflow
25	wagtailcore	workflowcontenttype
26	wagtailcore	workflowpage
27	wagtailcore	workflowstate
28	wagtailcore	workflowtask
29	wagtaildocs	document
30	wagtailforms	formsubmission
31	wagtailredirects	redirect
32	wagtailembeds	embed
33	wagtailusers	userprofile
34	wagtailimages	rendition
35	wagtailsearch	indexentry
36	wagtailadmin	editingsession
37	taggit	tag
38	taggit	taggeditem
39	admin	logentry
40	auth	group
41	auth	permission
42	auth	user
43	contenttypes	contenttype
44	sessions	session
45	core	jurnalarticlepage
46	core	jurnalindexpage
47	core	mainpagecontent
48	core	jurnalarticlegalleryimage
49	core	membershipapplication
50	core	membershipqaitem
51	core	membershipquestion
52	core	membrieformcontent
53	core	newslettersubscriber
\.


--
-- Data for Name: django_migrations; Type: TABLE DATA; Schema: public; Owner: postgres
--

COPY public.django_migrations (id, app, name, applied) FROM stdin;
1	contenttypes	0001_initial	2026-02-14 09:54:36.416453+00
2	auth	0001_initial	2026-02-14 09:54:36.685614+00
3	admin	0001_initial	2026-02-14 09:54:36.81067+00
4	admin	0002_logentry_remove_auto_add	2026-02-14 09:54:36.848556+00
5	admin	0003_logentry_add_action_flag_choices	2026-02-14 09:54:36.893307+00
6	contenttypes	0002_remove_content_type_name	2026-02-14 09:54:37.00175+00
7	auth	0002_alter_permission_name_max_length	2026-02-14 09:54:37.060868+00
8	auth	0003_alter_user_email_max_length	2026-02-14 09:54:37.100932+00
9	auth	0004_alter_user_username_opts	2026-02-14 09:54:37.134264+00
10	auth	0005_alter_user_last_login_null	2026-02-14 09:54:37.275255+00
11	auth	0006_require_contenttypes_0002	2026-02-14 09:54:37.323196+00
12	auth	0007_alter_validators_add_error_messages	2026-02-14 09:54:37.362809+00
13	auth	0008_alter_user_username_max_length	2026-02-14 09:54:37.407264+00
14	auth	0009_alter_user_last_name_max_length	2026-02-14 09:54:37.464989+00
15	auth	0010_alter_group_name_max_length	2026-02-14 09:54:37.565787+00
16	auth	0011_update_proxy_permissions	2026-02-14 09:54:37.619264+00
17	auth	0012_alter_user_first_name_max_length	2026-02-14 09:54:37.667514+00
18	wagtailcore	0001_initial	2026-02-14 09:54:38.183109+00
19	wagtailcore	0002_initial_data	2026-02-14 09:54:38.199594+00
20	wagtailcore	0003_add_uniqueness_constraint_on_group_page_permission	2026-02-14 09:54:38.217846+00
21	wagtailcore	0004_page_locked	2026-02-14 09:54:38.235498+00
22	wagtailcore	0005_add_page_lock_permission_to_moderators	2026-02-14 09:54:38.247367+00
23	wagtailcore	0006_add_lock_page_permission	2026-02-14 09:54:38.264791+00
24	wagtailcore	0007_page_latest_revision_created_at	2026-02-14 09:54:38.284512+00
25	wagtailcore	0008_populate_latest_revision_created_at	2026-02-14 09:54:38.302027+00
26	wagtailcore	0009_remove_auto_now_add_from_pagerevision_created_at	2026-02-14 09:54:38.343652+00
27	wagtailcore	0010_change_page_owner_to_null_on_delete	2026-02-14 09:54:38.365919+00
28	wagtailcore	0011_page_first_published_at	2026-02-14 09:54:38.391654+00
29	wagtailcore	0012_extend_page_slug_field	2026-02-14 09:54:38.414278+00
30	wagtailcore	0013_update_golive_expire_help_text	2026-02-14 09:54:38.453234+00
31	wagtailcore	0014_add_verbose_name	2026-02-14 09:54:38.474623+00
32	wagtailcore	0015_add_more_verbose_names	2026-02-14 09:54:38.498661+00
33	wagtailcore	0016_change_page_url_path_to_text_field	2026-02-14 09:54:38.522705+00
34	wagtailcore	0001_squashed_0016_change_page_url_path_to_text_field	2026-02-14 09:54:38.560665+00
35	wagtailcore	0017_change_edit_page_permission_description	2026-02-14 09:54:38.594244+00
36	wagtailcore	0018_pagerevision_submitted_for_moderation_index	2026-02-14 09:54:38.636005+00
37	wagtailcore	0019_verbose_names_cleanup	2026-02-14 09:54:38.712811+00
38	wagtailcore	0020_add_index_on_page_first_published_at	2026-02-14 09:54:38.765651+00
39	wagtailcore	0021_capitalizeverbose	2026-02-14 09:54:39.458706+00
40	wagtailcore	0022_add_site_name	2026-02-14 09:54:39.498215+00
41	wagtailcore	0023_alter_page_revision_on_delete_behaviour	2026-02-14 09:54:39.529143+00
42	wagtailcore	0024_collection	2026-02-14 09:54:39.619138+00
43	wagtailcore	0025_collection_initial_data	2026-02-14 09:54:39.655181+00
44	wagtailcore	0026_group_collection_permission	2026-02-14 09:54:39.809302+00
45	taggit	0001_initial	2026-02-14 09:54:39.91044+00
46	wagtailimages	0001_initial	2026-02-14 09:54:40.370441+00
47	wagtailimages	0002_initial_data	2026-02-14 09:54:40.391425+00
48	wagtailimages	0003_fix_focal_point_fields	2026-02-14 09:54:40.456259+00
49	wagtailimages	0004_make_focal_point_key_not_nullable	2026-02-14 09:54:40.510284+00
50	wagtailimages	0005_make_filter_spec_unique	2026-02-14 09:54:40.545474+00
51	wagtailimages	0006_add_verbose_names	2026-02-14 09:54:40.565014+00
52	wagtailimages	0007_image_file_size	2026-02-14 09:54:40.575723+00
53	wagtailimages	0008_image_created_at_index	2026-02-14 09:54:40.597055+00
54	wagtailimages	0009_capitalizeverbose	2026-02-14 09:54:40.611129+00
55	wagtailimages	0010_change_on_delete_behaviour	2026-02-14 09:54:40.623449+00
56	wagtailimages	0011_image_collection	2026-02-14 09:54:40.700015+00
57	wagtailimages	0012_copy_image_permissions_to_collections	2026-02-14 09:54:40.713159+00
58	wagtailimages	0013_make_rendition_upload_callable	2026-02-14 09:54:40.760456+00
59	wagtailimages	0014_add_filter_spec_field	2026-02-14 09:54:40.78574+00
60	wagtailimages	0015_fill_filter_spec_field	2026-02-14 09:54:40.807162+00
61	wagtailimages	0016_deprecate_rendition_filter_relation	2026-02-14 09:54:40.825597+00
62	wagtailimages	0017_reduce_focal_point_key_max_length	2026-02-14 09:54:40.851612+00
63	wagtailimages	0018_remove_rendition_filter	2026-02-14 09:54:40.910889+00
64	wagtailimages	0019_delete_filter	2026-02-14 09:54:40.935362+00
65	wagtailimages	0020_add-verbose-name	2026-02-14 09:54:40.978339+00
66	wagtailimages	0021_image_file_hash	2026-02-14 09:54:41.024091+00
67	wagtailimages	0001_squashed_0021	2026-02-14 09:54:41.031438+00
68	wagtailimages	0022_uploadedimage	2026-02-14 09:54:41.168683+00
69	wagtailadmin	0001_create_admin_access_permissions	2026-02-14 09:54:41.275999+00
70	wagtailimages	0023_add_choose_permissions	2026-02-14 09:54:41.522549+00
71	wagtailimages	0024_index_image_file_hash	2026-02-14 09:54:41.601577+00
72	wagtailimages	0025_alter_image_file_alter_rendition_file	2026-02-14 09:54:41.724772+00
73	wagtailimages	0026_delete_uploadedimage	2026-02-14 09:54:41.761575+00
74	wagtailimages	0027_image_description	2026-02-14 09:54:41.825271+00
75	wagtailcore	0027_fix_collection_path_collation	2026-02-14 09:54:41.873092+00
76	wagtailcore	0024_alter_page_content_type_on_delete_behaviour	2026-02-14 09:54:41.917298+00
77	wagtailcore	0028_merge	2026-02-14 09:54:41.963242+00
78	wagtailcore	0029_unicode_slugfield_dj19	2026-02-14 09:54:42.002276+00
79	wagtailcore	0030_index_on_pagerevision_created_at	2026-02-14 09:54:42.084931+00
80	wagtailcore	0031_add_page_view_restriction_types	2026-02-14 09:54:42.31711+00
81	wagtailcore	0032_add_bulk_delete_page_permission	2026-02-14 09:54:42.342839+00
82	wagtailcore	0033_remove_golive_expiry_help_text	2026-02-14 09:54:42.386316+00
83	wagtailcore	0034_page_live_revision	2026-02-14 09:54:42.617085+00
84	wagtailcore	0035_page_last_published_at	2026-02-14 09:54:42.673413+00
85	wagtailcore	0036_populate_page_last_published_at	2026-02-14 09:54:42.775392+00
86	wagtailcore	0037_set_page_owner_editable	2026-02-14 09:54:42.950826+00
87	wagtailcore	0038_make_first_published_at_editable	2026-02-14 09:54:43.059869+00
88	wagtailcore	0039_collectionviewrestriction	2026-02-14 09:54:43.417732+00
89	wagtailcore	0040_page_draft_title	2026-02-14 09:54:43.50214+00
90	wagtailcore	0041_group_collection_permissions_verbose_name_plural	2026-02-14 09:54:43.615917+00
91	wagtailcore	0042_index_on_pagerevision_approved_go_live_at	2026-02-14 09:54:43.662555+00
92	wagtailcore	0043_lock_fields	2026-02-14 09:54:43.787786+00
93	wagtailcore	0044_add_unlock_grouppagepermission	2026-02-14 09:54:43.835587+00
94	wagtailcore	0045_assign_unlock_grouppagepermission	2026-02-14 09:54:43.957772+00
95	wagtailcore	0046_site_name_remove_null	2026-02-14 09:54:44.068171+00
96	wagtailcore	0047_add_workflow_models	2026-02-14 09:54:45.000011+00
97	wagtailcore	0048_add_default_workflows	2026-02-14 09:54:45.405561+00
98	wagtailcore	0049_taskstate_finished_by	2026-02-14 09:54:45.573495+00
99	wagtailcore	0050_workflow_rejected_to_needs_changes	2026-02-14 09:54:45.77496+00
100	wagtailcore	0051_taskstate_comment	2026-02-14 09:54:45.850014+00
101	wagtailcore	0052_pagelogentry	2026-02-14 09:54:46.114526+00
102	home	0001_initial	2026-02-14 09:54:46.470639+00
103	home	0002_create_homepage	2026-02-14 09:54:46.605925+00
104	wagtailcore	0053_locale_model	2026-02-14 09:54:46.741725+00
105	wagtailcore	0054_initial_locale	2026-02-14 09:54:46.80278+00
106	wagtailcore	0055_page_locale_fields	2026-02-14 09:54:46.964233+00
107	wagtailcore	0056_page_locale_fields_populate	2026-02-14 09:54:47.051898+00
108	wagtailcore	0057_page_locale_fields_notnull	2026-02-14 09:54:47.291857+00
109	wagtailcore	0058_page_alias_of	2026-02-14 09:54:47.518461+00
110	wagtailcore	0059_apply_collection_ordering	2026-02-14 09:54:47.726225+00
111	wagtailcore	0060_fix_workflow_unique_constraint	2026-02-14 09:54:47.94743+00
112	wagtailcore	0061_change_promote_tab_helpt_text_and_verbose_names	2026-02-14 09:54:48.0606+00
113	wagtailcore	0062_comment_models_and_pagesubscription	2026-02-14 09:54:48.540753+00
114	wagtailcore	0063_modellogentry	2026-02-14 09:54:48.734452+00
115	wagtailcore	0064_log_timestamp_indexes	2026-02-14 09:54:48.879369+00
116	wagtailcore	0065_log_entry_uuid	2026-02-14 09:54:48.986846+00
117	wagtailcore	0066_collection_management_permissions	2026-02-14 09:54:49.086238+00
118	wagtailcore	0067_alter_pagerevision_content_json	2026-02-14 09:54:49.377058+00
119	wagtailcore	0068_log_entry_empty_object	2026-02-14 09:54:49.501022+00
120	wagtailcore	0069_log_entry_jsonfield	2026-02-14 09:54:49.751094+00
121	wagtailcore	0070_rename_pagerevision_revision	2026-02-14 09:54:51.012577+00
122	wagtailcore	0071_populate_revision_content_type	2026-02-14 09:54:51.165667+00
123	wagtailcore	0072_alter_revision_content_type_notnull	2026-02-14 09:54:51.405704+00
124	wagtailcore	0073_page_latest_revision	2026-02-14 09:54:51.573574+00
125	wagtailcore	0074_revision_object_str	2026-02-14 09:54:51.663899+00
126	wagtailcore	0075_populate_latest_revision_and_revision_object_str	2026-02-14 09:54:52.011488+00
127	wagtailcore	0076_modellogentry_revision	2026-02-14 09:54:52.139301+00
128	wagtailcore	0077_alter_revision_user	2026-02-14 09:54:52.259576+00
129	wagtailcore	0078_referenceindex	2026-02-14 09:54:52.60424+00
130	wagtailcore	0079_rename_taskstate_page_revision	2026-02-14 09:54:52.705798+00
131	wagtailcore	0080_generic_workflowstate	2026-02-14 09:54:53.193863+00
132	wagtailcore	0081_populate_workflowstate_content_type	2026-02-14 09:54:53.269192+00
133	wagtailcore	0082_alter_workflowstate_content_type_notnull	2026-02-14 09:54:53.545743+00
134	wagtailcore	0083_workflowcontenttype	2026-02-14 09:54:53.821999+00
135	wagtailcore	0084_add_default_page_permissions	2026-02-14 09:54:53.90459+00
136	wagtailcore	0085_add_grouppagepermission_permission	2026-02-14 09:54:54.080458+00
137	wagtailcore	0086_populate_grouppagepermission_permission	2026-02-14 09:54:54.492074+00
138	wagtailcore	0087_alter_grouppagepermission_unique_together_and_more	2026-02-14 09:54:54.663973+00
139	wagtailcore	0088_fix_log_entry_json_timestamps	2026-02-14 09:54:55.045277+00
140	wagtailcore	0089_log_entry_data_json_null_to_object	2026-02-14 09:54:55.168093+00
141	wagtailcore	0090_remove_grouppagepermission_permission_type	2026-02-14 09:54:55.399829+00
142	wagtailcore	0091_remove_revision_submitted_for_moderation	2026-02-14 09:54:55.457582+00
143	wagtailcore	0092_alter_collectionviewrestriction_password_and_more	2026-02-14 09:54:55.550197+00
144	wagtailcore	0093_uploadedfile	2026-02-14 09:54:55.652646+00
145	wagtailcore	0094_alter_page_locale	2026-02-14 09:54:55.725249+00
146	wagtailcore	0095_groupsitepermission	2026-02-14 09:54:55.953597+00
147	wagtailcore	0096_referenceindex_referenceindex_source_object_and_more	2026-02-14 09:54:56.093129+00
148	core	0001_initial	2026-02-14 09:54:56.262838+00
149	core	0009_prefill_manifest_settings	2026-02-14 09:54:56.519603+00
150	core	0002_mainpagecontent_hero_kicker	2026-02-14 09:54:56.601378+00
151	core	0003_mainpagecontent_filosofie_cta_text_and_more	2026-02-14 09:54:57.509511+00
152	core	0004_alter_mainpagecontent_hero_kicker_and_more	2026-02-14 09:54:57.609511+00
153	core	0005_testimonial	2026-02-14 09:54:57.666507+00
154	core	0006_delete_testimonial_and_more	2026-02-14 09:54:58.333947+00
155	core	0007_mainpagecontent_manifest_card_1_text_and_more	2026-02-14 09:54:58.960153+00
156	core	0008_alter_mainpagecontent_manifest_label	2026-02-14 09:54:59.004502+00
157	core	0010_merge_20260212_1320	2026-02-14 09:54:59.106024+00
158	core	0011_jurnalindexpage_jurnalarticlepage	2026-02-14 09:54:59.333559+00
159	core	0012_mainpagecontent_spatiul_hidden_keywords_and_more	2026-02-14 09:54:59.462178+00
160	sessions	0001_initial	2026-02-14 09:54:59.594975+00
161	taggit	0002_auto_20150616_2121	2026-02-14 09:54:59.716665+00
162	taggit	0003_taggeditem_add_unique_index	2026-02-14 09:54:59.868926+00
163	taggit	0004_alter_taggeditem_content_type_alter_taggeditem_tag	2026-02-14 09:54:59.986778+00
164	taggit	0005_auto_20220424_2025	2026-02-14 09:55:00.119916+00
165	taggit	0006_rename_taggeditem_content_type_object_id_taggit_tagg_content_8fc721_idx	2026-02-14 09:55:00.288098+00
166	wagtailadmin	0002_admin	2026-02-14 09:55:00.347271+00
167	wagtailadmin	0003_admin_managed	2026-02-14 09:55:00.407003+00
168	wagtailadmin	0004_editingsession	2026-02-14 09:55:00.639703+00
169	wagtailadmin	0005_editingsession_is_editing	2026-02-14 09:55:00.732245+00
170	wagtaildocs	0001_initial	2026-02-14 09:55:00.973722+00
171	wagtaildocs	0002_initial_data	2026-02-14 09:55:01.36328+00
172	wagtaildocs	0003_add_verbose_names	2026-02-14 09:55:01.675259+00
173	wagtaildocs	0004_capitalizeverbose	2026-02-14 09:55:02.173504+00
174	wagtaildocs	0005_document_collection	2026-02-14 09:55:02.378439+00
175	wagtaildocs	0006_copy_document_permissions_to_collections	2026-02-14 09:55:02.551554+00
176	wagtaildocs	0005_alter_uploaded_by_user_on_delete_action	2026-02-14 09:55:02.646488+00
177	wagtaildocs	0007_merge	2026-02-14 09:55:02.714844+00
178	wagtaildocs	0008_document_file_size	2026-02-14 09:55:02.817055+00
179	wagtaildocs	0009_document_verbose_name_plural	2026-02-14 09:55:02.895123+00
180	wagtaildocs	0010_document_file_hash	2026-02-14 09:55:02.978568+00
181	wagtaildocs	0011_add_choose_permissions	2026-02-14 09:55:03.369245+00
182	wagtaildocs	0012_uploadeddocument	2026-02-14 09:55:03.554722+00
183	wagtaildocs	0013_delete_uploadeddocument	2026-02-14 09:55:03.570108+00
184	wagtaildocs	0014_alter_document_file_size	2026-02-14 09:55:03.737938+00
185	wagtailembeds	0001_initial	2026-02-14 09:55:03.800879+00
186	wagtailembeds	0002_add_verbose_names	2026-02-14 09:55:03.903593+00
187	wagtailembeds	0003_capitalizeverbose	2026-02-14 09:55:03.938749+00
188	wagtailembeds	0004_embed_verbose_name_plural	2026-02-14 09:55:03.964403+00
189	wagtailembeds	0005_specify_thumbnail_url_max_length	2026-02-14 09:55:03.995622+00
190	wagtailembeds	0006_add_embed_hash	2026-02-14 09:55:04.114105+00
191	wagtailembeds	0007_populate_hash	2026-02-14 09:55:04.370602+00
192	wagtailembeds	0008_allow_long_urls	2026-02-14 09:55:04.728378+00
193	wagtailembeds	0009_embed_cache_until	2026-02-14 09:55:04.915538+00
194	wagtailforms	0001_initial	2026-02-14 09:55:05.292915+00
195	wagtailforms	0002_add_verbose_names	2026-02-14 09:55:05.43095+00
196	wagtailforms	0003_capitalizeverbose	2026-02-14 09:55:05.525543+00
197	wagtailforms	0004_add_verbose_name_plural	2026-02-14 09:55:05.565897+00
198	wagtailforms	0005_alter_formsubmission_form_data	2026-02-14 09:55:05.647287+00
199	wagtailredirects	0001_initial	2026-02-14 09:55:05.902524+00
200	wagtailredirects	0002_add_verbose_names	2026-02-14 09:55:06.086502+00
201	wagtailredirects	0003_make_site_field_editable	2026-02-14 09:55:06.261735+00
202	wagtailredirects	0004_set_unique_on_path_and_site	2026-02-14 09:55:06.477779+00
203	wagtailredirects	0005_capitalizeverbose	2026-02-14 09:55:06.754826+00
204	wagtailredirects	0006_redirect_increase_max_length	2026-02-14 09:55:06.870551+00
205	wagtailredirects	0007_add_autocreate_fields	2026-02-14 09:55:07.157238+00
206	wagtailredirects	0008_add_verbose_name_plural	2026-02-14 09:55:07.248455+00
207	wagtailsearch	0001_initial	2026-02-14 09:55:07.800001+00
208	wagtailsearch	0002_add_verbose_names	2026-02-14 09:55:07.944818+00
209	wagtailsearch	0003_remove_editors_pick	2026-02-14 09:55:07.974513+00
210	wagtailsearch	0004_querydailyhits_verbose_name_plural	2026-02-14 09:55:08.026508+00
211	wagtailsearch	0005_create_indexentry	2026-02-14 09:55:09.231732+00
212	wagtailsearch	0006_customise_indexentry	2026-02-14 09:55:09.699926+00
213	wagtailsearch	0007_delete_editorspick	2026-02-14 09:55:09.805134+00
214	wagtailsearch	0008_remove_query_and_querydailyhits_models	2026-02-14 09:55:09.900596+00
215	wagtailsearch	0009_remove_ngram_autocomplete	2026-02-14 09:55:09.978093+00
216	wagtailusers	0001_initial	2026-02-14 09:55:10.210841+00
217	wagtailusers	0002_add_verbose_name_on_userprofile	2026-02-14 09:55:10.528265+00
218	wagtailusers	0003_add_verbose_names	2026-02-14 09:55:10.71602+00
219	wagtailusers	0004_capitalizeverbose	2026-02-14 09:55:10.942432+00
220	wagtailusers	0005_make_related_name_wagtail_specific	2026-02-14 09:55:11.088515+00
221	wagtailusers	0006_userprofile_prefered_language	2026-02-14 09:55:11.175405+00
222	wagtailusers	0007_userprofile_current_time_zone	2026-02-14 09:55:11.488386+00
223	wagtailusers	0008_userprofile_avatar	2026-02-14 09:55:11.567647+00
224	wagtailusers	0009_userprofile_verbose_name_plural	2026-02-14 09:55:11.633029+00
225	wagtailusers	0010_userprofile_updated_comments_notifications	2026-02-14 09:55:11.706329+00
226	wagtailusers	0011_userprofile_dismissibles	2026-02-14 09:55:11.79196+00
227	wagtailusers	0012_userprofile_theme	2026-02-14 09:55:11.899642+00
228	wagtailusers	0013_userprofile_density	2026-02-14 09:55:11.993533+00
229	wagtailusers	0014_userprofile_contrast	2026-02-14 09:55:12.098465+00
230	wagtailusers	0015_userprofile_keyboard_shortcuts	2026-02-14 09:55:12.191553+00
231	core	0013_jurnalarticlepage_videos_jurnalarticlegalleryimage	2026-02-14 15:08:17.367254+00
232	core	0014_membershipapplication_membershipquestion_and_more	2026-02-21 17:01:57.22791+00
233	core	0015_alter_membershipquestion_suggested_answer	2026-02-21 17:01:57.240715+00
234	core	0016_membrieformcontent	2026-02-21 17:01:57.33042+00
235	core	0017_alter_membershipquestion_options_and_more	2026-02-21 17:01:57.394494+00
236	core	0018_membershipapplication_ip_address_and_more	2026-02-21 17:01:57.483191+00
237	core	0019_mainpagecontent_spatiul_stat_1_sublabel_and_more	2026-02-21 17:01:57.829614+00
238	core	0020_mainpagecontent_filosofie_paragraph_and_more	2026-02-21 17:01:57.920008+00
239	core	0021_alter_mainpagecontent_manifest_card_1_text_and_more	2026-02-21 17:01:58.013556+00
240	core	0022_newslettersubscriber	2026-02-21 17:01:58.091636+00
241	core	0023_newslettersubscriber_confirm_sent_at_and_more	2026-02-21 17:01:58.152227+00
242	core	0024_alter_mainpagecontent_spatiul_paragraph	2026-02-21 19:48:06.487099+00
243	core	0025_alter_mainpagecontent_manifest_text_and_more	2026-02-21 19:48:06.539769+00
\.


--
-- Data for Name: django_session; Type: TABLE DATA; Schema: public; Owner: postgres
--

COPY public.django_session (session_key, session_data, expire_date) FROM stdin;
uykypm6u5bodki09yqyc109j3o3mcupi	.eJxVjMEOwiAQBf-FsyFsCxR69O43EBa2FjVgoE00xn_XJj3o9c28eTHn12V2a6PqUmQjA3b43dCHK-UNxIvP58JDyUtNyDeF77TxU4l0O-7uX2D2bf6-Bx_AUEfWaNC96noDmqxUovNaIFilZAQTRDA4kB7QBm97LSc5ESgMuEUbtZZKdvS4p_pko3h_AFQmPos:1vrCsd:TipluZTFkk8tq1poqOxHK1YlKnRGFIvi8Zc3MRqrGyM	2026-02-28 10:28:03.036528+00
vm6vr3y0lybpdkebw63vp7gut2uct3u9	.eJxVjMEOwiAQBf-FsyEsBQo9evcbyAJbixowpU00xn_XJj3o9c28eTGP6zL5tdHsc2IDA3b43QLGK5UNpAuWc-WxlmXOgW8K32njp5rodtzdv8CEbfq-e4xgSZKzBkynZWfBkFNaSDQigNNaJbBRRBt6Mn1wEV1n1KhGAh1i2KKNWsu1eHrc8_xkA0jhjBDvD830P70:1vrJLA:8MpfOBLm5x-FuBUJCsM1HSDsJEH7MSDHVSnybsOEVu8	2026-02-28 17:21:56.554844+00
rwvmvwwn08pe1f4lm9ie1fi60o9x8hkq	.eJzNVm1v2zYQ_i8G5C-sDIl6sVRAH2zH2bzlZU1StOswGBR1tplQokZRTtxh_30nS7KTat3nAoYhPnfkHZ9749-jNavNbl1XoNciG70fuaN3r7GU8ScoGkH2yIqtmnBVGC3SSaMy6aTV5FplIOed7psDdqza4e4p424EFOIodEMvoF7khhD7gUNZ6KRuHAR-5kbc4VE6hXCaxpzFXuhv_A24QcrT5tAKqkqoYg0vpdCH0XuXOnHoOO9Gz2xrmJB2qWEv4NkORu__GPFKb3KRZRKemQaj0LXEpz_Pf__0qdo8fbndhZdflvu_Dvkv9_LXu2g3l1_dg3-4-sij317yomCfP3_0nr0PK6126ov4EEbbn8YFvJhkLBXLIFs31o4OiSzxvAHKNTCDADMJdWhoO9R2_Qc3sryZE-Cf709CP0QiLDp3nAZ1xkYYCckFEA7EWlIrcqx4udVgLSIrjoFJ1qMXBCrT6EmSM0HSuiClVhuolCYZEKaNtfCtyBtzdGKr9CG5XF3d3t9erpbjHAxLQpKLglgLas2nZGZACtBjeOGgS5NYC8-KlgVhLW7RBXnjBSlqAqQH-IQs0QsDWjBJUl0bUgKmSU1UijmwZ0e9uYDmHF5r9kjanYJIkae43IuvNZOT8Q60WoucbSEZb5mUoA_tsrIfbh9mV-vL27vr-4R-K1zdrB5W3xdfr27WNx-vO7EzEM8-vxK7jjPQcOzWKXc6lHBWGoz3wGHckyXBEL29u1jeJe5QcLG8Wj4sB-e4ve1oKPmebbexHQ7R1vaAH_dkey8yUJXNVV1g2vZL18byBkxmdPsEKZ2BRjJPgDmUkBxXZwzdcCHglGbUTiO-sf0wZXY0pWCziLtp4E2z2NucN-yZrOHkhzM07HSGXwFDw0fuuedxDxuKncYOs_00Du3IcULb51EWhj4EbBOfN3SGU5UdEms6tyhNpeJPFX5gbVrBvAWf4NAhlG4rOc2aFV3gv8HecBL1BQRZzfv0Z8eSNYK3lTksKiBYxaKosHJyrJ9TB_CaclNE113VFDAhi8bCjBYZ4aoUspbkCCyL1hiytsXu0FrCvVIU4lVL0cywrkGcG0qpsISxeeyhELgFiQFSqPrsbYXr9jIxKkqRgsZjgB0bDsG2LJVmkzMhGJYTITVe6yDhTFcGpdm1YqdFRIFewn2jdoezBl5RH1y0KsiKMIfvSTO8VYdirKYXzQ8Fg7jtQv1I_z9uGPrmVlxp4KbWgmhWIiENC7LmuuUkx2bW0240pC2qBR5FFtDQ1QvbYOWl7AKSsT4JvEuyqPNGt-I7bIadAld5qb6KU-acNpC8NifrxyYrG0cxkeomFsfzAEO5P46HqqwLXDW8eJc_fmAeuVs6_x2YWZt3jLCSaaKFyWvZREMUBooTTf1YyUTFRYleM5LKvlJ6xmdNOXUDqlCmnUqiR7AEu6FUgq5UgRON4wOC8L5UzSmsxIi8_MHy_e3Oa1Z-ozCuZL1NMF2qpuXY-H6w8f1g4_vB7t8P4wrUun2J4CfTfLfOoOJadLMGc7NpT29HsnOG3w7jV4Jvx_BZ8GYAj7dqLcUempfT-PjYO36O3rnTqeuFIQ2diUfdMIj-_Odfa6pVNQ:1vsTHY:Hnwcs829A6MhV3g1Vqfp63zhlFAsZfxpRYfRq-2vPVU	2026-03-03 22:11:00.322883+00
\.


--
-- Data for Name: home_homepage; Type: TABLE DATA; Schema: public; Owner: postgres
--

COPY public.home_homepage (page_ptr_id) FROM stdin;
3
\.


--
-- Data for Name: taggit_tag; Type: TABLE DATA; Schema: public; Owner: postgres
--

COPY public.taggit_tag (id, name, slug) FROM stdin;
\.


--
-- Data for Name: taggit_taggeditem; Type: TABLE DATA; Schema: public; Owner: postgres
--

COPY public.taggit_taggeditem (id, object_id, content_type_id, tag_id) FROM stdin;
\.


--
-- Data for Name: wagtailadmin_admin; Type: TABLE DATA; Schema: public; Owner: postgres
--

COPY public.wagtailadmin_admin (id) FROM stdin;
\.


--
-- Data for Name: wagtailadmin_editingsession; Type: TABLE DATA; Schema: public; Owner: postgres
--

COPY public.wagtailadmin_editingsession (id, object_id, last_seen_at, content_type_id, user_id, is_editing) FROM stdin;
190	5	2026-02-21 20:53:31.477225+00	1	1	f
191	5	2026-02-21 20:53:45.312321+00	1	1	f
194	7	2026-02-21 20:55:48.075167+00	1	1	f
195	7	2026-02-21 20:56:04.08438+00	1	1	f
176	5	2026-02-21 20:07:03.468384+00	1	1	f
177	5	2026-02-21 20:07:05.441524+00	1	1	f
178	5	2026-02-21 20:07:16.836117+00	1	1	f
181	5	2026-02-21 20:16:44.380158+00	1	1	f
182	5	2026-02-21 20:16:56.970293+00	1	1	f
\.


--
-- Data for Name: wagtailcore_collection; Type: TABLE DATA; Schema: public; Owner: postgres
--

COPY public.wagtailcore_collection (id, path, depth, numchild, name) FROM stdin;
1	0001	1	0	Root
\.


--
-- Data for Name: wagtailcore_collectionviewrestriction; Type: TABLE DATA; Schema: public; Owner: postgres
--

COPY public.wagtailcore_collectionviewrestriction (id, restriction_type, password, collection_id) FROM stdin;
\.


--
-- Data for Name: wagtailcore_collectionviewrestriction_groups; Type: TABLE DATA; Schema: public; Owner: postgres
--

COPY public.wagtailcore_collectionviewrestriction_groups (id, collectionviewrestriction_id, group_id) FROM stdin;
\.


--
-- Data for Name: wagtailcore_comment; Type: TABLE DATA; Schema: public; Owner: postgres
--

COPY public.wagtailcore_comment (id, text, contentpath, "position", created_at, updated_at, resolved_at, page_id, resolved_by_id, revision_created_id, user_id) FROM stdin;
\.


--
-- Data for Name: wagtailcore_commentreply; Type: TABLE DATA; Schema: public; Owner: postgres
--

COPY public.wagtailcore_commentreply (id, text, created_at, updated_at, comment_id, user_id) FROM stdin;
\.


--
-- Data for Name: wagtailcore_groupapprovaltask; Type: TABLE DATA; Schema: public; Owner: postgres
--

COPY public.wagtailcore_groupapprovaltask (task_ptr_id) FROM stdin;
1
\.


--
-- Data for Name: wagtailcore_groupapprovaltask_groups; Type: TABLE DATA; Schema: public; Owner: postgres
--

COPY public.wagtailcore_groupapprovaltask_groups (id, groupapprovaltask_id, group_id) FROM stdin;
1	1	1
\.


--
-- Data for Name: wagtailcore_groupcollectionpermission; Type: TABLE DATA; Schema: public; Owner: postgres
--

COPY public.wagtailcore_groupcollectionpermission (id, collection_id, group_id, permission_id) FROM stdin;
1	1	1	1
2	1	2	1
3	1	1	2
4	1	2	2
5	1	1	5
6	1	2	5
7	1	1	110
8	1	2	110
9	1	1	111
10	1	2	111
11	1	1	113
12	1	2	113
\.


--
-- Data for Name: wagtailcore_grouppagepermission; Type: TABLE DATA; Schema: public; Owner: postgres
--

COPY public.wagtailcore_grouppagepermission (id, group_id, page_id, permission_id) FROM stdin;
1	1	1	70
2	1	1	71
3	1	1	76
4	2	1	70
5	2	1	71
6	1	1	75
7	1	1	77
\.


--
-- Data for Name: wagtailcore_groupsitepermission; Type: TABLE DATA; Schema: public; Owner: postgres
--

COPY public.wagtailcore_groupsitepermission (id, group_id, permission_id, site_id) FROM stdin;
\.


--
-- Data for Name: wagtailcore_locale; Type: TABLE DATA; Schema: public; Owner: postgres
--

COPY public.wagtailcore_locale (id, language_code) FROM stdin;
1	en
\.


--
-- Data for Name: wagtailcore_modellogentry; Type: TABLE DATA; Schema: public; Owner: postgres
--

COPY public.wagtailcore_modellogentry (id, label, action, data, "timestamp", content_changed, deleted, object_id, content_type_id, user_id, uuid, revision_id) FROM stdin;
1	main page content for localhost [default]	wagtail.edit	{}	2026-02-14 10:28:50.590645+00	t	f	1	47	1	bacb9df0-cf09-476b-8b22-1a8535e76141	\N
2	main page content for localhost [default]	wagtail.edit	{}	2026-02-14 10:29:11.196288+00	t	f	1	47	1	842c6695-313f-4aab-81d7-2084fbddda5d	\N
3	jurnal3	wagtail.delete	{}	2026-02-14 17:10:42.366267+00	f	f	10	2	1	6e172d73-5f44-41a9-921f-6440c61ef5c6	\N
4	main page content for localhost [default]	wagtail.edit	{}	2026-02-21 17:35:32.784652+00	t	f	1	47	1	5ead7d19-a86b-4274-8e9b-f4897405c9ce	\N
5	main page content for localhost [default]	wagtail.edit	{}	2026-02-21 17:35:48.823888+00	t	f	1	47	1	3cdd027e-5c26-4bbc-a06b-ea8ed0c2fe90	\N
6	main page content for localhost [default]	wagtail.edit	{}	2026-02-21 17:38:10.61963+00	t	f	1	47	1	7a72e596-7ca8-4c2e-9f92-759d2e9b4388	\N
7	main page content for localhost [default]	wagtail.edit	{}	2026-02-21 17:45:06.229515+00	t	f	1	47	1	9d6c26bf-76e6-4c6b-9da3-0a2a86074c83	\N
8	main page content for localhost [default]	wagtail.edit	{}	2026-02-21 18:12:39.782024+00	t	f	1	47	1	4dc609be-a854-4ef2-8f3a-3bae1aff8c9e	\N
9	main page content for localhost [default]	wagtail.edit	{}	2026-02-21 19:50:18.461891+00	t	f	1	47	1	446642fd-53f7-4d89-a97f-132cd25fffb9	\N
\.


--
-- Data for Name: wagtailcore_page; Type: TABLE DATA; Schema: public; Owner: postgres
--

COPY public.wagtailcore_page (id, path, depth, numchild, title, slug, live, has_unpublished_changes, url_path, seo_title, show_in_menus, search_description, go_live_at, expire_at, expired, content_type_id, owner_id, locked, latest_revision_created_at, first_published_at, live_revision_id, last_published_at, draft_title, locked_at, locked_by_id, translation_key, locale_id, alias_of_id, latest_revision_id) FROM stdin;
1	0001	1	1	Root	root	t	f	/		f		\N	\N	f	1	\N	f	\N	\N	\N	\N	Root	\N	\N	326949b5-94cd-49fa-ba85-41389ed12cf4	1	\N	\N
3	00010001	2	1	Home	home	t	f	/home/		f		\N	\N	f	5	\N	f	\N	\N	\N	\N	Home	\N	\N	eed35868-82e7-43b8-ac50-a7dc33c286db	1	\N	\N
6	0001000100010002	4	0	Materialele contează: de la tempera de supermarket la pigment profesionist	materialele-conteaza	t	f	/home/jurnal/materialele-conteaza/		f		\N	\N	f	45	\N	f	2026-02-14 18:02:03.985664+00	2026-02-14 10:39:12.347+00	30	2026-02-14 18:02:05.038248+00	Materialele contează: de la tempera de supermarket la pigment profesionist	\N	\N	2260338d-c344-40ce-8129-075895b3880d	1	\N	30
7	0001000100010003	4	0	Arhitectura mentoratului: Cine ghidează creativitatea la Atelierele Scânteia?	spatiul-ca-mentor	t	f	/home/jurnal/spatiul-ca-mentor/		f		\N	\N	f	45	\N	f	2026-02-21 20:56:06.376947+00	2026-02-14 10:39:23.75+00	60	2026-02-21 20:56:06.510373+00	Arhitectura mentoratului: Cine ghidează creativitatea la Atelierele Scânteia?	\N	\N	da1aff16-6789-44b9-9c53-42f008f8de7f	1	\N	60
4	000100010001	3	3	Jurnal	jurnal	t	f	/home/jurnal/		f		\N	\N	f	46	\N	f	2026-02-17 23:43:23.877449+00	2026-02-14 10:38:50.202+00	48	2026-02-17 23:43:24.010431+00	Jurnal	\N	\N	2130f33d-8b8a-46be-8f10-32f8b78e0861	1	\N	48
5	0001000100010001	4	0	Ce se întâmplă, de fapt, acum în locul unde se tipărea propaganda!	greseala-cel-mai-bun-profesor	t	f	/home/jurnal/greseala-cel-mai-bun-profesor/		f		\N	\N	f	45	\N	f	2026-02-21 20:53:57.726992+00	2026-02-14 10:39:01.757+00	58	2026-02-21 20:53:57.81657+00	Ce se întâmplă, de fapt, acum în locul unde se tipărea propaganda!	\N	\N	7ef518c9-4492-45bb-8538-020acb8d9f7e	1	\N	58
\.


--
-- Data for Name: wagtailcore_pagelogentry; Type: TABLE DATA; Schema: public; Owner: postgres
--

COPY public.wagtailcore_pagelogentry (id, label, action, data, "timestamp", content_changed, deleted, content_type_id, page_id, revision_id, user_id, uuid) FROM stdin;
1	Jurnal	wagtail.create	{}	2026-02-14 10:38:45.73737+00	t	f	46	4	\N	\N	\N
2	Jurnal	wagtail.publish	{}	2026-02-14 10:38:53.079436+00	t	f	46	4	1	\N	\N
3	De ce „greșeala” este cel mai bun profesor de artă	wagtail.create	{}	2026-02-14 10:38:56.9288+00	t	f	45	5	\N	\N	\N
4	De ce „greșeala” este cel mai bun profesor de artă	wagtail.publish	{}	2026-02-14 10:39:04.591577+00	t	f	45	5	2	\N	\N
5	Materialele contează: de la tempera de supermarket la pigment profesionist	wagtail.create	{}	2026-02-14 10:39:08.171762+00	t	f	45	6	\N	\N	\N
6	Materialele contează: de la tempera de supermarket la pigment profesionist	wagtail.publish	{}	2026-02-14 10:39:15.934951+00	t	f	45	6	3	\N	\N
7	Spațiul ca mentor: cum arhitectura influențează creativitatea	wagtail.create	{}	2026-02-14 10:39:19.434005+00	t	f	45	7	\N	\N	\N
8	Spațiul ca mentor: cum arhitectura influențează creativitatea	wagtail.publish	{}	2026-02-14 10:39:26.500558+00	t	f	45	7	4	\N	\N
9	Materialele contează: de la tempera de supermarket la pigment profesionist	wagtail.edit	{}	2026-02-14 15:48:25.98275+00	t	f	45	6	5	1	dbf5cc6e-8f3f-4293-b1f4-2c4c2fd689ce
10	Materialele contează: de la tempera de supermarket la pigment profesionist	wagtail.edit	{}	2026-02-14 15:48:28.704359+00	t	f	45	6	6	1	ce7698bd-6f2b-48d4-b368-7df95e27a35c
11	Materialele contează: de la tempera de supermarket la pigment profesionist	wagtail.publish	{}	2026-02-14 15:48:29.286787+00	f	f	45	6	6	1	ce7698bd-6f2b-48d4-b368-7df95e27a35c
12	Materialele contează: de la tempera de supermarket la pigment profesionist	wagtail.edit	{}	2026-02-14 15:49:18.297225+00	t	f	45	6	7	1	bc383370-c9a3-4047-993e-1ba319fc9b7d
13	Materialele contează: de la tempera de supermarket la pigment profesionist	wagtail.edit	{}	2026-02-14 15:49:20.083368+00	t	f	45	6	8	1	a0c511c4-6669-422d-972a-81e49538f71c
14	Materialele contează: de la tempera de supermarket la pigment profesionist	wagtail.publish	{}	2026-02-14 15:49:20.310333+00	f	f	45	6	8	1	a0c511c4-6669-422d-972a-81e49538f71c
15	Materialele contează: de la tempera de supermarket la pigment profesionist	wagtail.edit	{}	2026-02-14 16:14:19.435841+00	t	f	45	6	9	1	a2f6c7d6-111a-40e4-ac5b-e2ae5bca514a
16	t	wagtail.create	{}	2026-02-14 16:39:43.714617+00	t	f	45	8	\N	1	93b8b2ff-47d3-4c50-95d0-f7801139a162
17	t	wagtail.edit	{}	2026-02-14 16:39:44.138344+00	t	f	45	8	10	1	93b8b2ff-47d3-4c50-95d0-f7801139a162
18	t	wagtail.edit	{}	2026-02-14 16:39:45.946333+00	t	f	45	8	11	1	831d05cf-ecb2-49b0-82a9-a7baaff0019d
19	t	wagtail.edit	{}	2026-02-14 16:39:48.413837+00	t	f	45	8	12	1	bbd00d8a-b7f2-46d7-9f24-06d7948b9c6e
20	t	wagtail.publish	{}	2026-02-14 16:39:49.098533+00	f	f	45	8	12	1	bbd00d8a-b7f2-46d7-9f24-06d7948b9c6e
21	Spațiul ca mentor: cum arhitectura influențează creativitatea	wagtail.edit	{}	2026-02-14 16:43:01.904503+00	t	f	45	7	13	1	9d4d2d28-c468-4ecd-91a0-00123edeea03
22	Spațiul ca mentor: cum arhitectura influențează creativitatea	wagtail.edit	{}	2026-02-14 16:43:19.100591+00	t	f	45	7	13	1	ccdae7cb-18fe-4d47-920f-72000e8a25e2
23	Spațiul ca mentor: cum arhitectura influențează creativitatea	wagtail.edit	{}	2026-02-14 16:43:20.435187+00	t	f	45	7	13	1	e52300f4-3a9e-45df-b325-f260a5a797dd
24	Spațiul ca mentor: cum arhitectura influențează creativitatea	wagtail.edit	{}	2026-02-14 16:43:31.78105+00	t	f	45	7	13	1	0d9036c8-b4e3-4b68-84f9-aa3567b4c9ed
25	Spațiul ca mentor: cum arhitectura influențează creativitatea	wagtail.edit	{}	2026-02-14 16:43:32.696288+00	t	f	45	7	14	1	b442093f-0a5c-4431-b712-5e996d6355af
26	Spațiul ca mentor: cum arhitectura influențează creativitatea	wagtail.publish	{}	2026-02-14 16:43:34.177274+00	t	f	45	7	14	1	b442093f-0a5c-4431-b712-5e996d6355af
27	t	wagtail.delete	{}	2026-02-14 16:43:52.97454+00	f	t	45	8	\N	1	7304ccfc-c1e7-4c5d-8575-8519f7bf8281
28	De ce „greșeala” este cel mai bun profesor de artă	wagtail.edit	{}	2026-02-14 16:44:32.332455+00	t	f	45	5	15	1	cbda786c-d79d-4d9f-a507-b2e78ecfca7d
29	De ce „greșeala” este cel mai bun profesor de artă	wagtail.edit	{}	2026-02-14 16:44:54.965827+00	t	f	45	5	16	1	06be24ad-bed9-4c03-a1aa-362410e56057
30	De ce „greșeala” este cel mai bun profesor de artă	wagtail.publish	{}	2026-02-14 16:44:55.55215+00	f	f	45	5	16	1	06be24ad-bed9-4c03-a1aa-362410e56057
31	Materialele contează: de la tempera de supermarket la pigment profesionist	wagtail.edit	{}	2026-02-14 16:45:38.421641+00	t	f	45	6	17	1	e00af60e-d302-4b35-80a5-7db8f085a615
32	Materialele contează: de la tempera de supermarket la pigment profesionist	wagtail.edit	{}	2026-02-14 16:45:50.720666+00	t	f	45	6	17	1	0a2df9a4-07bf-4f51-9d09-b990a89d1fcf
33	Materialele contează: de la tempera de supermarket la pigment profesionist	wagtail.edit	{}	2026-02-14 16:45:58.941998+00	t	f	45	6	18	1	53605ac8-9dff-46fb-a294-fc79975c988e
34	Materialele contează: de la tempera de supermarket la pigment profesionist	wagtail.publish	{}	2026-02-14 16:45:59.849573+00	f	f	45	6	18	1	53605ac8-9dff-46fb-a294-fc79975c988e
35	Materialele contează: de la tempera de supermarket la pigment profesionist	wagtail.edit	{}	2026-02-14 16:47:59.094756+00	t	f	45	6	19	1	f24a35f1-6ce1-4f95-a600-fb3fe5f7fd4a
36	Materialele contează: de la tempera de supermarket la pigment profesionist	wagtail.edit	{}	2026-02-14 16:48:02.204461+00	t	f	45	6	20	1	47971051-abc0-4798-9e53-a7acb134a815
37	Materialele contează: de la tempera de supermarket la pigment profesionist	wagtail.publish	{}	2026-02-14 16:48:02.774702+00	f	f	45	6	20	1	47971051-abc0-4798-9e53-a7acb134a815
38	De ce „greșeala” este cel mai bun profesor de artă	wagtail.edit	{}	2026-02-14 16:49:33.909089+00	t	f	45	5	21	1	e09b62ce-9d77-4c6b-9bbb-4803d1199143
39	De ce „greșeala” este cel mai bun profesor de artă	wagtail.edit	{}	2026-02-14 16:49:45.499943+00	t	f	45	5	22	1	e203f6c8-cc3b-49ae-807c-ed6b1354c210
40	De ce „greșeala” este cel mai bun profesor de artă	wagtail.publish	{}	2026-02-14 16:49:46.021876+00	t	f	45	5	22	1	e203f6c8-cc3b-49ae-807c-ed6b1354c210
41	Materialele contează: de la tempera de supermarket la pigment profesionist	wagtail.edit	{}	2026-02-14 16:54:02.523255+00	t	f	45	6	23	1	0d7eb77f-4aa3-4865-8550-816a58bba9e7
42	Materialele contează: de la tempera de supermarket la pigment profesionist	wagtail.publish	{}	2026-02-14 16:54:02.944498+00	f	f	45	6	23	1	0d7eb77f-4aa3-4865-8550-816a58bba9e7
43	Materialele contează: de la tempera de supermarket la pigment profesionist	wagtail.edit	{}	2026-02-14 16:58:47.085462+00	t	f	45	6	24	1	01ae0c58-2d03-4cf1-b1cb-8e2d7a785e6d
44	Materialele contează: de la tempera de supermarket la pigment profesionist	wagtail.publish	{}	2026-02-14 16:58:47.657735+00	f	f	45	6	24	1	01ae0c58-2d03-4cf1-b1cb-8e2d7a785e6d
45	Spațiul ca mentor: cum arhitectura influențează creativitatea	wagtail.edit	{}	2026-02-14 17:09:45.986994+00	t	f	45	7	25	1	4d51cf3f-d8ba-48e5-b64b-27a45b0e26ca
46	Spațiul ca mentor: cum arhitectura influențează creativitatea	wagtail.edit	{}	2026-02-14 17:10:45.125973+00	t	f	45	7	25	1	a66e5f9c-c448-4963-84fb-ff5540519ba1
47	Spațiul ca mentor: cum arhitectura influențează creativitatea	wagtail.edit	{}	2026-02-14 17:11:06.114719+00	t	f	45	7	25	1	fc92ebfc-3f38-44fb-825d-9cd9f9b7231f
48	Spațiul ca mentor: cum arhitectura influențează creativitatea	wagtail.edit	{}	2026-02-14 17:11:10.469383+00	t	f	45	7	25	1	c5097e27-f14b-4bc9-87bb-3bc466b30545
49	Spațiul ca mentor: cum arhitectura influențează creativitatea	wagtail.edit	{}	2026-02-14 17:11:14.910032+00	t	f	45	7	25	1	8cedadcf-4c88-4cff-8d2f-49229c9f4877
50	Spațiul ca mentor: cum arhitectura influențează creativitatea	wagtail.edit	{}	2026-02-14 17:11:24.98133+00	t	f	45	7	25	1	656b85f3-70b8-4a96-9982-f1dd740ab2f8
51	Spațiul ca mentor: cum arhitectura influențează creativitatea	wagtail.edit	{}	2026-02-14 17:11:28.519589+00	t	f	45	7	25	1	ee43948e-062b-4305-8ba9-e9ef3cc8c6ab
52	Spațiul ca mentor: cum arhitectura influențează creativitatea	wagtail.edit	{}	2026-02-14 17:11:44.084909+00	t	f	45	7	25	1	b80c5b82-9c72-4669-9e65-794809a930b9
53	Spațiul ca mentor: cum arhitectura influențează creativitatea	wagtail.edit	{}	2026-02-14 17:11:45.251957+00	t	f	45	7	26	1	a20b5f02-a6aa-4e75-a75a-c5fee3969b97
54	Spațiul ca mentor: cum arhitectura influențează creativitatea	wagtail.publish	{}	2026-02-14 17:11:46.592253+00	t	f	45	7	26	1	a20b5f02-a6aa-4e75-a75a-c5fee3969b97
55	De ce „greșeala” este cel mai bun profesor de artă	wagtail.edit	{}	2026-02-14 17:14:17.752174+00	t	f	45	5	27	1	530ef241-cc22-4fb6-b1f2-c70e998e765f
56	De ce „greșeala” este cel mai bun profesor de artă	wagtail.edit	{}	2026-02-14 17:14:24.561074+00	t	f	45	5	27	1	77d89abc-23d4-4943-ba20-a7f540cf8da7
57	De ce „greșeala” este cel mai bun profesor de artă	wagtail.edit	{}	2026-02-14 17:14:37.44542+00	t	f	45	5	27	1	eb04cf41-327b-451f-9f6d-de55c563947d
58	De ce „greșeala” este cel mai bun profesor de artă	wagtail.edit	{}	2026-02-14 17:14:40.341809+00	t	f	45	5	27	1	ebe0813a-0b9b-4235-a739-6ac613facc8c
59	De ce „greșeala” este cel mai bun profesor de artă	wagtail.edit	{}	2026-02-14 17:14:58.166842+00	t	f	45	5	27	1	0ba2bbb3-11ab-45df-a5d6-2e2a5737d47f
60	De ce „greșeala” este cel mai bun profesor de artă	wagtail.edit	{}	2026-02-14 18:01:43.768562+00	t	f	45	5	28	1	26d84a96-956e-4f5c-b4dc-4f9ed159427d
61	De ce „greșeala” este cel mai bun profesor de artă	wagtail.publish	{}	2026-02-14 18:01:45.451521+00	t	f	45	5	28	1	26d84a96-956e-4f5c-b4dc-4f9ed159427d
62	Spațiul ca mentor: cum arhitectura influențează creativitatea	wagtail.edit	{}	2026-02-14 18:01:55.721488+00	t	f	45	7	29	1	1e3305e9-32bd-45df-a0d0-931085583e43
63	Spațiul ca mentor: cum arhitectura influențează creativitatea	wagtail.publish	{}	2026-02-14 18:01:57.309007+00	f	f	45	7	29	1	1e3305e9-32bd-45df-a0d0-931085583e43
64	Materialele contează: de la tempera de supermarket la pigment profesionist	wagtail.edit	{}	2026-02-14 18:02:04.025817+00	t	f	45	6	30	1	3233fc4c-c3cf-4363-85cf-734767f478ad
65	Materialele contează: de la tempera de supermarket la pigment profesionist	wagtail.publish	{}	2026-02-14 18:02:05.484721+00	f	f	45	6	30	1	3233fc4c-c3cf-4363-85cf-734767f478ad
66	Spațiul ca mentor: cum arhitectura influențează creativitatea	wagtail.edit	{}	2026-02-14 18:03:52.333418+00	t	f	45	7	31	1	229b15ea-abb9-4672-a643-18141c3d84df
67	Spațiul ca mentor: cum arhitectura influențează creativitatea	wagtail.edit	{}	2026-02-14 18:04:07.926591+00	t	f	45	7	31	1	ebe1576a-90b7-4d10-bd98-666f2ebf70f1
68	De ce „greșeala” este cel mai bun profesor de artă	wagtail.edit	{}	2026-02-14 18:05:30.700154+00	t	f	45	5	32	1	21514d73-d2b5-4909-9469-cc945e3035aa
69	De ce „greșeala” este cel mai bun profesor de artă	wagtail.edit	{}	2026-02-14 18:05:43.875046+00	t	f	45	5	32	1	62616553-c2d6-42f0-8009-8c1139eca0dd
70	De ce „greșeala” este cel mai bun profesor de artă	wagtail.edit	{}	2026-02-14 18:05:44.669839+00	t	f	45	5	33	1	27b58409-16bb-4ff8-a454-fed5b52c87e6
71	De ce „greșeala” este cel mai bun profesor de artă	wagtail.publish	{}	2026-02-14 18:05:45.961926+00	t	f	45	5	33	1	27b58409-16bb-4ff8-a454-fed5b52c87e6
72	De ce „greșeala” este cel mai bun profesor de artă	wagtail.edit	{}	2026-02-17 22:10:13.971467+00	t	f	45	5	34	1	fda406e9-6c81-4252-93e3-b4ca7b81af2c
73	De ce „greșeala” este cel mai bun profesor de artă	wagtail.edit	{}	2026-02-17 22:10:42.053472+00	t	f	45	5	34	1	a6b5cd3f-8181-40a5-9ebb-8438eb556d4f
74	De ce „greșeala” este cel mai bun profesor de artă	wagtail.edit	{}	2026-02-17 22:15:08.902321+00	t	f	45	5	35	1	027fc7cc-6168-4ed5-84cc-94bb9f8188f8
75	De ce „greșeala” este cel mai bun profesor de artă	wagtail.edit	{}	2026-02-17 22:15:12.43644+00	t	f	45	5	35	1	c6413621-622c-4749-ac37-7e6c686d2788
76	De ce „greșeala” este cel mai bun profesor de artă	wagtail.edit	{}	2026-02-17 22:15:15.410027+00	t	f	45	5	35	1	8c26a127-e3af-4b33-84c8-7c215b3f673e
77	De ce „greșeala” este cel mai bun profesor de artă	wagtail.edit	{}	2026-02-17 22:15:17.731398+00	t	f	45	5	36	1	9184f14e-cc1f-4ea1-b645-fe3ab45aa5ef
78	De ce „greșeala” este cel mai bun profesor de artă	wagtail.edit	{}	2026-02-17 22:15:37.634394+00	t	f	45	5	37	1	5f4999d4-e8eb-4511-8622-1ca3d42de9a1
79	De ce „greșeala” este cel mai bun profesor de artă	wagtail.edit	{}	2026-02-17 22:17:17.840154+00	t	f	45	5	38	1	9360f412-3f1d-466a-9853-b22a62137983
80	De ce „greșeala” este cel mai bun profesor de artă	wagtail.publish	{}	2026-02-17 22:17:18.134044+00	f	f	45	5	38	1	9360f412-3f1d-466a-9853-b22a62137983
81	De ce „greșeala” este cel mai bun profesor de artă	wagtail.edit	{}	2026-02-17 23:23:53.559677+00	t	f	45	5	39	1	fae532db-e448-4c08-8284-87cc21b6f7aa
82	De ce „greșeala” este cel mai bun profesor de artă	wagtail.edit	{}	2026-02-17 23:26:30.603582+00	t	f	45	5	39	1	ffc63f18-3cde-4092-9fd9-8e17f06110bb
83	Ce se întâmplă, de fapt, acum în locul unde se tipărea propaganda!	wagtail.edit	{}	2026-02-17 23:26:40.183894+00	t	f	45	5	39	1	f54f97ec-ed7f-46e5-8702-9f0dd1926484
84	Ce se întâmplă, de fapt, acum în locul unde se tipărea propaganda!	wagtail.edit	{}	2026-02-17 23:30:38.160579+00	t	f	45	5	39	1	d056c1be-2e56-486e-9af0-b0b11085c74b
85	Ce se întâmplă, de fapt, acum în locul unde se tipărea propaganda!	wagtail.edit	{}	2026-02-17 23:30:55.151395+00	t	f	45	5	39	1	5e0287b4-ed94-4df6-8938-b5dc53ae7406
86	Ce se întâmplă, de fapt, acum în locul unde se tipărea propaganda!	wagtail.edit	{}	2026-02-17 23:31:02.595055+00	t	f	45	5	39	1	5e0fcca9-d85a-436b-ba3b-d5cad005cac0
87	Ce se întâmplă, de fapt, acum în locul unde se tipărea propaganda!	wagtail.edit	{}	2026-02-17 23:31:06.597934+00	t	f	45	5	39	1	94289bba-7c0e-4cc2-bce9-e6bba0b8795a
88	Ce se întâmplă, de fapt, acum în locul unde se tipărea propaganda!	wagtail.edit	{}	2026-02-17 23:31:40.136075+00	t	f	45	5	39	1	a4400e8f-d4b5-4669-8c3f-0ec4ab7f40a5
89	Ce se întâmplă, de fapt, acum în locul unde se tipărea propaganda!	wagtail.edit	{}	2026-02-17 23:31:42.604453+00	t	f	45	5	39	1	48dce88c-b9ed-4438-af0b-b5c464051f42
90	Ce se întâmplă, de fapt, acum în locul unde se tipărea propaganda!	wagtail.edit	{}	2026-02-17 23:34:03.215884+00	t	f	45	5	39	1	88507352-0c76-4ad8-a442-73b6c8681038
91	Ce se întâmplă, de fapt, acum în locul unde se tipărea propaganda!	wagtail.edit	{}	2026-02-17 23:34:03.761473+00	t	f	45	5	40	1	6271c208-77ac-41cb-ac72-9e5247dc4705
92	Ce se întâmplă, de fapt, acum în locul unde se tipărea propaganda!	wagtail.edit	{}	2026-02-17 23:34:19.959062+00	t	f	45	5	41	1	d060ba7b-9615-4b96-9b90-c373a7f48d02
93	Ce se întâmplă, de fapt, acum în locul unde se tipărea propaganda!	wagtail.edit	{}	2026-02-17 23:34:26.380895+00	t	f	45	5	42	1	75ecefa7-60d7-457c-a101-70b5fe84204b
94	Ce se întâmplă, de fapt, acum în locul unde se tipărea propaganda!	wagtail.edit	{}	2026-02-17 23:34:31.545403+00	t	f	45	5	43	1	9bc1550a-4764-45b5-9fa7-27b4f04a053d
95	Ce se întâmplă, de fapt, acum în locul unde se tipărea propaganda!	wagtail.rename	{"title": {"new": "Ce se întâmplă, de fapt, acum în locul unde se tipărea propaganda!", "old": "De ce „greșeala” este cel mai bun profesor de artă"}}	2026-02-17 23:34:31.778505+00	f	f	45	5	43	1	9bc1550a-4764-45b5-9fa7-27b4f04a053d
96	Ce se întâmplă, de fapt, acum în locul unde se tipărea propaganda!	wagtail.publish	{"title": {"new": "Ce se întâmplă, de fapt, acum în locul unde se tipărea propaganda!", "old": "De ce „greșeala” este cel mai bun profesor de artă"}}	2026-02-17 23:34:31.793692+00	f	f	45	5	43	1	9bc1550a-4764-45b5-9fa7-27b4f04a053d
97	Ce se întâmplă, de fapt, acum în locul unde se tipărea propaganda!	wagtail.edit	{}	2026-02-17 23:37:33.109751+00	t	f	45	5	44	1	45daf0d4-130c-43fd-aa33-60a5b6c13667
98	Ce se întâmplă, de fapt, acum în locul unde se tipărea propaganda!	wagtail.edit	{}	2026-02-17 23:37:36.133231+00	t	f	45	5	44	1	300189ac-e1f4-4ed2-a2e1-a73b310e12bf
99	Ce se întâmplă, de fapt, acum în locul unde se tipărea propaganda!	wagtail.edit	{}	2026-02-17 23:37:47.11847+00	t	f	45	5	44	1	c9da39c0-329f-4dc6-a44e-2b16dc09587c
101	Ce se întâmplă, de fapt, acum în locul unde se tipărea propaganda!	wagtail.edit	{}	2026-02-17 23:38:00.665026+00	t	f	45	5	44	1	75f02dbc-f721-41fa-a56f-7093b2dac637
102	Ce se întâmplă, de fapt, acum în locul unde se tipărea propaganda!	wagtail.edit	{}	2026-02-17 23:38:05.329375+00	t	f	45	5	45	1	5d800b2e-9d8d-4ffd-866e-160b6c692b64
100	Ce se întâmplă, de fapt, acum în locul unde se tipărea propaganda!	wagtail.edit	{}	2026-02-17 23:37:52.127457+00	t	f	45	5	44	1	e7de8fdb-1820-44e1-b27c-c013a24b8175
103	Jurnal	wagtail.edit	{}	2026-02-17 23:42:34.145206+00	t	f	46	4	46	1	f0ad074f-5c63-4bad-b01d-65746604cc17
104	Jurnal	wagtail.edit	{}	2026-02-17 23:42:39.281647+00	t	f	46	4	46	1	95d5b5e6-0c3b-4079-8d9a-4f7fc5232a45
105	Jurnal	wagtail.edit	{}	2026-02-17 23:43:09.832426+00	t	f	46	4	47	1	cdf0a8a0-03fb-4a24-85b4-cc4b771e9b70
106	Jurnal	wagtail.edit	{}	2026-02-17 23:43:23.893189+00	t	f	46	4	48	1	c13d934b-689a-4dd9-bbd6-036f9413299c
107	Jurnal	wagtail.publish	{}	2026-02-17 23:43:24.127916+00	f	f	46	4	48	1	c13d934b-689a-4dd9-bbd6-036f9413299c
108	Spațiul ca mentor: cum arhitectura influențează creativitatea	wagtail.edit	{}	2026-02-18 15:02:59.306858+00	t	f	45	7	49	1	8f97ec33-4d46-4380-9ab8-cd8091f1475d
109	Spațiul ca mentor: cum arhitectura influențează creativitatea	wagtail.edit	{}	2026-02-18 15:03:02.109772+00	t	f	45	7	49	1	c11336be-b15a-4ade-9dae-c2f7b98d8ae3
110	Spațiul ca mentor: cum arhitectura influențează creativitatea	wagtail.edit	{}	2026-02-18 15:03:10.449803+00	t	f	45	7	49	1	dff75b67-098a-49bc-a554-afed8ba70edf
111	Arhitectura mentoratului: Cine ghidează creativitatea la Atelierele Scânteia?	wagtail.edit	{}	2026-02-18 15:03:19.588423+00	t	f	45	7	49	1	5e77cc60-2bf3-4b1d-926f-04c56f07be1e
112	Arhitectura mentoratului: Cine ghidează creativitatea la Atelierele Scânteia?	wagtail.edit	{}	2026-02-18 15:03:29.479667+00	t	f	45	7	49	1	eccfc8b8-89e4-4ec0-9e71-900e14db0986
113	Arhitectura mentoratului: Cine ghidează creativitatea la Atelierele Scânteia?	wagtail.edit	{}	2026-02-18 15:03:35.86224+00	t	f	45	7	49	1	490b4c0d-9730-4517-abf6-3f989a79ac4e
114	Arhitectura mentoratului: Cine ghidează creativitatea la Atelierele Scânteia?	wagtail.edit	{}	2026-02-18 15:03:41.249747+00	t	f	45	7	49	1	6c6f994a-3756-43d1-83cb-bad8a5a3a7d1
115	Arhitectura mentoratului: Cine ghidează creativitatea la Atelierele Scânteia?	wagtail.edit	{}	2026-02-18 15:04:25.943886+00	t	f	45	7	49	1	f8278c79-69c5-4da9-8361-08ae9a17c0bc
116	Arhitectura mentoratului: Cine ghidează creativitatea la Atelierele Scânteia?	wagtail.edit	{}	2026-02-18 15:04:43.821253+00	t	f	45	7	49	1	1e7b5f35-cc3a-42d2-8e38-0d9ec36254d5
117	Arhitectura mentoratului: Cine ghidează creativitatea la Atelierele Scânteia?	wagtail.edit	{}	2026-02-18 15:04:50.118909+00	t	f	45	7	49	1	3796b8ab-3e37-477f-884f-f3e3b0f6630e
118	Arhitectura mentoratului: Cine ghidează creativitatea la Atelierele Scânteia?	wagtail.edit	{}	2026-02-18 15:04:53.48757+00	t	f	45	7	49	1	2beb1160-8826-430b-a665-53d609d8d6b1
119	Arhitectura mentoratului: Cine ghidează creativitatea la Atelierele Scânteia?	wagtail.edit	{}	2026-02-18 15:09:38.314732+00	t	f	45	7	49	1	e9b0a9a1-f65f-405b-accd-e9c57944c5ff
120	Arhitectura mentoratului: Cine ghidează creativitatea la Atelierele Scânteia?	wagtail.edit	{}	2026-02-18 15:09:44.326526+00	t	f	45	7	50	1	05f0766d-3ac2-4277-a0d6-6d256bb0be03
121	Arhitectura mentoratului: Cine ghidează creativitatea la Atelierele Scânteia?	wagtail.rename	{"title": {"new": "Arhitectura mentoratului: Cine ghidează creativitatea la Atelierele Scânteia?", "old": "Spațiul ca mentor: cum arhitectura influențează creativitatea"}}	2026-02-18 15:09:45.542284+00	f	f	45	7	50	1	05f0766d-3ac2-4277-a0d6-6d256bb0be03
122	Arhitectura mentoratului: Cine ghidează creativitatea la Atelierele Scânteia?	wagtail.publish	{"title": {"new": "Arhitectura mentoratului: Cine ghidează creativitatea la Atelierele Scânteia?", "old": "Spațiul ca mentor: cum arhitectura influențează creativitatea"}}	2026-02-18 15:09:45.68635+00	f	f	45	7	50	1	05f0766d-3ac2-4277-a0d6-6d256bb0be03
123	Arhitectura mentoratului: Cine ghidează creativitatea la Atelierele Scânteia?	wagtail.edit	{}	2026-02-18 15:12:04.903388+00	t	f	45	7	51	1	b6443b92-90f2-4afe-9436-208bf0a6af7b
124	Arhitectura mentoratului: Cine ghidează creativitatea la Atelierele Scânteia?	wagtail.edit	{}	2026-02-18 15:12:15.456346+00	t	f	45	7	51	1	6431fd42-c534-442e-9230-478a501e82e6
125	Arhitectura mentoratului: Cine ghidează creativitatea la Atelierele Scânteia?	wagtail.edit	{}	2026-02-18 15:12:19.656419+00	t	f	45	7	52	1	68c7d5c0-27ca-460f-ad64-9df64d32a17c
126	Arhitectura mentoratului: Cine ghidează creativitatea la Atelierele Scânteia?	wagtail.publish	{}	2026-02-18 15:12:20.092082+00	t	f	45	7	52	1	68c7d5c0-27ca-460f-ad64-9df64d32a17c
127	Ce se întâmplă, de fapt, acum în locul unde se tipărea propaganda!	wagtail.edit	{}	2026-02-21 20:07:03.366177+00	t	f	45	5	53	1	7f59ef10-505a-4681-95a3-b973b14fe495
128	Ce se întâmplă, de fapt, acum în locul unde se tipărea propaganda!	wagtail.edit	{}	2026-02-21 20:07:05.34377+00	t	f	45	5	53	1	c7574d0e-aad0-481a-8210-3bbbc4bf5d14
129	Ce se întâmplă, de fapt, acum în locul unde se tipărea propaganda!	wagtail.edit	{}	2026-02-21 20:07:16.771081+00	t	f	45	5	53	1	f7d0638c-c197-48ed-b11d-2b1c3a7f69aa
130	Ce se întâmplă, de fapt, acum în locul unde se tipărea propaganda!	wagtail.edit	{}	2026-02-21 20:07:25.993535+00	t	f	45	5	54	1	e36378de-8adc-4dc3-a2d2-465800a3d984
131	Ce se întâmplă, de fapt, acum în locul unde se tipărea propaganda!	wagtail.publish	{}	2026-02-21 20:07:26.139601+00	t	f	45	5	54	1	e36378de-8adc-4dc3-a2d2-465800a3d984
132	Ce se întâmplă, de fapt, acum în locul unde se tipărea propaganda!	wagtail.edit	{}	2026-02-21 20:16:44.230123+00	t	f	45	5	55	1	1e71b8a4-eb15-4b06-8def-3fafa926f920
133	Ce se întâmplă, de fapt, acum în locul unde se tipărea propaganda!	wagtail.edit	{}	2026-02-21 20:16:56.789638+00	t	f	45	5	55	1	8134f4d2-844a-4c49-be08-ba04c2c88da2
134	Ce se întâmplă, de fapt, acum în locul unde se tipărea propaganda!	wagtail.edit	{}	2026-02-21 20:42:45.779494+00	t	f	45	5	56	1	79dcd047-b4fc-419a-bd82-51f588a07e52
135	Ce se întâmplă, de fapt, acum în locul unde se tipărea propaganda!	wagtail.publish	{}	2026-02-21 20:42:46.018931+00	f	f	45	5	56	1	79dcd047-b4fc-419a-bd82-51f588a07e52
136	Ce se întâmplă, de fapt, acum în locul unde se tipărea propaganda!	wagtail.edit	{}	2026-02-21 20:53:31.393954+00	t	f	45	5	57	1	59165601-414f-4f9a-980b-8c959c7878ac
137	Ce se întâmplă, de fapt, acum în locul unde se tipărea propaganda!	wagtail.edit	{}	2026-02-21 20:53:45.177589+00	t	f	45	5	57	1	09196806-d0ab-4d0c-bf3b-67ae9358d96f
138	Ce se întâmplă, de fapt, acum în locul unde se tipărea propaganda!	wagtail.edit	{}	2026-02-21 20:53:57.741311+00	t	f	45	5	58	1	14abf44c-1bff-4356-b34d-4080b92d989c
139	Ce se întâmplă, de fapt, acum în locul unde se tipărea propaganda!	wagtail.publish	{}	2026-02-21 20:53:57.959377+00	f	f	45	5	58	1	14abf44c-1bff-4356-b34d-4080b92d989c
140	Arhitectura mentoratului: Cine ghidează creativitatea la Atelierele Scânteia?	wagtail.edit	{}	2026-02-21 20:55:47.9904+00	t	f	45	7	59	1	e90fbe31-389c-414e-b88e-94611d6cd145
141	Arhitectura mentoratului: Cine ghidează creativitatea la Atelierele Scânteia?	wagtail.edit	{}	2026-02-21 20:56:03.956596+00	t	f	45	7	59	1	11988249-dd6a-436b-84d1-79071db60900
142	Arhitectura mentoratului: Cine ghidează creativitatea la Atelierele Scânteia?	wagtail.edit	{}	2026-02-21 20:56:06.387552+00	t	f	45	7	60	1	ebb92006-846b-4e46-88c6-385912e34983
143	Arhitectura mentoratului: Cine ghidează creativitatea la Atelierele Scânteia?	wagtail.publish	{}	2026-02-21 20:56:06.661229+00	f	f	45	7	60	1	ebb92006-846b-4e46-88c6-385912e34983
\.


--
-- Data for Name: wagtailcore_pagesubscription; Type: TABLE DATA; Schema: public; Owner: postgres
--

COPY public.wagtailcore_pagesubscription (id, comment_notifications, page_id, user_id) FROM stdin;
6	f	3	1
2	f	4	1
3	f	6	1
5	f	5	1
1	f	7	1
\.


--
-- Data for Name: wagtailcore_pageviewrestriction; Type: TABLE DATA; Schema: public; Owner: postgres
--

COPY public.wagtailcore_pageviewrestriction (id, password, page_id, restriction_type) FROM stdin;
\.


--
-- Data for Name: wagtailcore_pageviewrestriction_groups; Type: TABLE DATA; Schema: public; Owner: postgres
--

COPY public.wagtailcore_pageviewrestriction_groups (id, pageviewrestriction_id, group_id) FROM stdin;
\.


--
-- Data for Name: wagtailcore_referenceindex; Type: TABLE DATA; Schema: public; Owner: postgres
--

COPY public.wagtailcore_referenceindex (id, object_id, to_object_id, model_path, content_path, content_path_hash, base_content_type_id, content_type_id, to_content_type_id) FROM stdin;
9	5	1	collection	collection	b40b1263-e929-57f2-a7f8-9dbce56b887b	2	2	6
10	6	1	collection	collection	b40b1263-e929-57f2-a7f8-9dbce56b887b	2	2	6
15	8	1	collection	collection	b40b1263-e929-57f2-a7f8-9dbce56b887b	2	2	6
16	9	1	collection	collection	b40b1263-e929-57f2-a7f8-9dbce56b887b	2	2	6
20	11	1	collection	collection	b40b1263-e929-57f2-a7f8-9dbce56b887b	2	2	6
21	12	1	collection	collection	b40b1263-e929-57f2-a7f8-9dbce56b887b	2	2	6
24	13	1	collection	collection	b40b1263-e929-57f2-a7f8-9dbce56b887b	2	2	6
25	14	1	collection	collection	b40b1263-e929-57f2-a7f8-9dbce56b887b	2	2	6
28	15	1	collection	collection	b40b1263-e929-57f2-a7f8-9dbce56b887b	2	2	6
29	16	1	collection	collection	b40b1263-e929-57f2-a7f8-9dbce56b887b	2	2	6
30	17	1	collection	collection	b40b1263-e929-57f2-a7f8-9dbce56b887b	2	2	6
31	18	1	collection	collection	b40b1263-e929-57f2-a7f8-9dbce56b887b	2	2	6
36	19	1	collection	collection	b40b1263-e929-57f2-a7f8-9dbce56b887b	2	2	6
37	20	1	collection	collection	b40b1263-e929-57f2-a7f8-9dbce56b887b	2	2	6
40	21	1	collection	collection	b40b1263-e929-57f2-a7f8-9dbce56b887b	2	2	6
41	22	1	collection	collection	b40b1263-e929-57f2-a7f8-9dbce56b887b	2	2	6
44	23	1	collection	collection	b40b1263-e929-57f2-a7f8-9dbce56b887b	2	2	6
45	24	1	collection	collection	b40b1263-e929-57f2-a7f8-9dbce56b887b	2	2	6
46	5	24	gallery_images.item.image	gallery_images.7.image	f7fa1624-f1b1-519b-baaa-8a4b6ea1e4f4	1	45	2
47	5	23	gallery_images.item.image	gallery_images.5.image	cdf9c3ee-75a5-5afb-ad86-a99b828ba13f	1	45	2
48	25	1	collection	collection	b40b1263-e929-57f2-a7f8-9dbce56b887b	2	2	6
49	26	1	collection	collection	b40b1263-e929-57f2-a7f8-9dbce56b887b	2	2	6
50	7	25	gallery_images.item.image	gallery_images.3.image	aefd6a2a-9c55-5bd0-9ece-9d049598cafe	1	45	2
51	7	26	gallery_images.item.image	gallery_images.4.image	47a3b3ad-9179-50b0-ac1e-5afaf60b19bf	1	45	2
\.


--
-- Data for Name: wagtailcore_revision; Type: TABLE DATA; Schema: public; Owner: postgres
--

COPY public.wagtailcore_revision (id, created_at, content, approved_go_live_at, object_id, user_id, content_type_id, base_content_type_id, object_str) FROM stdin;
2	2026-02-14 10:38:59.42276+00	{"pk": 5, "body": "<p>În educația estetică, greșeala e un instrument – nu o rușine. Când copilul înțelege că o linie „ratată” poate deveni o idee nouă, se naște libertatea de a explora.</p>\\n<p>În loc de corecturi rapide, lucrăm cu întrebări: Ce se întâmplă dacă? Cum se schimbă compoziția dacă mutăm centrul de greutate? Ce poveste spune pata?</p>\\n<p>Așa apar ritmul, intenția și disciplina blândă: nu pentru note, ci pentru un limbaj personal care crește în timp.</p>", "live": true, "meta": "6 min · Atelier", "path": "0001000100010001", "slug": "greseala-cel-mai-bun-profesor", "depth": 4, "owner": null, "title": "De ce „greșeala” este cel mai bun profesor de artă", "locale": 1, "locked": false, "excerpt": "În atelier, greșeala nu e eșec. E material brut pentru observație, curaj și limbaj vizual.", "expired": false, "alias_of": null, "category": "FILOSOFIE", "numchild": 0, "url_path": "/home/jurnal/greseala-cel-mai-bun-profesor/", "expire_at": null, "locked_at": null, "locked_by": null, "seo_title": "", "go_live_at": null, "hero_image": 1, "draft_title": "De ce „greșeala” este cel mai bun profesor de artă", "content_type": 45, "live_revision": null, "show_in_menus": false, "latest_revision": null, "translation_key": "7ef518c9-4492-45bb-8538-020acb8d9f7e", "last_published_at": null, "first_published_at": null, "search_description": "", "wagtail_admin_comments": [], "has_unpublished_changes": false, "latest_revision_created_at": null}	\N	5	\N	45	1	De ce „greșeala” este cel mai bun profesor de artă
57	2026-02-21 20:53:45.161218+00	{"pk": 5, "body": "<h2 data-block-key=\\"gsl7d\\">Secretul din pereții Casei Presei Libere: De la zgomotul tiparnițelor la tăcerea concentrată</h2><p data-block-key=\\"aldk7\\">Există clădiri care poartă în tencuiala lor ceva, poate o energie adormită ce așteaptă să fie trezită, poate niște ciuperci arhaice sau poate doar așteaptă un buldozer. Sunt locuri născute din rigoare, din muncă repetitivă, din zgomotul tiparnițelor sau al mașinilor. Acum, aceste spații își descoperă un alt sens: acela de a găzdui tăcerea concentrată a copiilor și zgomotul pensulelor pe pânză; ce metaforă cretină.</p><h2 data-block-key=\\"cb6vi\\">Cum arată cele mai atipice ateliere de pictură din sectorul 1</h2><p data-block-key=\\"cs9ke\\">Lumina intră prin ferestre înalte peste mesele de lucru și peste borcanele cu vopsea, peste hârtii albe care așteaptă prima urmă de culoare. Pentru copiii care calcă pragul acestor <b>ateliere de pictură din sectorul 1</b>, pereții grei și gri ai clădirii nu au istoria pe care o (mai) știm noi. Pentru ei, locul nu e fost, ci nou.</p><p data-block-key=\\"a6bmk\\">Îl cuceresc cu spontaneitatea lor, îl umplu de râsete, de gesturi imperfecte, de pete vii. În fiecare linie trasată, în fiecare culoare care scapă din contur, spațiul își recapătă... Ce să își recapate? Ceva ce nu a avut niciodată?! Își câștigă un strop de libertăți.</p><h3 data-block-key=\\"3kgos\\">Arta ca formă de conversație, nu ca propagandă</h3><p data-block-key=\\"d8knc\\">E o ironie naivă în felul în care arta copiilor se așază peste memoria unui loc constrâns. Ceea ce era disciplină devine acum libertate. Ceea ce era comunicare rigidă devine conversație. Arta e conversație, nu performanță. Iar pentru cei mici, nici măcar o formă de propagandă.</p><p data-block-key=\\"l1jk\\">Într-o lume în care educația vizuală pare un lux, aceste ateliere sunt mici... Sunt mici, asta voiam să spun. Doar locuri unde copiii învață fără să știe că învață sau ce învață. Învață? Aici, educația nu se măsoară în tehnici, ci în felul în care lumina cade pe chipul lor atunci când descoperă ceva nou. În tăcerea aceea concentrată, în bucuria descoperirii unei nuanțe, într-o dungă trasată pe lângă, dar care, din întâmplare, dă sens. Și arta, acest cuvânt folosit la orice, devine o formă de încredere.</p><h3 data-block-key=\\"ag4n\\">Reconversia sensului: Un spațiu care învață din nou să fie viu</h3><p data-block-key=\\"bneeb\\">Poate că adevărata reconversie nu e cea arhitecturală, ci cea umană — felul în care un loc învață să fie viu, prin copii care nu poartă nostalgia trecutului, ci o formă pură de prezent.</p><p data-block-key=\\"28vth\\">Adesea se vorbește despre „reconversia” clădirii, dar termenul nu surprinde esența. Aș fi tentat să zic chiar că o alterează. Fosta Casă a Scânteii, devenită ulterior Casa Presei Libere, nu și-a pierdut funcția de bază: un spațiu dedicat comunicării și exprimării unui mesaj. Ceea ce s-a schimbat este mesajul însuși. Odinioară se transmitea prin text și imagine tipărită material de propagandă, iar astăzi prin culori, forme și gesturi spontane. În ambele cazuri, locul rămâne un mediator între creator și public, între gânduri și percepție.</p><p data-block-key=\\"b6nta\\">Pereții rămân aceiași, doar mesajul e altul, unul mai viu, mai colorat, mai inocent. Și poate că asta e marea lecție: dincolo de toate straturile de ciment și tencuială care cade, un spațiu există doar atunci când e locuit.<br/> De imaginație.</p>", "live": true, "meta": "3 min · Atelier", "path": "0001000100010001", "slug": "greseala-cel-mai-bun-profesor", "depth": 4, "owner": null, "title": "Ce se întâmplă, de fapt, acum în locul unde se tipărea propaganda!", "locale": 1, "locked": false, "videos": "[]", "excerpt": "Uită tot ce știai despre fosta Casă a Scânteii. În spatele tencuielii reci și al zidurilor de beton nu se mai ascund mașinării de propagandă, ci cele mai vibrante ateliere de pictură din sectorul 1. Descoperă cum un grup de copii reușește să transforme în fiecare weekend un spațiu rigid și plin de cenzură într-o explozie de culoare, fără reguli și fără nostalgii inutile. O reconversie a sensului, ascunsă de restul orașului.", "expired": false, "alias_of": null, "category": "FILOSOFIE", "numchild": 0, "url_path": "/home/jurnal/greseala-cel-mai-bun-profesor/", "expire_at": null, "locked_at": null, "locked_by": null, "seo_title": "", "go_live_at": null, "hero_image": null, "draft_title": "Ce se întâmplă, de fapt, acum în locul unde se tipărea propaganda!", "content_type": 45, "live_revision": 56, "show_in_menus": false, "gallery_images": [{"pk": 5, "page": 5, "image": 23, "caption": "Arta ca formă de conversație, nu ca propagandă", "sort_order": 0}, {"pk": 7, "page": 5, "image": 24, "caption": "", "sort_order": 1}], "latest_revision": 57, "translation_key": "7ef518c9-4492-45bb-8538-020acb8d9f7e", "last_published_at": "2026-02-21T20:42:45.871Z", "first_published_at": "2026-02-14T10:39:01.757Z", "search_description": "", "wagtail_admin_comments": [], "has_unpublished_changes": true, "latest_revision_created_at": "2026-02-21T20:53:31.373Z"}	\N	5	1	45	1	Ce se întâmplă, de fapt, acum în locul unde se tipărea propaganda!
1	2026-02-14 10:38:48.180214+00	{"pk": 4, "live": true, "path": "000100010001", "slug": "jurnal", "depth": 3, "intro": "- Gânduri scurte, blânde și practice despre procesul creativ al copiilor: materiale, spațiu, curaj și bucuria de a încerca.", "label": "( ARHIVA SCÂNTEIA )", "owner": null, "title": "Jurnal", "locale": 1, "locked": false, "expired": false, "alias_of": null, "numchild": 0, "subtitle": "— note despre artă", "url_path": "/home/jurnal/", "expire_at": null, "locked_at": null, "locked_by": null, "seo_title": "", "go_live_at": null, "draft_title": "Jurnal", "content_type": 46, "live_revision": null, "show_in_menus": false, "latest_revision": null, "translation_key": "2130f33d-8b8a-46be-8f10-32f8b78e0861", "last_published_at": null, "first_published_at": null, "search_description": "", "wagtail_admin_comments": [], "has_unpublished_changes": false, "latest_revision_created_at": null}	\N	4	\N	46	1	Jurnal
44	2026-02-17 23:38:00.648656+00	{"pk": 5, "body": "<h2 data-block-key=\\"gsl7d\\">Secretul din pereții Casei Presei Libere: De la zgomotul tiparnițelor la tăcerea concentrată</h2><p data-block-key=\\"aldk7\\">Există clădiri care poartă în tencuiala lor ceva, poate o energie adormită ce așteaptă să fie trezită, poate niște ciuperci arhaice sau poate doar așteaptă un buldozer. Sunt locuri născute din rigoare, din muncă repetitivă, din zgomotul tiparnițelor sau al mașinilor. Acum, aceste spații își descoperă un alt sens: acela de a găzdui tăcerea concentrată a copiilor și zgomotul pensulelor pe pânză; ce metaforă cretină.</p><h2 data-block-key=\\"cb6vi\\">Cum arată cele mai atipice ateliere de pictură din sectorul 1</h2><p data-block-key=\\"cs9ke\\">Lumina intră prin ferestre înalte peste mesele de lucru și peste borcanele cu vopsea, peste hârtii albe care așteaptă prima urmă de culoare. Pentru copiii care calcă pragul acestor <b>ateliere de pictură din sectorul 1</b>, pereții grei și gri ai clădirii nu au istoria pe care o (mai) știm noi. Pentru ei, locul nu e fost, ci nou.</p><p data-block-key=\\"a6bmk\\">Îl cuceresc cu spontaneitatea lor, îl umplu de râsete, de gesturi imperfecte, de pete vii. În fiecare linie trasată, în fiecare culoare care scapă din contur, spațiul își recapătă... Ce să își recapate? Ceva ce nu a avut niciodată?! Își câștigă un strop de libertăți.</p><h3 data-block-key=\\"3kgos\\">Arta ca formă de conversație, nu ca propagandă</h3><p data-block-key=\\"d8knc\\">E o ironie naivă în felul în care arta copiilor se așază peste memoria unui loc constrâns. Ceea ce era disciplină devine acum libertate. Ceea ce era comunicare rigidă devine conversație. Arta e conversație, nu performanță. Iar pentru cei mici, nici măcar o formă de propagandă.</p><p data-block-key=\\"l1jk\\">Într-o lume în care educația vizuală pare un lux, aceste ateliere sunt mici... Sunt mici, asta voiam să spun. Doar locuri unde copiii învață fără să știe că învață sau ce învață. Învață? Aici, educația nu se măsoară în tehnici, ci în felul în care lumina cade pe chipul lor atunci când descoperă ceva nou. În tăcerea aceea concentrată, în bucuria descoperirii unei nuanțe, într-o dungă trasată pe lângă, dar care, din întâmplare, dă sens. Și arta, acest cuvânt folosit la orice, devine o formă de încredere.</p><h3 data-block-key=\\"ag4n\\">Reconversia sensului: Un spațiu care învață din nou să fie viu</h3><p data-block-key=\\"bneeb\\">Poate că adevărata reconversie nu e cea arhitecturală, ci cea umană — felul în care un loc învață să fie viu, prin copii care nu poartă nostalgia trecutului, ci o formă pură de prezent.</p><p data-block-key=\\"28vth\\">Adesea se vorbește despre „reconversia” clădirii, dar termenul nu surprinde esența. Aș fi tentat să zic chiar că o alterează. Fosta Casă a Scânteii, devenită ulterior Casa Presei Libere, nu și-a pierdut funcția de bază: un spațiu dedicat comunicării și exprimării unui mesaj. Ceea ce s-a schimbat este mesajul însuși. Odinioară se transmitea prin text și imagine tipărită material de propagandă, iar astăzi prin culori, forme și gesturi spontane. În ambele cazuri, locul rămâne un mediator între creator și public, între gânduri și percepție.</p><p data-block-key=\\"b6nta\\">Pereții rămân aceiași, doar mesajul e altul, unul mai viu, mai colorat, mai inocent. Și poate că asta e marea lecție: dincolo de toate straturile de ciment și tencuială care cade, un spațiu există doar atunci când e locuit.<br/> De imaginație.</p>", "live": true, "meta": "3 min · Atelier", "path": "0001000100010001", "slug": "greseala-cel-mai-bun-profesor", "depth": 4, "owner": null, "title": "Ce se întâmplă, de fapt, acum în locul unde se tipărea propaganda!", "locale": 1, "locked": false, "videos": "[]", "excerpt": "Uită tot ce știai despre fosta Casă a Scânteii. În spatele tencuielii reci și al zidurilor de beton nu se mai ascund mașinării de propagandă, ci cele mai vibrante ateliere de pictură din sectorul 1. Descoperă cum un grup de copii reușește să transforme în fiecare weekend un spațiu rigid și plin de cenzură într-o explozie de culoare, fără reguli și fără nostalgii inutile. O reconversie a sensului, ascunsă de restul orașului.", "expired": false, "alias_of": null, "category": "FILOSOFIE", "numchild": 0, "url_path": "/home/jurnal/greseala-cel-mai-bun-profesor/", "expire_at": null, "locked_at": null, "locked_by": null, "seo_title": "", "go_live_at": null, "hero_image": null, "draft_title": "Ce se întâmplă, de fapt, acum în locul unde se tipărea propaganda!", "content_type": 45, "live_revision": 43, "show_in_menus": false, "gallery_images": [{"pk": 5, "page": 5, "image": 17, "caption": "Arta ca formă de conversație, nu ca propagandă", "sort_order": 0}], "latest_revision": 44, "translation_key": "7ef518c9-4492-45bb-8538-020acb8d9f7e", "last_published_at": "2026-02-17T23:34:31.638Z", "first_published_at": "2026-02-14T10:39:01.757Z", "search_description": "", "wagtail_admin_comments": [], "has_unpublished_changes": true, "latest_revision_created_at": "2026-02-17T23:37:52.109Z"}	\N	5	1	45	1	Ce se întâmplă, de fapt, acum în locul unde se tipărea propaganda!
45	2026-02-17 23:38:05.31184+00	{"pk": 5, "body": "<h2 data-block-key=\\"gsl7d\\">Secretul din pereții Casei Presei Libere: De la zgomotul tiparnițelor la tăcerea concentrată</h2><p data-block-key=\\"aldk7\\">Există clădiri care poartă în tencuiala lor ceva, poate o energie adormită ce așteaptă să fie trezită, poate niște ciuperci arhaice sau poate doar așteaptă un buldozer. Sunt locuri născute din rigoare, din muncă repetitivă, din zgomotul tiparnițelor sau al mașinilor. Acum, aceste spații își descoperă un alt sens: acela de a găzdui tăcerea concentrată a copiilor și zgomotul pensulelor pe pânză; ce metaforă cretină.</p><h2 data-block-key=\\"cb6vi\\">Cum arată cele mai atipice ateliere de pictură din sectorul 1</h2><p data-block-key=\\"cs9ke\\">Lumina intră prin ferestre înalte peste mesele de lucru și peste borcanele cu vopsea, peste hârtii albe care așteaptă prima urmă de culoare. Pentru copiii care calcă pragul acestor <b>ateliere de pictură din sectorul 1</b>, pereții grei și gri ai clădirii nu au istoria pe care o (mai) știm noi. Pentru ei, locul nu e fost, ci nou.</p><p data-block-key=\\"a6bmk\\">Îl cuceresc cu spontaneitatea lor, îl umplu de râsete, de gesturi imperfecte, de pete vii. În fiecare linie trasată, în fiecare culoare care scapă din contur, spațiul își recapătă... Ce să își recapate? Ceva ce nu a avut niciodată?! Își câștigă un strop de libertăți.</p><h3 data-block-key=\\"3kgos\\">Arta ca formă de conversație, nu ca propagandă</h3><p data-block-key=\\"d8knc\\">E o ironie naivă în felul în care arta copiilor se așază peste memoria unui loc constrâns. Ceea ce era disciplină devine acum libertate. Ceea ce era comunicare rigidă devine conversație. Arta e conversație, nu performanță. Iar pentru cei mici, nici măcar o formă de propagandă.</p><p data-block-key=\\"l1jk\\">Într-o lume în care educația vizuală pare un lux, aceste ateliere sunt mici... Sunt mici, asta voiam să spun. Doar locuri unde copiii învață fără să știe că învață sau ce învață. Învață? Aici, educația nu se măsoară în tehnici, ci în felul în care lumina cade pe chipul lor atunci când descoperă ceva nou. În tăcerea aceea concentrată, în bucuria descoperirii unei nuanțe, într-o dungă trasată pe lângă, dar care, din întâmplare, dă sens. Și arta, acest cuvânt folosit la orice, devine o formă de încredere.</p><h3 data-block-key=\\"ag4n\\">Reconversia sensului: Un spațiu care învață din nou să fie viu</h3><p data-block-key=\\"bneeb\\">Poate că adevărata reconversie nu e cea arhitecturală, ci cea umană — felul în care un loc învață să fie viu, prin copii care nu poartă nostalgia trecutului, ci o formă pură de prezent.</p><p data-block-key=\\"28vth\\">Adesea se vorbește despre „reconversia” clădirii, dar termenul nu surprinde esența. Aș fi tentat să zic chiar că o alterează. Fosta Casă a Scânteii, devenită ulterior Casa Presei Libere, nu și-a pierdut funcția de bază: un spațiu dedicat comunicării și exprimării unui mesaj. Ceea ce s-a schimbat este mesajul însuși. Odinioară se transmitea prin text și imagine tipărită material de propagandă, iar astăzi prin culori, forme și gesturi spontane. În ambele cazuri, locul rămâne un mediator între creator și public, între gânduri și percepție.</p><p data-block-key=\\"b6nta\\">Pereții rămân aceiași, doar mesajul e altul, unul mai viu, mai colorat, mai inocent. Și poate că asta e marea lecție: dincolo de toate straturile de ciment și tencuială care cade, un spațiu există doar atunci când e locuit.<br/> De imaginație.</p>", "live": true, "meta": "3 min · Atelier", "path": "0001000100010001", "slug": "greseala-cel-mai-bun-profesor", "depth": 4, "owner": null, "title": "Ce se întâmplă, de fapt, acum în locul unde se tipărea propaganda!", "locale": 1, "locked": false, "videos": "[]", "excerpt": "Uită tot ce știai despre fosta Casă a Scânteii. În spatele tencuielii reci și al zidurilor de beton nu se mai ascund mașinării de propagandă, ci cele mai vibrante ateliere de pictură din sectorul 1. Descoperă cum un grup de copii reușește să transforme în fiecare weekend un spațiu rigid și plin de cenzură într-o explozie de culoare, fără reguli și fără nostalgii inutile. O reconversie a sensului, ascunsă de restul orașului.", "expired": false, "alias_of": null, "category": "FILOSOFIE", "numchild": 0, "url_path": "/home/jurnal/greseala-cel-mai-bun-profesor/", "expire_at": null, "locked_at": null, "locked_by": null, "seo_title": "", "go_live_at": null, "hero_image": null, "draft_title": "Ce se întâmplă, de fapt, acum în locul unde se tipărea propaganda!", "content_type": 45, "live_revision": 43, "show_in_menus": false, "gallery_images": [{"pk": 5, "page": 5, "image": 17, "caption": "Arta ca formă de conversație, nu ca propagandă", "sort_order": 0}], "latest_revision": 44, "translation_key": "7ef518c9-4492-45bb-8538-020acb8d9f7e", "last_published_at": "2026-02-17T23:34:31.638Z", "first_published_at": "2026-02-14T10:39:01.757Z", "search_description": "", "wagtail_admin_comments": [], "has_unpublished_changes": true, "latest_revision_created_at": "2026-02-17T23:38:00.648Z"}	\N	5	1	45	1	Ce se întâmplă, de fapt, acum în locul unde se tipărea propaganda!
46	2026-02-17 23:42:39.26654+00	{"pk": 4, "live": true, "path": "000100010001", "slug": "jurnal", "depth": 3, "intro": "Gânduri despre artă, spațiu și copilărie.", "label": "( ARHIVA SCÂNTEIA )", "owner": null, "title": "Jurnal", "locale": 1, "locked": false, "expired": false, "alias_of": null, "numchild": 3, "subtitle": "— note despre artă", "url_path": "/home/jurnal/", "expire_at": null, "locked_at": null, "locked_by": null, "seo_title": "", "go_live_at": null, "draft_title": "Jurnal", "content_type": 46, "live_revision": 1, "show_in_menus": false, "latest_revision": 46, "translation_key": "2130f33d-8b8a-46be-8f10-32f8b78e0861", "last_published_at": "2026-02-14T10:38:50.202Z", "first_published_at": "2026-02-14T10:38:50.202Z", "search_description": "", "wagtail_admin_comments": [], "has_unpublished_changes": true, "latest_revision_created_at": "2026-02-17T23:42:34.131Z"}	\N	4	1	46	1	Jurnal
47	2026-02-17 23:43:09.816078+00	{"pk": 4, "live": true, "path": "000100010001", "slug": "jurnal", "depth": 3, "intro": "- Gânduri despre artă, spațiu și copilărie.", "label": "( ARHIVA SCÂNTEIA )", "owner": null, "title": "Jurnal", "locale": 1, "locked": false, "expired": false, "alias_of": null, "numchild": 3, "subtitle": "— note despre artă", "url_path": "/home/jurnal/", "expire_at": null, "locked_at": null, "locked_by": null, "seo_title": "", "go_live_at": null, "draft_title": "Jurnal", "content_type": 46, "live_revision": 1, "show_in_menus": false, "latest_revision": 46, "translation_key": "2130f33d-8b8a-46be-8f10-32f8b78e0861", "last_published_at": "2026-02-14T10:38:50.202Z", "first_published_at": "2026-02-14T10:38:50.202Z", "search_description": "", "wagtail_admin_comments": [], "has_unpublished_changes": true, "latest_revision_created_at": "2026-02-17T23:42:39.266Z"}	\N	4	1	46	1	Jurnal
34	2026-02-17 22:10:42.034394+00	{"pk": 5, "body": "<p data-block-key=\\"gsl7d\\">În educația estetică, greșeala e un instrument – nu o rușine. Când copilul înțelege că o linie „ratată” poate deveni o idee nouă, se naște libertatea de a explora.</p><h2 data-block-key=\\"h6rj2\\">În loc de corecturi rapide, lucrăm cu întrebări: Ce se întâmplă dacă? Cum se schimbă compoziția dacă mutăm centrul de greutate? Ce poveste spune pata?</h2><p data-block-key=\\"jc1p0\\">Așa apar ritmul, intenția și disciplina blândă: nu pentru note, ci pentru un limbaj personal care crește în timp.</p>", "live": true, "meta": "6 min · Atelier", "path": "0001000100010001", "slug": "greseala-cel-mai-bun-profesor", "depth": 4, "owner": null, "title": "De ce „greșeala” este cel mai bun profesor de artă", "locale": 1, "locked": false, "videos": "[]", "excerpt": "În atelier, greșeala nu e eșec. E material brut pentru observație, curaj și limbaj vizual.", "expired": false, "alias_of": null, "category": "FILOSOFIE", "numchild": 0, "url_path": "/home/jurnal/greseala-cel-mai-bun-profesor/", "expire_at": null, "locked_at": null, "locked_by": null, "seo_title": "", "go_live_at": null, "hero_image": null, "draft_title": "De ce „greșeala” este cel mai bun profesor de artă", "content_type": 45, "live_revision": 33, "show_in_menus": false, "gallery_images": [{"pk": 5, "page": 5, "image": 17, "caption": "", "sort_order": 0}, {"pk": 6, "page": 5, "image": 18, "caption": "", "sort_order": 1}], "latest_revision": 34, "translation_key": "7ef518c9-4492-45bb-8538-020acb8d9f7e", "last_published_at": "2026-02-14T18:05:45.456Z", "first_published_at": "2026-02-14T10:39:01.757Z", "search_description": "", "wagtail_admin_comments": [], "has_unpublished_changes": true, "latest_revision_created_at": "2026-02-17T22:10:13.945Z"}	\N	5	1	45	1	De ce „greșeala” este cel mai bun profesor de artă
58	2026-02-21 20:53:57.726992+00	{"pk": 5, "body": "<h2 data-block-key=\\"gsl7d\\">Secretul din pereții Casei Presei Libere: De la zgomotul tiparnițelor la tăcerea concentrată</h2><p data-block-key=\\"aldk7\\">Există clădiri care poartă în tencuiala lor ceva, poate o energie adormită ce așteaptă să fie trezită, poate niște ciuperci arhaice sau poate doar așteaptă un buldozer. Sunt locuri născute din rigoare, din muncă repetitivă, din zgomotul tiparnițelor sau al mașinilor. Acum, aceste spații își descoperă un alt sens: acela de a găzdui tăcerea concentrată a copiilor și zgomotul pensulelor pe pânză; ce metaforă cretină.</p><h2 data-block-key=\\"cb6vi\\">Cum arată cele mai atipice ateliere de pictură din sectorul 1</h2><p data-block-key=\\"cs9ke\\">Lumina intră prin ferestre înalte peste mesele de lucru și peste borcanele cu vopsea, peste hârtii albe care așteaptă prima urmă de culoare. Pentru copiii care calcă pragul acestor <b>ateliere de pictură din sectorul 1</b>, pereții grei și gri ai clădirii nu au istoria pe care o (mai) știm noi. Pentru ei, locul nu e fost, ci nou.</p><p data-block-key=\\"a6bmk\\">Îl cuceresc cu spontaneitatea lor, îl umplu de râsete, de gesturi imperfecte, de pete vii. În fiecare linie trasată, în fiecare culoare care scapă din contur, spațiul își recapătă... Ce să își recapate? Ceva ce nu a avut niciodată?! Își câștigă un strop de libertăți.</p><h3 data-block-key=\\"3kgos\\">Arta ca formă de conversație, nu ca propagandă</h3><p data-block-key=\\"d8knc\\">E o ironie naivă în felul în care arta copiilor se așază peste memoria unui loc constrâns. Ceea ce era disciplină devine acum libertate. Ceea ce era comunicare rigidă devine conversație. Arta e conversație, nu performanță. Iar pentru cei mici, nici măcar o formă de propagandă.</p><p data-block-key=\\"l1jk\\">Într-o lume în care educația vizuală pare un lux, aceste ateliere sunt mici... Sunt mici, asta voiam să spun. Doar locuri unde copiii învață fără să știe că învață sau ce învață. Învață? Aici, educația nu se măsoară în tehnici, ci în felul în care lumina cade pe chipul lor atunci când descoperă ceva nou. În tăcerea aceea concentrată, în bucuria descoperirii unei nuanțe, într-o dungă trasată pe lângă, dar care, din întâmplare, dă sens. Și arta, acest cuvânt folosit la orice, devine o formă de încredere.</p><h3 data-block-key=\\"ag4n\\">Reconversia sensului: Un spațiu care învață din nou să fie viu</h3><p data-block-key=\\"bneeb\\">Poate că adevărata reconversie nu e cea arhitecturală, ci cea umană — felul în care un loc învață să fie viu, prin copii care nu poartă nostalgia trecutului, ci o formă pură de prezent.</p><p data-block-key=\\"28vth\\">Adesea se vorbește despre „reconversia” clădirii, dar termenul nu surprinde esența. Aș fi tentat să zic chiar că o alterează. Fosta Casă a Scânteii, devenită ulterior Casa Presei Libere, nu și-a pierdut funcția de bază: un spațiu dedicat comunicării și exprimării unui mesaj. Ceea ce s-a schimbat este mesajul însuși. Odinioară se transmitea prin text și imagine tipărită material de propagandă, iar astăzi prin culori, forme și gesturi spontane. În ambele cazuri, locul rămâne un mediator între creator și public, între gânduri și percepție.</p><p data-block-key=\\"b6nta\\">Pereții rămân aceiași, doar mesajul e altul, unul mai viu, mai colorat, mai inocent. Și poate că asta e marea lecție: dincolo de toate straturile de ciment și tencuială care cade, un spațiu există doar atunci când e locuit.<br/> De imaginație.</p>", "live": true, "meta": "3 min · Atelier", "path": "0001000100010001", "slug": "greseala-cel-mai-bun-profesor", "depth": 4, "owner": null, "title": "Ce se întâmplă, de fapt, acum în locul unde se tipărea propaganda!", "locale": 1, "locked": false, "videos": "[]", "excerpt": "Uită tot ce știai despre fosta Casă a Scânteii. În spatele tencuielii reci și al zidurilor de beton nu se mai ascund mașinării de propagandă, ci cele mai vibrante ateliere de pictură din sectorul 1. Descoperă cum un grup de copii reușește să transforme în fiecare weekend un spațiu rigid și plin de cenzură într-o explozie de culoare, fără reguli și fără nostalgii inutile. O reconversie a sensului, ascunsă de restul orașului.", "expired": false, "alias_of": null, "category": "FILOSOFIE", "numchild": 0, "url_path": "/home/jurnal/greseala-cel-mai-bun-profesor/", "expire_at": null, "locked_at": null, "locked_by": null, "seo_title": "", "go_live_at": null, "hero_image": null, "draft_title": "Ce se întâmplă, de fapt, acum în locul unde se tipărea propaganda!", "content_type": 45, "live_revision": 56, "show_in_menus": false, "gallery_images": [{"pk": 5, "page": 5, "image": 23, "caption": "Arta ca formă de conversație, nu ca propagandă", "sort_order": 0}, {"pk": 7, "page": 5, "image": 24, "caption": "", "sort_order": 1}], "latest_revision": 57, "translation_key": "7ef518c9-4492-45bb-8538-020acb8d9f7e", "last_published_at": "2026-02-21T20:42:45.871Z", "first_published_at": "2026-02-14T10:39:01.757Z", "search_description": "", "wagtail_admin_comments": [], "has_unpublished_changes": true, "latest_revision_created_at": "2026-02-21T20:53:45.161Z"}	\N	5	1	45	1	Ce se întâmplă, de fapt, acum în locul unde se tipărea propaganda!
4	2026-02-14 10:39:21.535706+00	{"pk": 7, "body": "<p>Un spațiu coerent invită la lucru profund. Lumina bună reduce graba. Ordinea reduce anxietatea. Aerul și distanțele dau curaj.</p>\\n<p>Când copilul intră într-un loc care respectă actul artistic, își schimbă postura: devine mai atent, mai prezent.</p>\\n<p>Într-un atelier, arhitectura devine un cadru moral: aici avem voie să încercăm, să repetăm și să tăcem.</p>", "live": true, "meta": "7 min · Observație", "path": "0001000100010003", "slug": "spatiul-ca-mentor", "depth": 4, "owner": null, "title": "Spațiul ca mentor: cum arhitectura influențează creativitatea", "locale": 1, "locked": false, "excerpt": "Lumina, liniștea și proporțiile nu sunt decor. Sunt condiții care modelează atenția.", "expired": false, "alias_of": null, "category": "SPAȚIU", "numchild": 0, "url_path": "/home/jurnal/spatiul-ca-mentor/", "expire_at": null, "locked_at": null, "locked_by": null, "seo_title": "", "go_live_at": null, "hero_image": 3, "draft_title": "Spațiul ca mentor: cum arhitectura influențează creativitatea", "content_type": 45, "live_revision": null, "show_in_menus": false, "latest_revision": null, "translation_key": "da1aff16-6789-44b9-9c53-42f008f8de7f", "last_published_at": null, "first_published_at": null, "search_description": "", "wagtail_admin_comments": [], "has_unpublished_changes": false, "latest_revision_created_at": null}	\N	7	\N	45	1	Spațiul ca mentor: cum arhitectura influențează creativitatea
55	2026-02-21 20:16:56.773352+00	{"pk": 5, "body": "<h2 data-block-key=\\"gsl7d\\">Secretul din pereții Casei Presei Libere: De la zgomotul tiparnițelor la tăcerea concentrată</h2><p data-block-key=\\"aldk7\\">Există clădiri care poartă în tencuiala lor ceva, poate o energie adormită ce așteaptă să fie trezită, poate niște ciuperci arhaice sau poate doar așteaptă un buldozer. Sunt locuri născute din rigoare, din muncă repetitivă, din zgomotul tiparnițelor sau al mașinilor. Acum, aceste spații își descoperă un alt sens: acela de a găzdui tăcerea concentrată a copiilor și zgomotul pensulelor pe pânză; ce metaforă cretină.</p><h2 data-block-key=\\"cb6vi\\">Cum arată cele mai atipice ateliere de pictură din sectorul 1</h2><p data-block-key=\\"cs9ke\\">Lumina intră prin ferestre înalte peste mesele de lucru și peste borcanele cu vopsea, peste hârtii albe care așteaptă prima urmă de culoare. Pentru copiii care calcă pragul acestor <b>ateliere de pictură din sectorul 1</b>, pereții grei și gri ai clădirii nu au istoria pe care o (mai) știm noi. Pentru ei, locul nu e fost, ci nou.</p><p data-block-key=\\"a6bmk\\">Îl cuceresc cu spontaneitatea lor, îl umplu de râsete, de gesturi imperfecte, de pete vii. În fiecare linie trasată, în fiecare culoare care scapă din contur, spațiul își recapătă... Ce să își recapate? Ceva ce nu a avut niciodată?! Își câștigă un strop de libertăți.</p><h3 data-block-key=\\"3kgos\\">Arta ca formă de conversație, nu ca propagandă</h3><p data-block-key=\\"d8knc\\">E o ironie naivă în felul în care arta copiilor se așază peste memoria unui loc constrâns. Ceea ce era disciplină devine acum libertate. Ceea ce era comunicare rigidă devine conversație. Arta e conversație, nu performanță. Iar pentru cei mici, nici măcar o formă de propagandă.</p><p data-block-key=\\"l1jk\\">Într-o lume în care educația vizuală pare un lux, aceste ateliere sunt mici... Sunt mici, asta voiam să spun. Doar locuri unde copiii învață fără să știe că învață sau ce învață. Învață? Aici, educația nu se măsoară în tehnici, ci în felul în care lumina cade pe chipul lor atunci când descoperă ceva nou. În tăcerea aceea concentrată, în bucuria descoperirii unei nuanțe, într-o dungă trasată pe lângă, dar care, din întâmplare, dă sens. Și arta, acest cuvânt folosit la orice, devine o formă de încredere.</p><h3 data-block-key=\\"ag4n\\">Reconversia sensului: Un spațiu care învață din nou să fie viu</h3><p data-block-key=\\"bneeb\\">Poate că adevărata reconversie nu e cea arhitecturală, ci cea umană — felul în care un loc învață să fie viu, prin copii care nu poartă nostalgia trecutului, ci o formă pură de prezent.</p><p data-block-key=\\"28vth\\">Adesea se vorbește despre „reconversia” clădirii, dar termenul nu surprinde esența. Aș fi tentat să zic chiar că o alterează. Fosta Casă a Scânteii, devenită ulterior Casa Presei Libere, nu și-a pierdut funcția de bază: un spațiu dedicat comunicării și exprimării unui mesaj. Ceea ce s-a schimbat este mesajul însuși. Odinioară se transmitea prin text și imagine tipărită material de propagandă, iar astăzi prin culori, forme și gesturi spontane. În ambele cazuri, locul rămâne un mediator între creator și public, între gânduri și percepție.</p><p data-block-key=\\"b6nta\\">Pereții rămân aceiași, doar mesajul e altul, unul mai viu, mai colorat, mai inocent. Și poate că asta e marea lecție: dincolo de toate straturile de ciment și tencuială care cade, un spațiu există doar atunci când e locuit.<br/> De imaginație.</p>", "live": true, "meta": "3 min · Atelier", "path": "0001000100010001", "slug": "greseala-cel-mai-bun-profesor", "depth": 4, "owner": null, "title": "Ce se întâmplă, de fapt, acum în locul unde se tipărea propaganda!", "locale": 1, "locked": false, "videos": "[]", "excerpt": "Uită tot ce știai despre fosta Casă a Scânteii. În spatele tencuielii reci și al zidurilor de beton nu se mai ascund mașinării de propagandă, ci cele mai vibrante ateliere de pictură din sectorul 1. Descoperă cum un grup de copii reușește să transforme în fiecare weekend un spațiu rigid și plin de cenzură într-o explozie de culoare, fără reguli și fără nostalgii inutile. O reconversie a sensului, ascunsă de restul orașului.", "expired": false, "alias_of": null, "category": "FILOSOFIE", "numchild": 0, "url_path": "/home/jurnal/greseala-cel-mai-bun-profesor/", "expire_at": null, "locked_at": null, "locked_by": null, "seo_title": "", "go_live_at": null, "hero_image": null, "draft_title": "Ce se întâmplă, de fapt, acum în locul unde se tipărea propaganda!", "content_type": 45, "live_revision": 54, "show_in_menus": false, "gallery_images": [{"pk": 5, "page": 5, "image": 21, "caption": "Arta ca formă de conversație, nu ca propagandă", "sort_order": 0}, {"pk": 7, "page": 5, "image": 22, "caption": "", "sort_order": 1}], "latest_revision": 55, "translation_key": "7ef518c9-4492-45bb-8538-020acb8d9f7e", "last_published_at": "2026-02-21T20:07:26.055Z", "first_published_at": "2026-02-14T10:39:01.757Z", "search_description": "", "wagtail_admin_comments": [], "has_unpublished_changes": true, "latest_revision_created_at": "2026-02-21T20:16:44.213Z"}	\N	5	1	45	1	Ce se întâmplă, de fapt, acum în locul unde se tipărea propaganda!
48	2026-02-17 23:43:23.877449+00	{"pk": 4, "live": true, "path": "000100010001", "slug": "jurnal", "depth": 3, "intro": "- Gânduri despre artă, spațiu și copilărie.", "label": "( ARHIVA SCÂNTEIA )", "owner": null, "title": "Jurnal", "locale": 1, "locked": false, "expired": false, "alias_of": null, "numchild": 3, "subtitle": "— note despre artă", "url_path": "/home/jurnal/", "expire_at": null, "locked_at": null, "locked_by": null, "seo_title": "", "go_live_at": null, "draft_title": "Jurnal", "content_type": 46, "live_revision": 1, "show_in_menus": false, "latest_revision": 47, "translation_key": "2130f33d-8b8a-46be-8f10-32f8b78e0861", "last_published_at": "2026-02-14T10:38:50.202Z", "first_published_at": "2026-02-14T10:38:50.202Z", "search_description": "", "wagtail_admin_comments": [], "has_unpublished_changes": true, "latest_revision_created_at": "2026-02-17T23:43:09.816Z"}	\N	4	1	46	1	Jurnal
33	2026-02-14 18:05:44.646381+00	{"pk": 5, "body": "<p data-block-key=\\"gsl7d\\">În educația estetică, greșeala e un instrument – nu o rușine. Când copilul înțelege că o linie „ratată” poate deveni o idee nouă, se naște libertatea de a explora.</p><p data-block-key=\\"h6rj2\\">În loc de corecturi rapide, lucrăm cu întrebări: Ce se întâmplă dacă? Cum se schimbă compoziția dacă mutăm centrul de greutate? Ce poveste spune pata?</p><p data-block-key=\\"jc1p0\\">Așa apar ritmul, intenția și disciplina blândă: nu pentru note, ci pentru un limbaj personal care crește în timp.</p>", "live": true, "meta": "6 min · Atelier", "path": "0001000100010001", "slug": "greseala-cel-mai-bun-profesor", "depth": 4, "owner": null, "title": "De ce „greșeala” este cel mai bun profesor de artă", "locale": 1, "locked": false, "videos": "[]", "excerpt": "În atelier, greșeala nu e eșec. E material brut pentru observație, curaj și limbaj vizual.", "expired": false, "alias_of": null, "category": "FILOSOFIE", "numchild": 0, "url_path": "/home/jurnal/greseala-cel-mai-bun-profesor/", "expire_at": null, "locked_at": null, "locked_by": null, "seo_title": "", "go_live_at": null, "hero_image": null, "draft_title": "De ce „greșeala” este cel mai bun profesor de artă", "content_type": 45, "live_revision": 28, "show_in_menus": false, "gallery_images": [{"pk": 5, "page": 5, "image": 17, "caption": "", "sort_order": 0}, {"pk": 6, "page": 5, "image": 18, "caption": "", "sort_order": 1}], "latest_revision": 32, "translation_key": "7ef518c9-4492-45bb-8538-020acb8d9f7e", "last_published_at": "2026-02-14T18:01:44.589Z", "first_published_at": "2026-02-14T10:39:01.757Z", "search_description": "", "wagtail_admin_comments": [], "has_unpublished_changes": true, "latest_revision_created_at": "2026-02-14T18:05:30.667Z"}	\N	5	1	45	1	De ce „greșeala” este cel mai bun profesor de artă
56	2026-02-21 20:42:45.768222+00	{"pk": 5, "body": "<h2 data-block-key=\\"gsl7d\\">Secretul din pereții Casei Presei Libere: De la zgomotul tiparnițelor la tăcerea concentrată</h2><p data-block-key=\\"aldk7\\">Există clădiri care poartă în tencuiala lor ceva, poate o energie adormită ce așteaptă să fie trezită, poate niște ciuperci arhaice sau poate doar așteaptă un buldozer. Sunt locuri născute din rigoare, din muncă repetitivă, din zgomotul tiparnițelor sau al mașinilor. Acum, aceste spații își descoperă un alt sens: acela de a găzdui tăcerea concentrată a copiilor și zgomotul pensulelor pe pânză; ce metaforă cretină.</p><h2 data-block-key=\\"cb6vi\\">Cum arată cele mai atipice ateliere de pictură din sectorul 1</h2><p data-block-key=\\"cs9ke\\">Lumina intră prin ferestre înalte peste mesele de lucru și peste borcanele cu vopsea, peste hârtii albe care așteaptă prima urmă de culoare. Pentru copiii care calcă pragul acestor <b>ateliere de pictură din sectorul 1</b>, pereții grei și gri ai clădirii nu au istoria pe care o (mai) știm noi. Pentru ei, locul nu e fost, ci nou.</p><p data-block-key=\\"a6bmk\\">Îl cuceresc cu spontaneitatea lor, îl umplu de râsete, de gesturi imperfecte, de pete vii. În fiecare linie trasată, în fiecare culoare care scapă din contur, spațiul își recapătă... Ce să își recapate? Ceva ce nu a avut niciodată?! Își câștigă un strop de libertăți.</p><h3 data-block-key=\\"3kgos\\">Arta ca formă de conversație, nu ca propagandă</h3><p data-block-key=\\"d8knc\\">E o ironie naivă în felul în care arta copiilor se așază peste memoria unui loc constrâns. Ceea ce era disciplină devine acum libertate. Ceea ce era comunicare rigidă devine conversație. Arta e conversație, nu performanță. Iar pentru cei mici, nici măcar o formă de propagandă.</p><p data-block-key=\\"l1jk\\">Într-o lume în care educația vizuală pare un lux, aceste ateliere sunt mici... Sunt mici, asta voiam să spun. Doar locuri unde copiii învață fără să știe că învață sau ce învață. Învață? Aici, educația nu se măsoară în tehnici, ci în felul în care lumina cade pe chipul lor atunci când descoperă ceva nou. În tăcerea aceea concentrată, în bucuria descoperirii unei nuanțe, într-o dungă trasată pe lângă, dar care, din întâmplare, dă sens. Și arta, acest cuvânt folosit la orice, devine o formă de încredere.</p><h3 data-block-key=\\"ag4n\\">Reconversia sensului: Un spațiu care învață din nou să fie viu</h3><p data-block-key=\\"bneeb\\">Poate că adevărata reconversie nu e cea arhitecturală, ci cea umană — felul în care un loc învață să fie viu, prin copii care nu poartă nostalgia trecutului, ci o formă pură de prezent.</p><p data-block-key=\\"28vth\\">Adesea se vorbește despre „reconversia” clădirii, dar termenul nu surprinde esența. Aș fi tentat să zic chiar că o alterează. Fosta Casă a Scânteii, devenită ulterior Casa Presei Libere, nu și-a pierdut funcția de bază: un spațiu dedicat comunicării și exprimării unui mesaj. Ceea ce s-a schimbat este mesajul însuși. Odinioară se transmitea prin text și imagine tipărită material de propagandă, iar astăzi prin culori, forme și gesturi spontane. În ambele cazuri, locul rămâne un mediator între creator și public, între gânduri și percepție.</p><p data-block-key=\\"b6nta\\">Pereții rămân aceiași, doar mesajul e altul, unul mai viu, mai colorat, mai inocent. Și poate că asta e marea lecție: dincolo de toate straturile de ciment și tencuială care cade, un spațiu există doar atunci când e locuit.<br/> De imaginație.</p>", "live": true, "meta": "3 min · Atelier", "path": "0001000100010001", "slug": "greseala-cel-mai-bun-profesor", "depth": 4, "owner": null, "title": "Ce se întâmplă, de fapt, acum în locul unde se tipărea propaganda!", "locale": 1, "locked": false, "videos": "[]", "excerpt": "Uită tot ce știai despre fosta Casă a Scânteii. În spatele tencuielii reci și al zidurilor de beton nu se mai ascund mașinării de propagandă, ci cele mai vibrante ateliere de pictură din sectorul 1. Descoperă cum un grup de copii reușește să transforme în fiecare weekend un spațiu rigid și plin de cenzură într-o explozie de culoare, fără reguli și fără nostalgii inutile. O reconversie a sensului, ascunsă de restul orașului.", "expired": false, "alias_of": null, "category": "FILOSOFIE", "numchild": 0, "url_path": "/home/jurnal/greseala-cel-mai-bun-profesor/", "expire_at": null, "locked_at": null, "locked_by": null, "seo_title": "", "go_live_at": null, "hero_image": null, "draft_title": "Ce se întâmplă, de fapt, acum în locul unde se tipărea propaganda!", "content_type": 45, "live_revision": 54, "show_in_menus": false, "gallery_images": [{"pk": 5, "page": 5, "image": 21, "caption": "Arta ca formă de conversație, nu ca propagandă", "sort_order": 0}, {"pk": 7, "page": 5, "image": 22, "caption": "", "sort_order": 1}], "latest_revision": 55, "translation_key": "7ef518c9-4492-45bb-8538-020acb8d9f7e", "last_published_at": "2026-02-21T20:07:26.055Z", "first_published_at": "2026-02-14T10:39:01.757Z", "search_description": "", "wagtail_admin_comments": [], "has_unpublished_changes": true, "latest_revision_created_at": "2026-02-21T20:16:56.773Z"}	\N	5	1	45	1	Ce se întâmplă, de fapt, acum în locul unde se tipărea propaganda!
37	2026-02-17 22:15:37.61336+00	{"pk": 5, "body": "<p data-block-key=\\"gsl7d\\">În educația estetică, greșeala e un instrument – nu o rușine. Când copilul înțelege că o linie „ratată” poate deveni o idee nouă, se naște libertatea de a explora.</p><h2 data-block-key=\\"h6rj2\\">În loc de corecturi rapide, lucrăm cu întrebări: Ce se întâmplă dacă? Cum se schimbă compoziția dacă mutăm centrul de greutate? Ce poveste spune pata?</h2><p data-block-key=\\"jc1p0\\">Așa apar ritmul, intenția și disciplina blândă: nu pentru note, ci pentru un limbaj personal care crește în timp.</p>", "live": true, "meta": "6 min · Atelier", "path": "0001000100010001", "slug": "greseala-cel-mai-bun-profesor", "depth": 4, "owner": null, "title": "De ce „greșeala” este cel mai bun profesor de artă", "locale": 1, "locked": false, "videos": "[]", "excerpt": "În atelier, greșeala nu e eșec. E material brut pentru observație, curaj și limbaj vizual.", "expired": false, "alias_of": null, "category": "FILOSOFIE", "numchild": 0, "url_path": "/home/jurnal/greseala-cel-mai-bun-profesor/", "expire_at": null, "locked_at": null, "locked_by": null, "seo_title": "", "go_live_at": null, "hero_image": null, "draft_title": "De ce „greșeala” este cel mai bun profesor de artă", "content_type": 45, "live_revision": 33, "show_in_menus": false, "gallery_images": [{"pk": 5, "page": 5, "image": 17, "caption": "test", "sort_order": 0}], "latest_revision": 36, "translation_key": "7ef518c9-4492-45bb-8538-020acb8d9f7e", "last_published_at": "2026-02-14T18:05:45.456Z", "first_published_at": "2026-02-14T10:39:01.757Z", "search_description": "", "wagtail_admin_comments": [], "has_unpublished_changes": true, "latest_revision_created_at": "2026-02-17T22:15:17.710Z"}	\N	5	1	45	1	De ce „greșeala” este cel mai bun profesor de artă
6	2026-02-14 15:48:28.695501+00	{"pk": 6, "body": "<p data-block-key=\\"rh026\\">Materialele nu sunt un moft. Sunt un profesor tăcut. Un pigment bun îți arată imediat ce înseamnă transparență, stratificare și răbdare.</p><p data-block-key=\\"wz7wi\\">La început, scopul nu e luxul, ci consistența: să poți repeta un gest și să înveți din el. Când materialul e imprevizibil, copilul învață frustrare – nu artă.</p><p data-block-key=\\"3bx7x\\">Alegem instrumente care răsplătesc atenția: hârtie cu textură, pensule care țin apă, culori care nu „mor” pe foaie.</p>", "live": true, "meta": "8 min · Practică", "path": "0001000100010002", "slug": "materialele-conteaza", "depth": 4, "owner": null, "title": "Materialele contează: de la tempera de supermarket la pigment profesionist", "locale": 1, "locked": false, "videos": "[{\\"type\\": \\"video\\", \\"value\\": \\"https://www.youtube.com/watch?v=IYd1-cPwQCk&t=1s\\", \\"id\\": \\"1abdd908-e5d4-46fe-924f-3560e8e1867c\\"}]", "excerpt": "Diferența dintre „merge” și „se simte bine” vine adesea din material: densitate, granulație, lumină.", "expired": false, "alias_of": null, "category": "MATERIALE", "numchild": 0, "url_path": "/home/jurnal/materialele-conteaza/", "expire_at": null, "locked_at": null, "locked_by": null, "seo_title": "", "go_live_at": null, "hero_image": 2, "draft_title": "Materialele contează: de la tempera de supermarket la pigment profesionist", "content_type": 45, "live_revision": 3, "show_in_menus": false, "gallery_images": [], "latest_revision": 5, "translation_key": "2260338d-c344-40ce-8129-075895b3880d", "last_published_at": "2026-02-14T10:39:12.347Z", "first_published_at": "2026-02-14T10:39:12.347Z", "search_description": "", "wagtail_admin_comments": [], "has_unpublished_changes": true, "latest_revision_created_at": "2026-02-14T15:48:25.964Z"}	\N	6	1	45	1	Materialele contează: de la tempera de supermarket la pigment profesionist
38	2026-02-17 22:17:17.828274+00	{"pk": 5, "body": "<p data-block-key=\\"gsl7d\\">În educația estetică, greșeala e un instrument – nu o rușine. Când copilul înțelege că o linie „ratată” poate deveni o idee nouă, se naște libertatea de a explora.</p><h2 data-block-key=\\"h6rj2\\">În loc de corecturi rapide, lucrăm cu întrebări: Ce se întâmplă dacă? Cum se schimbă compoziția dacă mutăm centrul de greutate? Ce poveste spune pata?</h2><p data-block-key=\\"jc1p0\\">Așa apar ritmul, intenția și disciplina blândă: nu pentru note, ci pentru un limbaj personal care crește în timp.</p>", "live": true, "meta": "6 min · Atelier", "path": "0001000100010001", "slug": "greseala-cel-mai-bun-profesor", "depth": 4, "owner": null, "title": "De ce „greșeala” este cel mai bun profesor de artă", "locale": 1, "locked": false, "videos": "[]", "excerpt": "În atelier, greșeala nu e eșec. E material brut pentru observație, curaj și limbaj vizual.", "expired": false, "alias_of": null, "category": "FILOSOFIE", "numchild": 0, "url_path": "/home/jurnal/greseala-cel-mai-bun-profesor/", "expire_at": null, "locked_at": null, "locked_by": null, "seo_title": "", "go_live_at": null, "hero_image": null, "draft_title": "De ce „greșeala” este cel mai bun profesor de artă", "content_type": 45, "live_revision": 33, "show_in_menus": false, "gallery_images": [{"pk": 5, "page": 5, "image": 17, "caption": "test", "sort_order": 0}], "latest_revision": 37, "translation_key": "7ef518c9-4492-45bb-8538-020acb8d9f7e", "last_published_at": "2026-02-14T18:05:45.456Z", "first_published_at": "2026-02-14T10:39:01.757Z", "search_description": "", "wagtail_admin_comments": [], "has_unpublished_changes": true, "latest_revision_created_at": "2026-02-17T22:15:37.613Z"}	\N	5	1	45	1	De ce „greșeala” este cel mai bun profesor de artă
35	2026-02-17 22:15:15.366633+00	{"pk": 5, "body": "<p data-block-key=\\"gsl7d\\">În educația estetică, greșeala e un instrument – nu o rușine. Când copilul înțelege că o linie „ratată” poate deveni o idee nouă, se naște libertatea de a explora.</p><h2 data-block-key=\\"h6rj2\\">În loc de corecturi rapide, lucrăm cu întrebări: Ce se întâmplă dacă? Cum se schimbă compoziția dacă mutăm centrul de greutate? Ce poveste spune pata?</h2><p data-block-key=\\"jc1p0\\">Așa apar ritmul, intenția și disciplina blândă: nu pentru note, ci pentru un limbaj personal care crește în timp.</p>", "live": true, "meta": "6 min · Atelier", "path": "0001000100010001", "slug": "greseala-cel-mai-bun-profesor", "depth": 4, "owner": null, "title": "De ce „greșeala” este cel mai bun profesor de artă", "locale": 1, "locked": false, "videos": "[]", "excerpt": "În atelier, greșeala nu e eșec. E material brut pentru observație, curaj și limbaj vizual.", "expired": false, "alias_of": null, "category": "FILOSOFIE", "numchild": 0, "url_path": "/home/jurnal/greseala-cel-mai-bun-profesor/", "expire_at": null, "locked_at": null, "locked_by": null, "seo_title": "", "go_live_at": null, "hero_image": null, "draft_title": "De ce „greșeala” este cel mai bun profesor de artă", "content_type": 45, "live_revision": 33, "show_in_menus": false, "gallery_images": [{"pk": 5, "page": 5, "image": 17, "caption": "test", "sort_order": 0}], "latest_revision": 35, "translation_key": "7ef518c9-4492-45bb-8538-020acb8d9f7e", "last_published_at": "2026-02-14T18:05:45.456Z", "first_published_at": "2026-02-14T10:39:01.757Z", "search_description": "", "wagtail_admin_comments": [], "has_unpublished_changes": true, "latest_revision_created_at": "2026-02-17T22:15:12.416Z"}	\N	5	1	45	1	De ce „greșeala” este cel mai bun profesor de artă
36	2026-02-17 22:15:17.710695+00	{"pk": 5, "body": "<p data-block-key=\\"gsl7d\\">În educația estetică, greșeala e un instrument – nu o rușine. Când copilul înțelege că o linie „ratată” poate deveni o idee nouă, se naște libertatea de a explora.</p><h2 data-block-key=\\"h6rj2\\">În loc de corecturi rapide, lucrăm cu întrebări: Ce se întâmplă dacă? Cum se schimbă compoziția dacă mutăm centrul de greutate? Ce poveste spune pata?</h2><p data-block-key=\\"jc1p0\\">Așa apar ritmul, intenția și disciplina blândă: nu pentru note, ci pentru un limbaj personal care crește în timp.</p>", "live": true, "meta": "6 min · Atelier", "path": "0001000100010001", "slug": "greseala-cel-mai-bun-profesor", "depth": 4, "owner": null, "title": "De ce „greșeala” este cel mai bun profesor de artă", "locale": 1, "locked": false, "videos": "[]", "excerpt": "În atelier, greșeala nu e eșec. E material brut pentru observație, curaj și limbaj vizual.", "expired": false, "alias_of": null, "category": "FILOSOFIE", "numchild": 0, "url_path": "/home/jurnal/greseala-cel-mai-bun-profesor/", "expire_at": null, "locked_at": null, "locked_by": null, "seo_title": "", "go_live_at": null, "hero_image": null, "draft_title": "De ce „greșeala” este cel mai bun profesor de artă", "content_type": 45, "live_revision": 33, "show_in_menus": false, "gallery_images": [{"pk": 5, "page": 5, "image": 17, "caption": "test", "sort_order": 0}], "latest_revision": 35, "translation_key": "7ef518c9-4492-45bb-8538-020acb8d9f7e", "last_published_at": "2026-02-14T18:05:45.456Z", "first_published_at": "2026-02-14T10:39:01.757Z", "search_description": "", "wagtail_admin_comments": [], "has_unpublished_changes": true, "latest_revision_created_at": "2026-02-17T22:15:15.366Z"}	\N	5	1	45	1	De ce „greșeala” este cel mai bun profesor de artă
22	2026-02-14 16:49:45.42389+00	{"pk": 5, "body": "<p data-block-key=\\"gsl7d\\">În educația estetică, greșeala e un instrument – nu o rușine. Când copilul înțelege că o linie „ratată” poate deveni o idee nouă, se naște libertatea de a explora.</p><p data-block-key=\\"h6rj2\\">În loc de corecturi rapide, lucrăm cu întrebări: Ce se întâmplă dacă? Cum se schimbă compoziția dacă mutăm centrul de greutate? Ce poveste spune pata?</p><p data-block-key=\\"jc1p0\\">Așa apar ritmul, intenția și disciplina blândă: nu pentru note, ci pentru un limbaj personal care crește în timp.</p>", "live": true, "meta": "6 min · Atelier", "path": "0001000100010001", "slug": "greseala-cel-mai-bun-profesor", "depth": 4, "owner": null, "title": "De ce „greșeala” este cel mai bun profesor de artă", "locale": 1, "locked": false, "videos": "[]", "excerpt": "În atelier, greșeala nu e eșec. E material brut pentru observație, curaj și limbaj vizual.", "expired": false, "alias_of": null, "category": "FILOSOFIE", "numchild": 0, "url_path": "/home/jurnal/greseala-cel-mai-bun-profesor/", "expire_at": null, "locked_at": null, "locked_by": null, "seo_title": "", "go_live_at": null, "hero_image": 8, "draft_title": "De ce „greșeala” este cel mai bun profesor de artă", "content_type": 45, "live_revision": 16, "show_in_menus": false, "gallery_images": [{"pk": null, "page": 5, "image": 9, "caption": "", "sort_order": 0}], "latest_revision": 21, "translation_key": "7ef518c9-4492-45bb-8538-020acb8d9f7e", "last_published_at": "2026-02-14T16:44:55.197Z", "first_published_at": "2026-02-14T10:39:01.757Z", "search_description": "", "wagtail_admin_comments": [], "has_unpublished_changes": true, "latest_revision_created_at": "2026-02-14T16:49:33.854Z"}	\N	5	1	45	1	De ce „greșeala” este cel mai bun profesor de artă
50	2026-02-18 15:09:44.134199+00	{"pk": 7, "body": "<h3 data-block-key=\\"rywcg\\">Un spațiu premium, cu grupe limitate la doar patru copii, necesită o expertiză pe măsură. La Atelierele Scânteia, direcția educațională este asigurată de un profil care combină rigoarea academică, peste 30 de ani de practică artistică și inteligența emoțională: Andreea Apăvăloaei.</h3><p data-block-key=\\"de5bp\\">În acest hub creativ din București, Sector 1, am creat un ecosistem de micro-educație de calitate, unde grupele sunt restrânse la patru copii. Această densitate scăzută permite Andreei să ofere o experiență de mentorat cu adevărat personalizată.</p><p data-block-key=\\"ecjsg\\">Când alegi un curs de artă pentru copilul tău, omul din spatele șevaletului este cel mai important instrument pedagogic. Pentru a garanta succesul micro-grupelor noastre, am reunit experiența unui artist consacrat cu talentul nativ al unui pedagog.</p><h3 data-block-key=\\"c02tp\\">Cine este artista?</h3><p data-block-key=\\"9694s\\">Fundamentul oricărui curs de artă este rigoarea mentorului. Parcursul academic al Andreei Apăvăloaei a început la Liceul de Arte „Victor Brauner” și s-a continuat la Universitatea Națională de Arte București (UNARTE), unde a absolvit <b>Licența în Arte textile – imprimerie și inginerie textilă cu nota 10</b>, urmată de <b>Masterul în Design, de asemenea cu nota 10</b>. Această performanță academică îi conferă o expertiză tehnică rar întâlnită în educația vizuală pentru copii..</p><p data-block-key=\\"5kqlv\\">Cu un portofoliu consolidat pe parcursul a trei decenii, orizontul ei artistic depășește cu mult șevaletul clasic. Abordând arta ca pe o „meditație activă”, Andreea oferă cursanților o experiență multidisciplinară: de la pictură de șevalet (ulei și acrilic, cu accente de expresionism abstract), la artă decorativă, mozaicuri complexe și intervenții pe piese de mobilier contemporan de lux.</p><p data-block-key=\\"1becu\\">Pentru copilul tău, acest portofoliu înseamnă libertate totală de expresie: îndrumat de un artist cu o asemenea versatilitate, el nu învață doar să deseneze, ci descoperă structura materialelor, compoziția aplicată și gândirea tridimensională, într-un mediu creativ fără limite.</p><p data-block-key=\\"9i5c8\\">„Trăiesc arta și arta mă trăiește. Pictura este un sistem elastic, dornic de expansiune; nu o poți zidi între reguli rigide, dar nici nu o poți lăsa complet liberă.” – Andreea Apăvăloaei<br/> </p><p data-block-key=\\"9j7g0\\">Pentru cursanți, acest background se traduce printr-o înțelegere profundă a materialităților, a texturilor și a modului în care arta poate transforma spațiul.</p><h3 data-block-key=\\"dq7e8\\">Știința pedagogică: Cum traducem arta pentru copii</h3><p data-block-key=\\"7elpu\\">Un artist talentat nu este automat și un profesor bun. De aceea, pilonul central al mentoratului nostru nu este doar experiența artistică, ci și metodologia de predare.</p><p data-block-key=\\"2ht4t\\">Andreea deține Certificatul de Absolvire a Departamentului pentru Pregătirea Personalului Didactic (DPPD). Această acreditare, combinată cu empatia profundă, schimbă complet dinamica atelierului. Întreaga ei experiență artistică este adaptată la limbajul copiilor, astfel încât învățarea să fie accesibilă și captivantă.</p><p data-block-key=\\"47lmi\\">Cum se reflectă acest lucru în lucrul cu copilul tău?</p><ul><li data-block-key=\\"euvkf\\"><b>Abordare psihologică sigură:</b> Predarea respectă etapele de dezvoltare cognitivă ale copilului, adaptând tehnicile vârstei și profilului emoțional.<br/> </li><li data-block-key=\\"972bo\\"><b>Libertatea mediilor de lucru:</b> Datorită experienței mentorului în arte decorative și materiale diverse, copiii nu se limitează la o coală de hârtie. Explorează volumetrii, texturi și suprafețe multiple.<br/> </li><li data-block-key=\\"3l5bj\\"><b>Empatie și răbdare:</b> Experiența în lucrul cu copii transformă Andreea într-un observator atent. Într-o micro-grupă de patru participanți, mentorul poate identifica exact unde copilul are nevoie de încurajare blândă și unde de îndrumare tehnică.</li></ul>", "live": true, "meta": "3 min · Observație", "path": "0001000100010003", "slug": "spatiul-ca-mentor", "depth": 4, "owner": null, "title": "Arhitectura mentoratului: Cine ghidează creativitatea la Atelierele Scânteia?", "locale": 1, "locked": false, "videos": "[]", "excerpt": "La Atelierele Scânteia, direcția educațională este asigurată de un profil care combină rigoarea academică, peste 30 de ani de practică artistică multidisciplinară și inteligența emoțională...", "expired": false, "alias_of": null, "category": "ATELIERE", "numchild": 0, "url_path": "/home/jurnal/spatiul-ca-mentor/", "expire_at": null, "locked_at": null, "locked_by": null, "seo_title": "", "go_live_at": null, "hero_image": null, "draft_title": "Arhitectura mentoratului: Cine ghidează creativitatea la Atelierele Scânteia?", "content_type": 45, "live_revision": 29, "show_in_menus": false, "gallery_images": [{"pk": 3, "page": 7, "image": 15, "caption": "", "sort_order": 0}, {"pk": 4, "page": 7, "image": 16, "caption": "", "sort_order": 1}], "latest_revision": 49, "translation_key": "da1aff16-6789-44b9-9c53-42f008f8de7f", "last_published_at": "2026-02-14T18:01:56.303Z", "first_published_at": "2026-02-14T10:39:23.750Z", "search_description": "", "wagtail_admin_comments": [], "has_unpublished_changes": true, "latest_revision_created_at": "2026-02-18T15:09:38.267Z"}	\N	7	1	45	1	Arhitectura mentoratului: Cine ghidează creativitatea la Atelierele Scânteia?
30	2026-02-14 18:02:03.985664+00	{"pk": 6, "body": "<p data-block-key=\\"rh026\\">Materialele nu sunt un moft. Sunt un profesor tăcut. Un pigment bun îți arată imediat ce înseamnă transparență, stratificare și răbdare.</p><p data-block-key=\\"wz7wi\\">La început, scopul nu e luxul, ci consistența: să poți repeta un gest și să înveți din el. Când materialul e imprevizibil, copilul învață frustrare – nu artă.</p><p data-block-key=\\"3bx7x\\">Alegem instrumente care răsplătesc atenția: hârtie cu textură, pensule care țin apă, culori care nu „mor” pe foaie.</p>", "live": true, "meta": "8 min · Practică", "path": "0001000100010002", "slug": "materialele-conteaza", "depth": 4, "owner": null, "title": "Materialele contează: de la tempera de supermarket la pigment profesionist", "locale": 1, "locked": false, "videos": "[{\\"type\\": \\"video\\", \\"value\\": \\"https://www.youtube.com/watch?v=IYd1-cPwQCk&t=1s\\", \\"id\\": \\"1abdd908-e5d4-46fe-924f-3560e8e1867c\\"}, {\\"type\\": \\"video\\", \\"value\\": \\"https://www.youtube.com/watch?v=To_yL5m7IIc\\", \\"id\\": \\"e076f318-1d6d-4eb2-afa9-181302de5fee\\"}]", "excerpt": "Diferența dintre „merge” și „se simte bine” vine adesea din material: densitate, granulație, lumină.", "expired": false, "alias_of": null, "category": "MATERIALE", "numchild": 0, "url_path": "/home/jurnal/materialele-conteaza/", "expire_at": null, "locked_at": null, "locked_by": null, "seo_title": "", "go_live_at": null, "hero_image": 7, "draft_title": "Materialele contează: de la tempera de supermarket la pigment profesionist", "content_type": 45, "live_revision": 24, "show_in_menus": false, "gallery_images": [], "latest_revision": 24, "translation_key": "2260338d-c344-40ce-8129-075895b3880d", "last_published_at": "2026-02-14T16:58:47.301Z", "first_published_at": "2026-02-14T10:39:12.347Z", "search_description": "", "wagtail_admin_comments": [], "has_unpublished_changes": false, "latest_revision_created_at": "2026-02-14T16:58:47.057Z"}	\N	6	1	45	1	Materialele contează: de la tempera de supermarket la pigment profesionist
28	2026-02-14 18:01:43.666005+00	{"pk": 5, "body": "<p data-block-key=\\"gsl7d\\">În educația estetică, greșeala e un instrument – nu o rușine. Când copilul înțelege că o linie „ratată” poate deveni o idee nouă, se naște libertatea de a explora.</p><p data-block-key=\\"h6rj2\\">În loc de corecturi rapide, lucrăm cu întrebări: Ce se întâmplă dacă? Cum se schimbă compoziția dacă mutăm centrul de greutate? Ce poveste spune pata?</p><p data-block-key=\\"jc1p0\\">Așa apar ritmul, intenția și disciplina blândă: nu pentru note, ci pentru un limbaj personal care crește în timp.</p>", "live": true, "meta": "6 min · Atelier", "path": "0001000100010001", "slug": "greseala-cel-mai-bun-profesor", "depth": 4, "owner": null, "title": "De ce „greșeala” este cel mai bun profesor de artă", "locale": 1, "locked": false, "videos": "[]", "excerpt": "În atelier, greșeala nu e eșec. E material brut pentru observație, curaj și limbaj vizual.", "expired": false, "alias_of": null, "category": "FILOSOFIE", "numchild": 0, "url_path": "/home/jurnal/greseala-cel-mai-bun-profesor/", "expire_at": null, "locked_at": null, "locked_by": null, "seo_title": "", "go_live_at": null, "hero_image": null, "draft_title": "De ce „greșeala” este cel mai bun profesor de artă", "content_type": 45, "live_revision": 22, "show_in_menus": false, "gallery_images": [{"pk": null, "page": 5, "image": 13, "caption": "", "sort_order": 0}, {"pk": null, "page": 5, "image": 14, "caption": "", "sort_order": 1}], "latest_revision": 27, "translation_key": "7ef518c9-4492-45bb-8538-020acb8d9f7e", "last_published_at": "2026-02-14T16:49:45.751Z", "first_published_at": "2026-02-14T10:39:01.757Z", "search_description": "", "wagtail_admin_comments": [], "has_unpublished_changes": true, "latest_revision_created_at": "2026-02-14T17:14:58.089Z"}	\N	5	1	45	1	De ce „greșeala” este cel mai bun profesor de artă
7	2026-02-14 15:49:18.287647+00	{"pk": 6, "body": "<p data-block-key=\\"rh026\\">Materialele nu sunt un moft. Sunt un profesor tăcut. Un pigment bun îți arată imediat ce înseamnă transparență, stratificare și răbdare.</p><p data-block-key=\\"wz7wi\\">La început, scopul nu e luxul, ci consistența: să poți repeta un gest și să înveți din el. Când materialul e imprevizibil, copilul învață frustrare – nu artă.</p><p data-block-key=\\"3bx7x\\">Alegem instrumente care răsplătesc atenția: hârtie cu textură, pensule care țin apă, culori care nu „mor” pe foaie.</p>", "live": true, "meta": "8 min · Practică", "path": "0001000100010002", "slug": "materialele-conteaza", "depth": 4, "owner": null, "title": "Materialele contează: de la tempera de supermarket la pigment profesionist", "locale": 1, "locked": false, "videos": "[{\\"type\\": \\"video\\", \\"value\\": \\"https://www.youtube.com/watch?v=IYd1-cPwQCk&t=1s\\", \\"id\\": \\"1abdd908-e5d4-46fe-924f-3560e8e1867c\\"}, {\\"type\\": \\"video\\", \\"value\\": \\"https://www.youtube.com/watch?v=IYd1-cPwQCk&t=1s\\", \\"id\\": \\"e076f318-1d6d-4eb2-afa9-181302de5fee\\"}]", "excerpt": "Diferența dintre „merge” și „se simte bine” vine adesea din material: densitate, granulație, lumină.", "expired": false, "alias_of": null, "category": "MATERIALE", "numchild": 0, "url_path": "/home/jurnal/materialele-conteaza/", "expire_at": null, "locked_at": null, "locked_by": null, "seo_title": "", "go_live_at": null, "hero_image": 2, "draft_title": "Materialele contează: de la tempera de supermarket la pigment profesionist", "content_type": 45, "live_revision": 6, "show_in_menus": false, "gallery_images": [], "latest_revision": 6, "translation_key": "2260338d-c344-40ce-8129-075895b3880d", "last_published_at": "2026-02-14T15:48:29.126Z", "first_published_at": "2026-02-14T10:39:12.347Z", "search_description": "", "wagtail_admin_comments": [], "has_unpublished_changes": false, "latest_revision_created_at": "2026-02-14T15:48:28.695Z"}	\N	6	1	45	1	Materialele contează: de la tempera de supermarket la pigment profesionist
8	2026-02-14 15:49:20.069718+00	{"pk": 6, "body": "<p data-block-key=\\"rh026\\">Materialele nu sunt un moft. Sunt un profesor tăcut. Un pigment bun îți arată imediat ce înseamnă transparență, stratificare și răbdare.</p><p data-block-key=\\"wz7wi\\">La început, scopul nu e luxul, ci consistența: să poți repeta un gest și să înveți din el. Când materialul e imprevizibil, copilul învață frustrare – nu artă.</p><p data-block-key=\\"3bx7x\\">Alegem instrumente care răsplătesc atenția: hârtie cu textură, pensule care țin apă, culori care nu „mor” pe foaie.</p>", "live": true, "meta": "8 min · Practică", "path": "0001000100010002", "slug": "materialele-conteaza", "depth": 4, "owner": null, "title": "Materialele contează: de la tempera de supermarket la pigment profesionist", "locale": 1, "locked": false, "videos": "[{\\"type\\": \\"video\\", \\"value\\": \\"https://www.youtube.com/watch?v=IYd1-cPwQCk&t=1s\\", \\"id\\": \\"1abdd908-e5d4-46fe-924f-3560e8e1867c\\"}, {\\"type\\": \\"video\\", \\"value\\": \\"https://www.youtube.com/watch?v=IYd1-cPwQCk&t=1s\\", \\"id\\": \\"e076f318-1d6d-4eb2-afa9-181302de5fee\\"}]", "excerpt": "Diferența dintre „merge” și „se simte bine” vine adesea din material: densitate, granulație, lumină.", "expired": false, "alias_of": null, "category": "MATERIALE", "numchild": 0, "url_path": "/home/jurnal/materialele-conteaza/", "expire_at": null, "locked_at": null, "locked_by": null, "seo_title": "", "go_live_at": null, "hero_image": 2, "draft_title": "Materialele contează: de la tempera de supermarket la pigment profesionist", "content_type": 45, "live_revision": 6, "show_in_menus": false, "gallery_images": [], "latest_revision": 7, "translation_key": "2260338d-c344-40ce-8129-075895b3880d", "last_published_at": "2026-02-14T15:48:29.126Z", "first_published_at": "2026-02-14T10:39:12.347Z", "search_description": "", "wagtail_admin_comments": [], "has_unpublished_changes": true, "latest_revision_created_at": "2026-02-14T15:49:18.287Z"}	\N	6	1	45	1	Materialele contează: de la tempera de supermarket la pigment profesionist
49	2026-02-18 15:09:38.267533+00	{"pk": 7, "body": "<h3 data-block-key=\\"rywcg\\">Un spațiu premium, cu grupe limitate la doar patru copii, necesită o expertiză pe măsură. La Atelierele Scânteia, direcția educațională este asigurată de un profil care combină rigoarea academică, peste 30 de ani de practică artistică și inteligența emoțională: Andreea Apăvăloaei.</h3><p data-block-key=\\"de5bp\\">În acest hub creativ din București, Sector 1, am creat un ecosistem de micro-educație de calitate, unde grupele sunt restrânse la patru copii. Această densitate scăzută permite Andreei să ofere o experiență de mentorat cu adevărat personalizată.</p><p data-block-key=\\"ecjsg\\">Când alegi un curs de artă pentru copilul tău, omul din spatele șevaletului este cel mai important instrument pedagogic. Pentru a garanta succesul micro-grupelor noastre, am reunit experiența unui artist consacrat cu talentul nativ al unui pedagog.</p><h3 data-block-key=\\"c02tp\\">Cine este artista?</h3><p data-block-key=\\"9694s\\">Fundamentul oricărui curs de artă este rigoarea mentorului. Parcursul academic al Andreei Apăvăloaei a început la Liceul de Arte „Victor Brauner” și s-a continuat la Universitatea Națională de Arte București (UNARTE), unde a absolvit <b>Licența în Arte textile – imprimerie și inginerie textilă cu nota 10</b>, urmată de <b>Masterul în Design, de asemenea cu nota 10</b>. Această performanță academică îi conferă o expertiză tehnică rar întâlnită în educația vizuală pentru copii..</p><p data-block-key=\\"5kqlv\\">Cu un portofoliu consolidat pe parcursul a trei decenii, orizontul ei artistic depășește cu mult șevaletul clasic. Abordând arta ca pe o „meditație activă”, Andreea oferă cursanților o experiență multidisciplinară: de la pictură de șevalet (ulei și acrilic, cu accente de expresionism abstract), la artă decorativă, mozaicuri complexe și intervenții pe piese de mobilier contemporan de lux.</p><p data-block-key=\\"1becu\\">Pentru copilul tău, acest portofoliu înseamnă libertate totală de expresie: îndrumat de un artist cu o asemenea versatilitate, el nu învață doar să deseneze, ci descoperă structura materialelor, compoziția aplicată și gândirea tridimensională, într-un mediu creativ fără limite.</p><p data-block-key=\\"9i5c8\\">„Trăiesc arta și arta mă trăiește. Pictura este un sistem elastic, dornic de expansiune; nu o poți zidi între reguli rigide, dar nici nu o poți lăsa complet liberă.” – Andreea Apăvăloaei<br/> </p><p data-block-key=\\"9j7g0\\">Pentru cursanți, acest background se traduce printr-o înțelegere profundă a materialităților, a texturilor și a modului în care arta poate transforma spațiul.</p><h3 data-block-key=\\"dq7e8\\">Știința pedagogică: Cum traducem arta pentru copii</h3><p data-block-key=\\"7elpu\\">Un artist talentat nu este automat și un profesor bun. De aceea, pilonul central al mentoratului nostru nu este doar experiența artistică, ci și metodologia de predare.</p><p data-block-key=\\"2ht4t\\">Andreea deține Certificatul de Absolvire a Departamentului pentru Pregătirea Personalului Didactic (DPPD). Această acreditare, combinată cu empatia profundă, schimbă complet dinamica atelierului. Întreaga ei experiență artistică este adaptată la limbajul copiilor, astfel încât învățarea să fie accesibilă și captivantă.</p><p data-block-key=\\"47lmi\\">Cum se reflectă acest lucru în lucrul cu copilul tău?</p><ul><li data-block-key=\\"euvkf\\"><b>Abordare psihologică sigură:</b> Predarea respectă etapele de dezvoltare cognitivă ale copilului, adaptând tehnicile vârstei și profilului emoțional.<br/> </li><li data-block-key=\\"972bo\\"><b>Libertatea mediilor de lucru:</b> Datorită experienței mentorului în arte decorative și materiale diverse, copiii nu se limitează la o coală de hârtie. Explorează volumetrii, texturi și suprafețe multiple.<br/> </li><li data-block-key=\\"3l5bj\\"><b>Empatie și răbdare:</b> Experiența în lucrul cu copii transformă Andreea într-un observator atent. Într-o micro-grupă de patru participanți, mentorul poate identifica exact unde copilul are nevoie de încurajare blândă și unde de îndrumare tehnică.</li></ul>", "live": true, "meta": "3 min · Observație", "path": "0001000100010003", "slug": "spatiul-ca-mentor", "depth": 4, "owner": null, "title": "Arhitectura mentoratului: Cine ghidează creativitatea la Atelierele Scânteia?", "locale": 1, "locked": false, "videos": "[]", "excerpt": "La Atelierele Scânteia, direcția educațională este asigurată de un profil care combină rigoarea academică, peste 30 de ani de practică artistică multidisciplinară și inteligența emoțională...", "expired": false, "alias_of": null, "category": "ATELIERE", "numchild": 0, "url_path": "/home/jurnal/spatiul-ca-mentor/", "expire_at": null, "locked_at": null, "locked_by": null, "seo_title": "", "go_live_at": null, "hero_image": null, "draft_title": "Arhitectura mentoratului: Cine ghidează creativitatea la Atelierele Scânteia?", "content_type": 45, "live_revision": 29, "show_in_menus": false, "gallery_images": [{"pk": 3, "page": 7, "image": 15, "caption": "", "sort_order": 0}, {"pk": 4, "page": 7, "image": 16, "caption": "", "sort_order": 1}], "latest_revision": 49, "translation_key": "da1aff16-6789-44b9-9c53-42f008f8de7f", "last_published_at": "2026-02-14T18:01:56.303Z", "first_published_at": "2026-02-14T10:39:23.750Z", "search_description": "", "wagtail_admin_comments": [], "has_unpublished_changes": true, "latest_revision_created_at": "2026-02-18T15:04:53.457Z"}	\N	7	1	45	1	Arhitectura mentoratului: Cine ghidează creativitatea la Atelierele Scânteia?
59	2026-02-21 20:56:03.944093+00	{"pk": 7, "body": "<h3 data-block-key=\\"rywcg\\">Un spațiu premium, cu grupe limitate la doar patru copii, necesită o expertiză pe măsură. La Atelierele Scânteia, direcția educațională este asigurată de un profil care combină rigoarea academică, peste 30 de ani de practică artistică și inteligența emoțională: Andreea Apăvăloaei.</h3><p data-block-key=\\"de5bp\\">În acest hub creativ din București, Sector 1, am creat un ecosistem de micro-educație de calitate, unde grupele sunt restrânse la patru copii. Această densitate scăzută permite Andreei să ofere o experiență de mentorat cu adevărat personalizată.</p><p data-block-key=\\"ecjsg\\">Când alegi un curs de artă pentru copilul tău, omul din spatele șevaletului este cel mai important instrument pedagogic. Pentru a garanta succesul micro-grupelor noastre, am reunit experiența unui artist consacrat cu talentul nativ al unui pedagog.</p><h3 data-block-key=\\"c02tp\\">Cine este artista?</h3><p data-block-key=\\"9694s\\">Fundamentul oricărui curs de artă este rigoarea mentorului. Parcursul academic al Andreei Apăvăloaei a început la Liceul de Arte „Victor Brauner” și s-a continuat la Universitatea Națională de Arte București (UNARTE), unde a absolvit <b>Licența în Arte textile – imprimerie și inginerie textilă cu nota 10</b>, urmată de <b>Masterul în Design, de asemenea cu nota 10</b>. Această performanță academică îi conferă o expertiză tehnică rar întâlnită în educația vizuală pentru copii..</p><p data-block-key=\\"5kqlv\\">Cu un portofoliu consolidat pe parcursul a trei decenii, orizontul ei artistic depășește cu mult șevaletul clasic. Abordând arta ca pe o „meditație activă”, Andreea oferă cursanților o experiență multidisciplinară: de la pictură de șevalet (ulei și acrilic, cu accente de expresionism abstract), la artă decorativă, mozaicuri complexe și intervenții pe piese de mobilier contemporan de lux.</p><p data-block-key=\\"1becu\\">Pentru copilul tău, acest portofoliu înseamnă libertate totală de expresie: îndrumat de un artist cu o asemenea versatilitate, el nu învață doar să deseneze, ci descoperă structura materialelor, compoziția aplicată și gândirea tridimensională, într-un mediu creativ fără limite.</p><p data-block-key=\\"9i5c8\\"><i>„Trăiesc arta și arta mă trăiește. Pictura este un sistem elastic, dornic de expansiune; nu o poți zidi între reguli rigide, dar nici nu o poți lăsa complet liberă.” – Andreea Apăvăloaei</i><br/></p><p data-block-key=\\"9j7g0\\">Pentru cursanți, acest background se traduce printr-o înțelegere profundă a materialităților, a texturilor și a modului în care arta poate transforma spațiul.</p><h3 data-block-key=\\"dq7e8\\">Știința pedagogică: Cum traducem arta pentru copii</h3><p data-block-key=\\"7elpu\\">Un artist talentat nu este automat și un profesor bun. De aceea, pilonul central al mentoratului nostru nu este doar experiența artistică, ci și metodologia de predare.</p><p data-block-key=\\"2ht4t\\">Andreea deține Certificatul de Absolvire a Departamentului pentru Pregătirea Personalului Didactic (DPPD). Această acreditare, combinată cu empatia profundă, schimbă complet dinamica atelierului. Întreaga ei experiență artistică este adaptată la limbajul copiilor, astfel încât învățarea să fie accesibilă și captivantă.</p><p data-block-key=\\"47lmi\\">Cum se reflectă acest lucru în lucrul cu copilul tău?</p><ul><li data-block-key=\\"euvkf\\"><b>Abordare psihologică sigură:</b> Predarea respectă etapele de dezvoltare cognitivă ale copilului, adaptând tehnicile vârstei și profilului emoțional.<br/></li><li data-block-key=\\"972bo\\"><b>Libertatea mediilor de lucru:</b> Datorită experienței mentorului în arte decorative și materiale diverse, copiii nu se limitează la o coală de hârtie. Explorează volumetrii, texturi și suprafețe multiple.<br/></li><li data-block-key=\\"3l5bj\\"><b>Empatie și răbdare:</b> Experiența în lucrul cu copii transformă Andreea într-un observator atent. Într-o micro-grupă de patru participanți, mentorul poate identifica exact unde copilul are nevoie de încurajare blândă și unde de îndrumare tehnică.</li></ul>", "live": true, "meta": "3 min · Observație", "path": "0001000100010003", "slug": "spatiul-ca-mentor", "depth": 4, "owner": null, "title": "Arhitectura mentoratului: Cine ghidează creativitatea la Atelierele Scânteia?", "locale": 1, "locked": false, "videos": "[]", "excerpt": "La Atelierele Scânteia, direcția educațională este asigurată de un profil care combină rigoarea academică, peste 30 de ani de practică artistică multidisciplinară și inteligența emoțională...", "expired": false, "alias_of": null, "category": "ATELIERE", "numchild": 0, "url_path": "/home/jurnal/spatiul-ca-mentor/", "expire_at": null, "locked_at": null, "locked_by": null, "seo_title": "", "go_live_at": null, "hero_image": null, "draft_title": "Arhitectura mentoratului: Cine ghidează creativitatea la Atelierele Scânteia?", "content_type": 45, "live_revision": 52, "show_in_menus": false, "gallery_images": [{"pk": 3, "page": 7, "image": 25, "caption": "", "sort_order": 0}, {"pk": 4, "page": 7, "image": 26, "caption": "", "sort_order": 1}], "latest_revision": 59, "translation_key": "da1aff16-6789-44b9-9c53-42f008f8de7f", "last_published_at": "2026-02-18T15:12:19.825Z", "first_published_at": "2026-02-14T10:39:23.750Z", "search_description": "", "wagtail_admin_comments": [], "has_unpublished_changes": true, "latest_revision_created_at": "2026-02-21T20:55:47.980Z"}	\N	7	1	45	1	Arhitectura mentoratului: Cine ghidează creativitatea la Atelierele Scânteia?
60	2026-02-21 20:56:06.376947+00	{"pk": 7, "body": "<h3 data-block-key=\\"rywcg\\">Un spațiu premium, cu grupe limitate la doar patru copii, necesită o expertiză pe măsură. La Atelierele Scânteia, direcția educațională este asigurată de un profil care combină rigoarea academică, peste 30 de ani de practică artistică și inteligența emoțională: Andreea Apăvăloaei.</h3><p data-block-key=\\"de5bp\\">În acest hub creativ din București, Sector 1, am creat un ecosistem de micro-educație de calitate, unde grupele sunt restrânse la patru copii. Această densitate scăzută permite Andreei să ofere o experiență de mentorat cu adevărat personalizată.</p><p data-block-key=\\"ecjsg\\">Când alegi un curs de artă pentru copilul tău, omul din spatele șevaletului este cel mai important instrument pedagogic. Pentru a garanta succesul micro-grupelor noastre, am reunit experiența unui artist consacrat cu talentul nativ al unui pedagog.</p><h3 data-block-key=\\"c02tp\\">Cine este artista?</h3><p data-block-key=\\"9694s\\">Fundamentul oricărui curs de artă este rigoarea mentorului. Parcursul academic al Andreei Apăvăloaei a început la Liceul de Arte „Victor Brauner” și s-a continuat la Universitatea Națională de Arte București (UNARTE), unde a absolvit <b>Licența în Arte textile – imprimerie și inginerie textilă cu nota 10</b>, urmată de <b>Masterul în Design, de asemenea cu nota 10</b>. Această performanță academică îi conferă o expertiză tehnică rar întâlnită în educația vizuală pentru copii..</p><p data-block-key=\\"5kqlv\\">Cu un portofoliu consolidat pe parcursul a trei decenii, orizontul ei artistic depășește cu mult șevaletul clasic. Abordând arta ca pe o „meditație activă”, Andreea oferă cursanților o experiență multidisciplinară: de la pictură de șevalet (ulei și acrilic, cu accente de expresionism abstract), la artă decorativă, mozaicuri complexe și intervenții pe piese de mobilier contemporan de lux.</p><p data-block-key=\\"1becu\\">Pentru copilul tău, acest portofoliu înseamnă libertate totală de expresie: îndrumat de un artist cu o asemenea versatilitate, el nu învață doar să deseneze, ci descoperă structura materialelor, compoziția aplicată și gândirea tridimensională, într-un mediu creativ fără limite.</p><p data-block-key=\\"9i5c8\\"><i>„Trăiesc arta și arta mă trăiește. Pictura este un sistem elastic, dornic de expansiune; nu o poți zidi între reguli rigide, dar nici nu o poți lăsa complet liberă.” – Andreea Apăvăloaei</i><br/></p><p data-block-key=\\"9j7g0\\">Pentru cursanți, acest background se traduce printr-o înțelegere profundă a materialităților, a texturilor și a modului în care arta poate transforma spațiul.</p><h3 data-block-key=\\"dq7e8\\">Știința pedagogică: Cum traducem arta pentru copii</h3><p data-block-key=\\"7elpu\\">Un artist talentat nu este automat și un profesor bun. De aceea, pilonul central al mentoratului nostru nu este doar experiența artistică, ci și metodologia de predare.</p><p data-block-key=\\"2ht4t\\">Andreea deține Certificatul de Absolvire a Departamentului pentru Pregătirea Personalului Didactic (DPPD). Această acreditare, combinată cu empatia profundă, schimbă complet dinamica atelierului. Întreaga ei experiență artistică este adaptată la limbajul copiilor, astfel încât învățarea să fie accesibilă și captivantă.</p><p data-block-key=\\"47lmi\\">Cum se reflectă acest lucru în lucrul cu copilul tău?</p><ul><li data-block-key=\\"euvkf\\"><b>Abordare psihologică sigură:</b> Predarea respectă etapele de dezvoltare cognitivă ale copilului, adaptând tehnicile vârstei și profilului emoțional.<br/></li><li data-block-key=\\"972bo\\"><b>Libertatea mediilor de lucru:</b> Datorită experienței mentorului în arte decorative și materiale diverse, copiii nu se limitează la o coală de hârtie. Explorează volumetrii, texturi și suprafețe multiple.<br/></li><li data-block-key=\\"3l5bj\\"><b>Empatie și răbdare:</b> Experiența în lucrul cu copii transformă Andreea într-un observator atent. Într-o micro-grupă de patru participanți, mentorul poate identifica exact unde copilul are nevoie de încurajare blândă și unde de îndrumare tehnică.</li></ul>", "live": true, "meta": "3 min · Observație", "path": "0001000100010003", "slug": "spatiul-ca-mentor", "depth": 4, "owner": null, "title": "Arhitectura mentoratului: Cine ghidează creativitatea la Atelierele Scânteia?", "locale": 1, "locked": false, "videos": "[]", "excerpt": "La Atelierele Scânteia, direcția educațională este asigurată de un profil care combină rigoarea academică, peste 30 de ani de practică artistică multidisciplinară și inteligența emoțională...", "expired": false, "alias_of": null, "category": "ATELIERE", "numchild": 0, "url_path": "/home/jurnal/spatiul-ca-mentor/", "expire_at": null, "locked_at": null, "locked_by": null, "seo_title": "", "go_live_at": null, "hero_image": null, "draft_title": "Arhitectura mentoratului: Cine ghidează creativitatea la Atelierele Scânteia?", "content_type": 45, "live_revision": 52, "show_in_menus": false, "gallery_images": [{"pk": 3, "page": 7, "image": 25, "caption": "", "sort_order": 0}, {"pk": 4, "page": 7, "image": 26, "caption": "", "sort_order": 1}], "latest_revision": 59, "translation_key": "da1aff16-6789-44b9-9c53-42f008f8de7f", "last_published_at": "2026-02-18T15:12:19.825Z", "first_published_at": "2026-02-14T10:39:23.750Z", "search_description": "", "wagtail_admin_comments": [], "has_unpublished_changes": true, "latest_revision_created_at": "2026-02-21T20:56:03.944Z"}	\N	7	1	45	1	Arhitectura mentoratului: Cine ghidează creativitatea la Atelierele Scânteia?
39	2026-02-17 23:34:03.202022+00	{"pk": 5, "body": "<h2 data-block-key=\\"gsl7d\\">Secretul din pereții Casei Presei Libere: De la zgomotul tiparnițelor la tăcerea concentrată</h2><p data-block-key=\\"aldk7\\">Există clădiri care poartă în tencuiala lor ceva, poate o energie adormită ce așteaptă să fie trezită, poate niște ciuperci arhaice sau poate doar așteaptă un buldozer. Sunt locuri născute din rigoare, din muncă repetitivă, din zgomotul tiparnițelor sau al mașinilor. Acum, aceste spații își descoperă un alt sens: acela de a găzdui tăcerea concentrată a copiilor și zgomotul pensulelor pe pânză; ce metaforă cretină.</p><h2 data-block-key=\\"cb6vi\\">Cum arată cele mai atipice ateliere de pictură din sectorul 1</h2><p data-block-key=\\"cs9ke\\">Lumina intră prin ferestre înalte peste mesele de lucru și peste borcanele cu vopsea, peste hârtii albe care așteaptă prima urmă de culoare. Pentru copiii care calcă pragul acestor <b>ateliere de pictură din sectorul 1</b>, pereții grei și gri ai clădirii nu au istoria pe care o (mai) știm noi. Pentru ei, locul nu e fost, ci nou.</p><p data-block-key=\\"a6bmk\\">Îl cuceresc cu spontaneitatea lor, îl umplu de râsete, de gesturi imperfecte, de pete vii. În fiecare linie trasată, în fiecare culoare care scapă din contur, spațiul își recapătă... Ce să își recapate? Ceva ce nu a avut niciodată?! Își câștigă un strop de libertăți.</p><h3 data-block-key=\\"3kgos\\">Arta ca formă de conversație, nu ca propagandă</h3><p data-block-key=\\"d8knc\\">E o ironie naivă în felul în care arta copiilor se așază peste memoria unui loc constrâns. Ceea ce era disciplină devine acum libertate. Ceea ce era comunicare rigidă devine conversație. Arta e conversație, nu performanță. Iar pentru cei mici, nici măcar o formă de propagandă.</p><p data-block-key=\\"l1jk\\">Într-o lume în care educația vizuală pare un lux, aceste ateliere sunt mici... Sunt mici, asta voiam să spun. Doar locuri unde copiii învață fără să știe că învață sau ce învață. Învață? Aici, educația nu se măsoară în tehnici, ci în felul în care lumina cade pe chipul lor atunci când descoperă ceva nou. În tăcerea aceea concentrată, în bucuria descoperirii unei nuanțe, într-o dungă trasată pe lângă, dar care, din întâmplare, dă sens. Și arta, acest cuvânt folosit la orice, devine o formă de încredere.</p><h2 data-block-key=\\"ag4n\\">Reconversia sensului: Un spațiu care învață din nou să fie viu</h2><p data-block-key=\\"bneeb\\">Poate că adevărata reconversie nu e cea arhitecturală, ci cea umană — felul în care un loc învață să fie viu, prin copii care nu poartă nostalgia trecutului, ci o formă pură de prezent.</p><p data-block-key=\\"28vth\\">Adesea se vorbește despre „reconversia” clădirii, dar termenul nu surprinde esența. Aș fi tentat să zic chiar că o alterează. Fosta Casă a Scânteii, devenită ulterior Casa Presei Libere, nu și-a pierdut funcția de bază: un spațiu dedicat comunicării și exprimării unui mesaj. Ceea ce s-a schimbat este mesajul însuși. Odinioară se transmitea prin text și imagine tipărită material de propagandă, iar astăzi prin culori, forme și gesturi spontane. În ambele cazuri, locul rămâne un mediator între creator și public, între gânduri și percepție.</p><p data-block-key=\\"b6nta\\">Pereții rămân aceiași, doar mesajul e altul, unul mai viu, mai colorat, mai inocent. Și poate că asta e marea lecție: dincolo de toate straturile de ciment și tencuială care cade, un spațiu există doar atunci când e locuit. <br/>De imaginație.</p>", "live": true, "meta": "3 min · Atelier", "path": "0001000100010001", "slug": "greseala-cel-mai-bun-profesor", "depth": 4, "owner": null, "title": "Ce se întâmplă, de fapt, acum în locul unde se tipărea propaganda!", "locale": 1, "locked": false, "videos": "[]", "excerpt": "Uită tot ce știai despre fosta Casă a Scânteii. În spatele tencuielii reci și al zidurilor de beton nu se mai ascund mașinării de propagandă, ci cele mai vibrante ateliere de pictură din sectorul 1. Descoperă cum un grup de copii reușește să transforme în fiecare weekend un spațiu rigid și plin de cenzură într-o explozie de culoare, fără reguli și fără nostalgii inutile. O reconversie a sensului, ascunsă de restul orașului.", "expired": false, "alias_of": null, "category": "FILOSOFIE", "numchild": 0, "url_path": "/home/jurnal/greseala-cel-mai-bun-profesor/", "expire_at": null, "locked_at": null, "locked_by": null, "seo_title": "", "go_live_at": null, "hero_image": null, "draft_title": "Ce se întâmplă, de fapt, acum în locul unde se tipărea propaganda!", "content_type": 45, "live_revision": 38, "show_in_menus": false, "gallery_images": [{"pk": 5, "page": 5, "image": 17, "caption": "test", "sort_order": 0}], "latest_revision": 39, "translation_key": "7ef518c9-4492-45bb-8538-020acb8d9f7e", "last_published_at": "2026-02-17T22:17:17.949Z", "first_published_at": "2026-02-14T10:39:01.757Z", "search_description": "", "wagtail_admin_comments": [], "has_unpublished_changes": true, "latest_revision_created_at": "2026-02-17T23:31:42.593Z"}	\N	5	1	45	1	Ce se întâmplă, de fapt, acum în locul unde se tipărea propaganda!
21	2026-02-14 16:49:33.85442+00	{"pk": 5, "body": "<p data-block-key=\\"gsl7d\\">În educația estetică, greșeala e un instrument – nu o rușine. Când copilul înțelege că o linie „ratată” poate deveni o idee nouă, se naște libertatea de a explora.</p><p data-block-key=\\"h6rj2\\">În loc de corecturi rapide, lucrăm cu întrebări: Ce se întâmplă dacă? Cum se schimbă compoziția dacă mutăm centrul de greutate? Ce poveste spune pata?</p><p data-block-key=\\"jc1p0\\">Așa apar ritmul, intenția și disciplina blândă: nu pentru note, ci pentru un limbaj personal care crește în timp.</p>", "live": true, "meta": "6 min · Atelier", "path": "0001000100010001", "slug": "greseala-cel-mai-bun-profesor", "depth": 4, "owner": null, "title": "De ce „greșeala” este cel mai bun profesor de artă", "locale": 1, "locked": false, "videos": "[]", "excerpt": "În atelier, greșeala nu e eșec. E material brut pentru observație, curaj și limbaj vizual.", "expired": false, "alias_of": null, "category": "FILOSOFIE", "numchild": 0, "url_path": "/home/jurnal/greseala-cel-mai-bun-profesor/", "expire_at": null, "locked_at": null, "locked_by": null, "seo_title": "", "go_live_at": null, "hero_image": 8, "draft_title": "De ce „greșeala” este cel mai bun profesor de artă", "content_type": 45, "live_revision": 16, "show_in_menus": false, "gallery_images": [], "latest_revision": 16, "translation_key": "7ef518c9-4492-45bb-8538-020acb8d9f7e", "last_published_at": "2026-02-14T16:44:55.197Z", "first_published_at": "2026-02-14T10:39:01.757Z", "search_description": "", "wagtail_admin_comments": [], "has_unpublished_changes": false, "latest_revision_created_at": "2026-02-14T16:44:54.940Z"}	\N	5	1	45	1	De ce „greșeala” este cel mai bun profesor de artă
13	2026-02-14 16:43:31.748376+00	{"pk": 7, "body": "<p data-block-key=\\"rywcg\\">Un spațiu coerent invită la lucru profund. Lumina bună reduce graba. Ordinea reduce anxietatea. Aerul și distanțele dau curaj.</p><p data-block-key=\\"7kq27\\">Când copilul intră într-un loc care respectă actul artistic, își schimbă postura: devine mai atent, mai prezent.</p><p data-block-key=\\"lhehf\\">Într-un atelier, arhitectura devine un cadru moral: aici avem voie să încercăm, să repetăm și să tăcem.</p>", "live": true, "meta": "7 min · Observație", "path": "0001000100010003", "slug": "spatiul-ca-mentor", "depth": 4, "owner": null, "title": "Spațiul ca mentor: cum arhitectura influențează creativitatea", "locale": 1, "locked": false, "videos": "[]", "excerpt": "Lumina, liniștea și proporțiile nu sunt decor. Sunt condiții care modelează atenția.", "expired": false, "alias_of": null, "category": "SPAȚIU", "numchild": 0, "url_path": "/home/jurnal/spatiul-ca-mentor/", "expire_at": null, "locked_at": null, "locked_by": null, "seo_title": "", "go_live_at": null, "hero_image": 5, "draft_title": "Spațiul ca mentor: cum arhitectura influențează creativitatea", "content_type": 45, "live_revision": 4, "show_in_menus": false, "gallery_images": [{"pk": null, "page": 7, "image": 6, "caption": "", "sort_order": 0}], "latest_revision": 13, "translation_key": "da1aff16-6789-44b9-9c53-42f008f8de7f", "last_published_at": "2026-02-14T10:39:23.750Z", "first_published_at": "2026-02-14T10:39:23.750Z", "search_description": "", "wagtail_admin_comments": [], "has_unpublished_changes": true, "latest_revision_created_at": "2026-02-14T16:43:20.408Z"}	\N	7	1	45	1	Spațiul ca mentor: cum arhitectura influențează creativitatea
25	2026-02-14 17:11:43.971702+00	{"pk": 7, "body": "<p data-block-key=\\"rywcg\\">Un spațiu coerent invită la lucru profund. Lumina bună reduce graba. Ordinea reduce anxietatea. Aerul și distanțele dau curaj.</p><p data-block-key=\\"7kq27\\">Când copilul intră într-un loc care respectă actul artistic, își schimbă postura: devine mai atent, mai prezent.</p><p data-block-key=\\"lhehf\\">Într-un atelier, arhitectura devine un cadru moral: aici avem voie să încercăm, să repetăm și să tăcem.</p>", "live": true, "meta": "7 min · Observație", "path": "0001000100010003", "slug": "spatiul-ca-mentor", "depth": 4, "owner": null, "title": "Spațiul ca mentor: cum arhitectura influențează creativitatea", "locale": 1, "locked": false, "videos": "[]", "excerpt": "Lumina, liniștea și proporțiile nu sunt decor. Sunt condiții care modelează atenția.", "expired": false, "alias_of": null, "category": "SPAȚIU", "numchild": 0, "url_path": "/home/jurnal/spatiul-ca-mentor/", "expire_at": null, "locked_at": null, "locked_by": null, "seo_title": "", "go_live_at": null, "hero_image": null, "draft_title": "Spațiul ca mentor: cum arhitectura influențează creativitatea", "content_type": 45, "live_revision": 14, "show_in_menus": false, "gallery_images": [{"pk": null, "page": 7, "image": 11, "caption": "", "sort_order": 0}, {"pk": null, "page": 7, "image": 12, "caption": "", "sort_order": 1}], "latest_revision": 25, "translation_key": "da1aff16-6789-44b9-9c53-42f008f8de7f", "last_published_at": "2026-02-14T16:43:33.321Z", "first_published_at": "2026-02-14T10:39:23.750Z", "search_description": "", "wagtail_admin_comments": [], "has_unpublished_changes": true, "latest_revision_created_at": "2026-02-14T17:11:28.456Z"}	\N	7	1	45	1	Spațiul ca mentor: cum arhitectura influențează creativitatea
27	2026-02-14 17:14:58.089608+00	{"pk": 5, "body": "<p data-block-key=\\"gsl7d\\">În educația estetică, greșeala e un instrument – nu o rușine. Când copilul înțelege că o linie „ratată” poate deveni o idee nouă, se naște libertatea de a explora.</p><p data-block-key=\\"h6rj2\\">În loc de corecturi rapide, lucrăm cu întrebări: Ce se întâmplă dacă? Cum se schimbă compoziția dacă mutăm centrul de greutate? Ce poveste spune pata?</p><p data-block-key=\\"jc1p0\\">Așa apar ritmul, intenția și disciplina blândă: nu pentru note, ci pentru un limbaj personal care crește în timp.</p>", "live": true, "meta": "6 min · Atelier", "path": "0001000100010001", "slug": "greseala-cel-mai-bun-profesor", "depth": 4, "owner": null, "title": "De ce „greșeala” este cel mai bun profesor de artă", "locale": 1, "locked": false, "videos": "[]", "excerpt": "În atelier, greșeala nu e eșec. E material brut pentru observație, curaj și limbaj vizual.", "expired": false, "alias_of": null, "category": "FILOSOFIE", "numchild": 0, "url_path": "/home/jurnal/greseala-cel-mai-bun-profesor/", "expire_at": null, "locked_at": null, "locked_by": null, "seo_title": "", "go_live_at": null, "hero_image": null, "draft_title": "De ce „greșeala” este cel mai bun profesor de artă", "content_type": 45, "live_revision": 22, "show_in_menus": false, "gallery_images": [{"pk": null, "page": 5, "image": 13, "caption": "", "sort_order": 0}, {"pk": null, "page": 5, "image": 14, "caption": "", "sort_order": 1}], "latest_revision": 27, "translation_key": "7ef518c9-4492-45bb-8538-020acb8d9f7e", "last_published_at": "2026-02-14T16:49:45.751Z", "first_published_at": "2026-02-14T10:39:01.757Z", "search_description": "", "wagtail_admin_comments": [], "has_unpublished_changes": true, "latest_revision_created_at": "2026-02-14T17:14:40.281Z"}	\N	5	1	45	1	De ce „greșeala” este cel mai bun profesor de artă
40	2026-02-17 23:34:03.738408+00	{"pk": 5, "body": "<h2 data-block-key=\\"gsl7d\\">Secretul din pereții Casei Presei Libere: De la zgomotul tiparnițelor la tăcerea concentrată</h2><p data-block-key=\\"aldk7\\">Există clădiri care poartă în tencuiala lor ceva, poate o energie adormită ce așteaptă să fie trezită, poate niște ciuperci arhaice sau poate doar așteaptă un buldozer. Sunt locuri născute din rigoare, din muncă repetitivă, din zgomotul tiparnițelor sau al mașinilor. Acum, aceste spații își descoperă un alt sens: acela de a găzdui tăcerea concentrată a copiilor și zgomotul pensulelor pe pânză; ce metaforă cretină.</p><h2 data-block-key=\\"cb6vi\\">Cum arată cele mai atipice ateliere de pictură din sectorul 1</h2><p data-block-key=\\"cs9ke\\">Lumina intră prin ferestre înalte peste mesele de lucru și peste borcanele cu vopsea, peste hârtii albe care așteaptă prima urmă de culoare. Pentru copiii care calcă pragul acestor <b>ateliere de pictură din sectorul 1</b>, pereții grei și gri ai clădirii nu au istoria pe care o (mai) știm noi. Pentru ei, locul nu e fost, ci nou.</p><p data-block-key=\\"a6bmk\\">Îl cuceresc cu spontaneitatea lor, îl umplu de râsete, de gesturi imperfecte, de pete vii. În fiecare linie trasată, în fiecare culoare care scapă din contur, spațiul își recapătă... Ce să își recapate? Ceva ce nu a avut niciodată?! Își câștigă un strop de libertăți.</p><h3 data-block-key=\\"3kgos\\">Arta ca formă de conversație, nu ca propagandă</h3><p data-block-key=\\"d8knc\\">E o ironie naivă în felul în care arta copiilor se așază peste memoria unui loc constrâns. Ceea ce era disciplină devine acum libertate. Ceea ce era comunicare rigidă devine conversație. Arta e conversație, nu performanță. Iar pentru cei mici, nici măcar o formă de propagandă.</p><p data-block-key=\\"l1jk\\">Într-o lume în care educația vizuală pare un lux, aceste ateliere sunt mici... Sunt mici, asta voiam să spun. Doar locuri unde copiii învață fără să știe că învață sau ce învață. Învață? Aici, educația nu se măsoară în tehnici, ci în felul în care lumina cade pe chipul lor atunci când descoperă ceva nou. În tăcerea aceea concentrată, în bucuria descoperirii unei nuanțe, într-o dungă trasată pe lângă, dar care, din întâmplare, dă sens. Și arta, acest cuvânt folosit la orice, devine o formă de încredere.</p><h2 data-block-key=\\"ag4n\\">Reconversia sensului: Un spațiu care învață din nou să fie viu</h2><p data-block-key=\\"bneeb\\">Poate că adevărata reconversie nu e cea arhitecturală, ci cea umană — felul în care un loc învață să fie viu, prin copii care nu poartă nostalgia trecutului, ci o formă pură de prezent.</p><p data-block-key=\\"28vth\\">Adesea se vorbește despre „reconversia” clădirii, dar termenul nu surprinde esența. Aș fi tentat să zic chiar că o alterează. Fosta Casă a Scânteii, devenită ulterior Casa Presei Libere, nu și-a pierdut funcția de bază: un spațiu dedicat comunicării și exprimării unui mesaj. Ceea ce s-a schimbat este mesajul însuși. Odinioară se transmitea prin text și imagine tipărită material de propagandă, iar astăzi prin culori, forme și gesturi spontane. În ambele cazuri, locul rămâne un mediator între creator și public, între gânduri și percepție.</p><p data-block-key=\\"b6nta\\">Pereții rămân aceiași, doar mesajul e altul, unul mai viu, mai colorat, mai inocent. Și poate că asta e marea lecție: dincolo de toate straturile de ciment și tencuială care cade, un spațiu există doar atunci când e locuit. <br/>De imaginație.</p>", "live": true, "meta": "3 min · Atelier", "path": "0001000100010001", "slug": "greseala-cel-mai-bun-profesor", "depth": 4, "owner": null, "title": "Ce se întâmplă, de fapt, acum în locul unde se tipărea propaganda!", "locale": 1, "locked": false, "videos": "[]", "excerpt": "Uită tot ce știai despre fosta Casă a Scânteii. În spatele tencuielii reci și al zidurilor de beton nu se mai ascund mașinării de propagandă, ci cele mai vibrante ateliere de pictură din sectorul 1. Descoperă cum un grup de copii reușește să transforme în fiecare weekend un spațiu rigid și plin de cenzură într-o explozie de culoare, fără reguli și fără nostalgii inutile. O reconversie a sensului, ascunsă de restul orașului.", "expired": false, "alias_of": null, "category": "FILOSOFIE", "numchild": 0, "url_path": "/home/jurnal/greseala-cel-mai-bun-profesor/", "expire_at": null, "locked_at": null, "locked_by": null, "seo_title": "", "go_live_at": null, "hero_image": null, "draft_title": "Ce se întâmplă, de fapt, acum în locul unde se tipărea propaganda!", "content_type": 45, "live_revision": 38, "show_in_menus": false, "gallery_images": [{"pk": 5, "page": 5, "image": 17, "caption": "test", "sort_order": 0}], "latest_revision": 39, "translation_key": "7ef518c9-4492-45bb-8538-020acb8d9f7e", "last_published_at": "2026-02-17T22:17:17.949Z", "first_published_at": "2026-02-14T10:39:01.757Z", "search_description": "", "wagtail_admin_comments": [], "has_unpublished_changes": true, "latest_revision_created_at": "2026-02-17T23:34:03.202Z"}	\N	5	1	45	1	Ce se întâmplă, de fapt, acum în locul unde se tipărea propaganda!
43	2026-02-17 23:34:31.534346+00	{"pk": 5, "body": "<h2 data-block-key=\\"gsl7d\\">Secretul din pereții Casei Presei Libere: De la zgomotul tiparnițelor la tăcerea concentrată</h2><p data-block-key=\\"aldk7\\">Există clădiri care poartă în tencuiala lor ceva, poate o energie adormită ce așteaptă să fie trezită, poate niște ciuperci arhaice sau poate doar așteaptă un buldozer. Sunt locuri născute din rigoare, din muncă repetitivă, din zgomotul tiparnițelor sau al mașinilor. Acum, aceste spații își descoperă un alt sens: acela de a găzdui tăcerea concentrată a copiilor și zgomotul pensulelor pe pânză; ce metaforă cretină.</p><h2 data-block-key=\\"cb6vi\\">Cum arată cele mai atipice ateliere de pictură din sectorul 1</h2><p data-block-key=\\"cs9ke\\">Lumina intră prin ferestre înalte peste mesele de lucru și peste borcanele cu vopsea, peste hârtii albe care așteaptă prima urmă de culoare. Pentru copiii care calcă pragul acestor <b>ateliere de pictură din sectorul 1</b>, pereții grei și gri ai clădirii nu au istoria pe care o (mai) știm noi. Pentru ei, locul nu e fost, ci nou.</p><p data-block-key=\\"a6bmk\\">Îl cuceresc cu spontaneitatea lor, îl umplu de râsete, de gesturi imperfecte, de pete vii. În fiecare linie trasată, în fiecare culoare care scapă din contur, spațiul își recapătă... Ce să își recapate? Ceva ce nu a avut niciodată?! Își câștigă un strop de libertăți.</p><h3 data-block-key=\\"3kgos\\">Arta ca formă de conversație, nu ca propagandă</h3><p data-block-key=\\"d8knc\\">E o ironie naivă în felul în care arta copiilor se așază peste memoria unui loc constrâns. Ceea ce era disciplină devine acum libertate. Ceea ce era comunicare rigidă devine conversație. Arta e conversație, nu performanță. Iar pentru cei mici, nici măcar o formă de propagandă.</p><p data-block-key=\\"l1jk\\">Într-o lume în care educația vizuală pare un lux, aceste ateliere sunt mici... Sunt mici, asta voiam să spun. Doar locuri unde copiii învață fără să știe că învață sau ce învață. Învață? Aici, educația nu se măsoară în tehnici, ci în felul în care lumina cade pe chipul lor atunci când descoperă ceva nou. În tăcerea aceea concentrată, în bucuria descoperirii unei nuanțe, într-o dungă trasată pe lângă, dar care, din întâmplare, dă sens. Și arta, acest cuvânt folosit la orice, devine o formă de încredere.</p><h2 data-block-key=\\"ag4n\\">Reconversia sensului: Un spațiu care învață din nou să fie viu</h2><p data-block-key=\\"bneeb\\">Poate că adevărata reconversie nu e cea arhitecturală, ci cea umană — felul în care un loc învață să fie viu, prin copii care nu poartă nostalgia trecutului, ci o formă pură de prezent.</p><p data-block-key=\\"28vth\\">Adesea se vorbește despre „reconversia” clădirii, dar termenul nu surprinde esența. Aș fi tentat să zic chiar că o alterează. Fosta Casă a Scânteii, devenită ulterior Casa Presei Libere, nu și-a pierdut funcția de bază: un spațiu dedicat comunicării și exprimării unui mesaj. Ceea ce s-a schimbat este mesajul însuși. Odinioară se transmitea prin text și imagine tipărită material de propagandă, iar astăzi prin culori, forme și gesturi spontane. În ambele cazuri, locul rămâne un mediator între creator și public, între gânduri și percepție.</p><p data-block-key=\\"b6nta\\">Pereții rămân aceiași, doar mesajul e altul, unul mai viu, mai colorat, mai inocent. Și poate că asta e marea lecție: dincolo de toate straturile de ciment și tencuială care cade, un spațiu există doar atunci când e locuit.<br/> De imaginație.</p>", "live": true, "meta": "3 min · Atelier", "path": "0001000100010001", "slug": "greseala-cel-mai-bun-profesor", "depth": 4, "owner": null, "title": "Ce se întâmplă, de fapt, acum în locul unde se tipărea propaganda!", "locale": 1, "locked": false, "videos": "[]", "excerpt": "Uită tot ce știai despre fosta Casă a Scânteii. În spatele tencuielii reci și al zidurilor de beton nu se mai ascund mașinării de propagandă, ci cele mai vibrante ateliere de pictură din sectorul 1. Descoperă cum un grup de copii reușește să transforme în fiecare weekend un spațiu rigid și plin de cenzură într-o explozie de culoare, fără reguli și fără nostalgii inutile. O reconversie a sensului, ascunsă de restul orașului.", "expired": false, "alias_of": null, "category": "FILOSOFIE", "numchild": 0, "url_path": "/home/jurnal/greseala-cel-mai-bun-profesor/", "expire_at": null, "locked_at": null, "locked_by": null, "seo_title": "", "go_live_at": null, "hero_image": null, "draft_title": "Ce se întâmplă, de fapt, acum în locul unde se tipărea propaganda!", "content_type": 45, "live_revision": 38, "show_in_menus": false, "gallery_images": [{"pk": 5, "page": 5, "image": 17, "caption": "Arta ca formă de conversație, nu ca propagandă", "sort_order": 0}], "latest_revision": 42, "translation_key": "7ef518c9-4492-45bb-8538-020acb8d9f7e", "last_published_at": "2026-02-17T22:17:17.949Z", "first_published_at": "2026-02-14T10:39:01.757Z", "search_description": "", "wagtail_admin_comments": [], "has_unpublished_changes": true, "latest_revision_created_at": "2026-02-17T23:34:26.367Z"}	\N	5	1	45	1	Ce se întâmplă, de fapt, acum în locul unde se tipărea propaganda!
51	2026-02-18 15:12:15.43635+00	{"pk": 7, "body": "<h3 data-block-key=\\"rywcg\\">Un spațiu premium, cu grupe limitate la doar patru copii, necesită o expertiză pe măsură. La Atelierele Scânteia, direcția educațională este asigurată de un profil care combină rigoarea academică, peste 30 de ani de practică artistică și inteligența emoțională: Andreea Apăvăloaei.</h3><p data-block-key=\\"de5bp\\">În acest hub creativ din București, Sector 1, am creat un ecosistem de micro-educație de calitate, unde grupele sunt restrânse la patru copii. Această densitate scăzută permite Andreei să ofere o experiență de mentorat cu adevărat personalizată.</p><p data-block-key=\\"ecjsg\\">Când alegi un curs de artă pentru copilul tău, omul din spatele șevaletului este cel mai important instrument pedagogic. Pentru a garanta succesul micro-grupelor noastre, am reunit experiența unui artist consacrat cu talentul nativ al unui pedagog.</p><h3 data-block-key=\\"c02tp\\">Cine este artista?</h3><p data-block-key=\\"9694s\\">Fundamentul oricărui curs de artă este rigoarea mentorului. Parcursul academic al Andreei Apăvăloaei a început la Liceul de Arte „Victor Brauner” și s-a continuat la Universitatea Națională de Arte București (UNARTE), unde a absolvit <b>Licența în Arte textile – imprimerie și inginerie textilă cu nota 10</b>, urmată de <b>Masterul în Design, de asemenea cu nota 10</b>. Această performanță academică îi conferă o expertiză tehnică rar întâlnită în educația vizuală pentru copii..</p><p data-block-key=\\"5kqlv\\">Cu un portofoliu consolidat pe parcursul a trei decenii, orizontul ei artistic depășește cu mult șevaletul clasic. Abordând arta ca pe o „meditație activă”, Andreea oferă cursanților o experiență multidisciplinară: de la pictură de șevalet (ulei și acrilic, cu accente de expresionism abstract), la artă decorativă, mozaicuri complexe și intervenții pe piese de mobilier contemporan de lux.</p><p data-block-key=\\"1becu\\">Pentru copilul tău, acest portofoliu înseamnă libertate totală de expresie: îndrumat de un artist cu o asemenea versatilitate, el nu învață doar să deseneze, ci descoperă structura materialelor, compoziția aplicată și gândirea tridimensională, într-un mediu creativ fără limite.</p><p data-block-key=\\"9i5c8\\"><br/><br/></p><p data-block-key=\\"9j7g0\\">Pentru cursanți, acest background se traduce printr-o înțelegere profundă a materialităților, a texturilor și a modului în care arta poate transforma spațiul.</p><h3 data-block-key=\\"dq7e8\\">Știința pedagogică: Cum traducem arta pentru copii</h3><p data-block-key=\\"7elpu\\">Un artist talentat nu este automat și un profesor bun. De aceea, pilonul central al mentoratului nostru nu este doar experiența artistică, ci și metodologia de predare.</p><p data-block-key=\\"2ht4t\\">Andreea deține Certificatul de Absolvire a Departamentului pentru Pregătirea Personalului Didactic (DPPD). Această acreditare, combinată cu empatia profundă, schimbă complet dinamica atelierului. Întreaga ei experiență artistică este adaptată la limbajul copiilor, astfel încât învățarea să fie accesibilă și captivantă.</p><p data-block-key=\\"47lmi\\">Cum se reflectă acest lucru în lucrul cu copilul tău?</p><ul><li data-block-key=\\"euvkf\\"><b>Abordare psihologică sigură:</b> Predarea respectă etapele de dezvoltare cognitivă ale copilului, adaptând tehnicile vârstei și profilului emoțional.<br/></li><li data-block-key=\\"972bo\\"><b>Libertatea mediilor de lucru:</b> Datorită experienței mentorului în arte decorative și materiale diverse, copiii nu se limitează la o coală de hârtie. Explorează volumetrii, texturi și suprafețe multiple.<br/></li><li data-block-key=\\"3l5bj\\"><b>Empatie și răbdare:</b> Experiența în lucrul cu copii transformă Andreea într-un observator atent. Într-o micro-grupă de patru participanți, mentorul poate identifica exact unde copilul are nevoie de încurajare blândă și unde de îndrumare tehnică.</li></ul>", "live": true, "meta": "3 min · Observație", "path": "0001000100010003", "slug": "spatiul-ca-mentor", "depth": 4, "owner": null, "title": "Arhitectura mentoratului: Cine ghidează creativitatea la Atelierele Scânteia?", "locale": 1, "locked": false, "videos": "[]", "excerpt": "La Atelierele Scânteia, direcția educațională este asigurată de un profil care combină rigoarea academică, peste 30 de ani de practică artistică multidisciplinară și inteligența emoțională...", "expired": false, "alias_of": null, "category": "ATELIERE", "numchild": 0, "url_path": "/home/jurnal/spatiul-ca-mentor/", "expire_at": null, "locked_at": null, "locked_by": null, "seo_title": "", "go_live_at": null, "hero_image": null, "draft_title": "Arhitectura mentoratului: Cine ghidează creativitatea la Atelierele Scânteia?", "content_type": 45, "live_revision": 50, "show_in_menus": false, "gallery_images": [{"pk": 3, "page": 7, "image": 15, "caption": "", "sort_order": 0}, {"pk": 4, "page": 7, "image": 16, "caption": "", "sort_order": 1}], "latest_revision": 51, "translation_key": "da1aff16-6789-44b9-9c53-42f008f8de7f", "last_published_at": "2026-02-18T15:09:44.956Z", "first_published_at": "2026-02-14T10:39:23.750Z", "search_description": "", "wagtail_admin_comments": [], "has_unpublished_changes": true, "latest_revision_created_at": "2026-02-18T15:12:04.862Z"}	\N	7	1	45	1	Arhitectura mentoratului: Cine ghidează creativitatea la Atelierele Scânteia?
26	2026-02-14 17:11:45.186037+00	{"pk": 7, "body": "<p data-block-key=\\"rywcg\\">Un spațiu coerent invită la lucru profund. Lumina bună reduce graba. Ordinea reduce anxietatea. Aerul și distanțele dau curaj.</p><p data-block-key=\\"7kq27\\">Când copilul intră într-un loc care respectă actul artistic, își schimbă postura: devine mai atent, mai prezent.</p><p data-block-key=\\"lhehf\\">Într-un atelier, arhitectura devine un cadru moral: aici avem voie să încercăm, să repetăm și să tăcem.</p>", "live": true, "meta": "7 min · Observație", "path": "0001000100010003", "slug": "spatiul-ca-mentor", "depth": 4, "owner": null, "title": "Spațiul ca mentor: cum arhitectura influențează creativitatea", "locale": 1, "locked": false, "videos": "[]", "excerpt": "Lumina, liniștea și proporțiile nu sunt decor. Sunt condiții care modelează atenția.", "expired": false, "alias_of": null, "category": "SPAȚIU", "numchild": 0, "url_path": "/home/jurnal/spatiul-ca-mentor/", "expire_at": null, "locked_at": null, "locked_by": null, "seo_title": "", "go_live_at": null, "hero_image": null, "draft_title": "Spațiul ca mentor: cum arhitectura influențează creativitatea", "content_type": 45, "live_revision": 14, "show_in_menus": false, "gallery_images": [{"pk": null, "page": 7, "image": 11, "caption": "", "sort_order": 0}, {"pk": null, "page": 7, "image": 12, "caption": "", "sort_order": 1}], "latest_revision": 25, "translation_key": "da1aff16-6789-44b9-9c53-42f008f8de7f", "last_published_at": "2026-02-14T16:43:33.321Z", "first_published_at": "2026-02-14T10:39:23.750Z", "search_description": "", "wagtail_admin_comments": [], "has_unpublished_changes": true, "latest_revision_created_at": "2026-02-14T17:11:43.971Z"}	\N	7	1	45	1	Spațiul ca mentor: cum arhitectura influențează creativitatea
14	2026-02-14 16:43:32.656535+00	{"pk": 7, "body": "<p data-block-key=\\"rywcg\\">Un spațiu coerent invită la lucru profund. Lumina bună reduce graba. Ordinea reduce anxietatea. Aerul și distanțele dau curaj.</p><p data-block-key=\\"7kq27\\">Când copilul intră într-un loc care respectă actul artistic, își schimbă postura: devine mai atent, mai prezent.</p><p data-block-key=\\"lhehf\\">Într-un atelier, arhitectura devine un cadru moral: aici avem voie să încercăm, să repetăm și să tăcem.</p>", "live": true, "meta": "7 min · Observație", "path": "0001000100010003", "slug": "spatiul-ca-mentor", "depth": 4, "owner": null, "title": "Spațiul ca mentor: cum arhitectura influențează creativitatea", "locale": 1, "locked": false, "videos": "[]", "excerpt": "Lumina, liniștea și proporțiile nu sunt decor. Sunt condiții care modelează atenția.", "expired": false, "alias_of": null, "category": "SPAȚIU", "numchild": 0, "url_path": "/home/jurnal/spatiul-ca-mentor/", "expire_at": null, "locked_at": null, "locked_by": null, "seo_title": "", "go_live_at": null, "hero_image": 5, "draft_title": "Spațiul ca mentor: cum arhitectura influențează creativitatea", "content_type": 45, "live_revision": 4, "show_in_menus": false, "gallery_images": [{"pk": null, "page": 7, "image": 6, "caption": "", "sort_order": 0}], "latest_revision": 13, "translation_key": "da1aff16-6789-44b9-9c53-42f008f8de7f", "last_published_at": "2026-02-14T10:39:23.750Z", "first_published_at": "2026-02-14T10:39:23.750Z", "search_description": "", "wagtail_admin_comments": [], "has_unpublished_changes": true, "latest_revision_created_at": "2026-02-14T16:43:31.748Z"}	\N	7	1	45	1	Spațiul ca mentor: cum arhitectura influențează creativitatea
9	2026-02-14 16:14:19.202359+00	{"pk": 6, "body": "<p data-block-key=\\"rh026\\">Materialele nu sunt un moft. Sunt un profesor tăcut. Un pigment bun îți arată imediat ce înseamnă transparență, stratificare și răbdare.</p><p data-block-key=\\"wz7wi\\">La început, scopul nu e luxul, ci consistența: să poți repeta un gest și să înveți din el. Când materialul e imprevizibil, copilul învață frustrare – nu artă.</p><p data-block-key=\\"3bx7x\\">Alegem instrumente care răsplătesc atenția: hârtie cu textură, pensule care țin apă, culori care nu „mor” pe foaie.</p>", "live": true, "meta": "8 min · Practică", "path": "0001000100010002", "slug": "materialele-conteaza", "depth": 4, "owner": null, "title": "Materialele contează: de la tempera de supermarket la pigment profesionist", "locale": 1, "locked": false, "videos": "[{\\"type\\": \\"video\\", \\"value\\": \\"https://www.youtube.com/watch?v=IYd1-cPwQCk&t=1s\\", \\"id\\": \\"1abdd908-e5d4-46fe-924f-3560e8e1867c\\"}, {\\"type\\": \\"video\\", \\"value\\": \\"https://www.youtube.com/watch?v=FDYIdBZUl2Y&list=RDFDYIdBZUl2Y&start_radio=1\\", \\"id\\": \\"e076f318-1d6d-4eb2-afa9-181302de5fee\\"}]", "excerpt": "Diferența dintre „merge” și „se simte bine” vine adesea din material: densitate, granulație, lumină.", "expired": false, "alias_of": null, "category": "MATERIALE", "numchild": 0, "url_path": "/home/jurnal/materialele-conteaza/", "expire_at": null, "locked_at": null, "locked_by": null, "seo_title": "", "go_live_at": null, "hero_image": 2, "draft_title": "Materialele contează: de la tempera de supermarket la pigment profesionist", "content_type": 45, "live_revision": 8, "show_in_menus": false, "gallery_images": [], "latest_revision": 8, "translation_key": "2260338d-c344-40ce-8129-075895b3880d", "last_published_at": "2026-02-14T15:49:20.201Z", "first_published_at": "2026-02-14T10:39:12.347Z", "search_description": "", "wagtail_admin_comments": [], "has_unpublished_changes": false, "latest_revision_created_at": "2026-02-14T15:49:20.069Z"}	\N	6	1	45	1	Materialele contează: de la tempera de supermarket la pigment profesionist
18	2026-02-14 16:45:58.911113+00	{"pk": 6, "body": "<p data-block-key=\\"rh026\\">Materialele nu sunt un moft. Sunt un profesor tăcut. Un pigment bun îți arată imediat ce înseamnă transparență, stratificare și răbdare.</p><p data-block-key=\\"wz7wi\\">La început, scopul nu e luxul, ci consistența: să poți repeta un gest și să înveți din el. Când materialul e imprevizibil, copilul învață frustrare – nu artă.</p><p data-block-key=\\"3bx7x\\">Alegem instrumente care răsplătesc atenția: hârtie cu textură, pensule care țin apă, culori care nu „mor” pe foaie.</p>", "live": true, "meta": "8 min · Practică", "path": "0001000100010002", "slug": "materialele-conteaza", "depth": 4, "owner": null, "title": "Materialele contează: de la tempera de supermarket la pigment profesionist", "locale": 1, "locked": false, "videos": "[{\\"type\\": \\"video\\", \\"value\\": \\"https://www.youtube.com/watch?v=IYd1-cPwQCk&t=1s\\", \\"id\\": \\"1abdd908-e5d4-46fe-924f-3560e8e1867c\\"}, {\\"type\\": \\"video\\", \\"value\\": \\"https://www.youtube.com/watch?v=FDYIdBZUl2Y&list=RDFDYIdBZUl2Y&start_radio=1\\", \\"id\\": \\"e076f318-1d6d-4eb2-afa9-181302de5fee\\"}]", "excerpt": "Diferența dintre „merge” și „se simte bine” vine adesea din material: densitate, granulație, lumină.", "expired": false, "alias_of": null, "category": "MATERIALE", "numchild": 0, "url_path": "/home/jurnal/materialele-conteaza/", "expire_at": null, "locked_at": null, "locked_by": null, "seo_title": "", "go_live_at": null, "hero_image": 7, "draft_title": "Materialele contează: de la tempera de supermarket la pigment profesionist", "content_type": 45, "live_revision": 8, "show_in_menus": false, "gallery_images": [], "latest_revision": 17, "translation_key": "2260338d-c344-40ce-8129-075895b3880d", "last_published_at": "2026-02-14T15:49:20.201Z", "first_published_at": "2026-02-14T10:39:12.347Z", "search_description": "", "wagtail_admin_comments": [], "has_unpublished_changes": true, "latest_revision_created_at": "2026-02-14T16:45:50.686Z"}	\N	6	1	45	1	Materialele contează: de la tempera de supermarket la pigment profesionist
19	2026-02-14 16:47:59.052328+00	{"pk": 6, "body": "<p data-block-key=\\"rh026\\">Materialele nu sunt un moft. Sunt un profesor tăcut. Un pigment bun îți arată imediat ce înseamnă transparență, stratificare și răbdare.</p><p data-block-key=\\"wz7wi\\">La început, scopul nu e luxul, ci consistența: să poți repeta un gest și să înveți din el. Când materialul e imprevizibil, copilul învață frustrare – nu artă.</p><p data-block-key=\\"3bx7x\\">Alegem instrumente care răsplătesc atenția: hârtie cu textură, pensule care țin apă, culori care nu „mor” pe foaie.</p>", "live": true, "meta": "8 min · Practică", "path": "0001000100010002", "slug": "materialele-conteaza", "depth": 4, "owner": null, "title": "Materialele contează: de la tempera de supermarket la pigment profesionist", "locale": 1, "locked": false, "videos": "[{\\"type\\": \\"video\\", \\"value\\": \\"https://www.youtube.com/watch?v=IYd1-cPwQCk&t=1s\\", \\"id\\": \\"1abdd908-e5d4-46fe-924f-3560e8e1867c\\"}, {\\"type\\": \\"video\\", \\"value\\": \\"https://www.youtube.com/watch?v=To_yL5m7IIc\\", \\"id\\": \\"e076f318-1d6d-4eb2-afa9-181302de5fee\\"}]", "excerpt": "Diferența dintre „merge” și „se simte bine” vine adesea din material: densitate, granulație, lumină.", "expired": false, "alias_of": null, "category": "MATERIALE", "numchild": 0, "url_path": "/home/jurnal/materialele-conteaza/", "expire_at": null, "locked_at": null, "locked_by": null, "seo_title": "", "go_live_at": null, "hero_image": 7, "draft_title": "Materialele contează: de la tempera de supermarket la pigment profesionist", "content_type": 45, "live_revision": 18, "show_in_menus": false, "gallery_images": [], "latest_revision": 18, "translation_key": "2260338d-c344-40ce-8129-075895b3880d", "last_published_at": "2026-02-14T16:45:59.259Z", "first_published_at": "2026-02-14T10:39:12.347Z", "search_description": "", "wagtail_admin_comments": [], "has_unpublished_changes": false, "latest_revision_created_at": "2026-02-14T16:45:58.911Z"}	\N	6	1	45	1	Materialele contează: de la tempera de supermarket la pigment profesionist
20	2026-02-14 16:48:02.164243+00	{"pk": 6, "body": "<p data-block-key=\\"rh026\\">Materialele nu sunt un moft. Sunt un profesor tăcut. Un pigment bun îți arată imediat ce înseamnă transparență, stratificare și răbdare.</p><p data-block-key=\\"wz7wi\\">La început, scopul nu e luxul, ci consistența: să poți repeta un gest și să înveți din el. Când materialul e imprevizibil, copilul învață frustrare – nu artă.</p><p data-block-key=\\"3bx7x\\">Alegem instrumente care răsplătesc atenția: hârtie cu textură, pensule care țin apă, culori care nu „mor” pe foaie.</p>", "live": true, "meta": "8 min · Practică", "path": "0001000100010002", "slug": "materialele-conteaza", "depth": 4, "owner": null, "title": "Materialele contează: de la tempera de supermarket la pigment profesionist", "locale": 1, "locked": false, "videos": "[{\\"type\\": \\"video\\", \\"value\\": \\"https://www.youtube.com/watch?v=IYd1-cPwQCk&t=1s\\", \\"id\\": \\"1abdd908-e5d4-46fe-924f-3560e8e1867c\\"}, {\\"type\\": \\"video\\", \\"value\\": \\"https://www.youtube.com/watch?v=To_yL5m7IIc\\", \\"id\\": \\"e076f318-1d6d-4eb2-afa9-181302de5fee\\"}]", "excerpt": "Diferența dintre „merge” și „se simte bine” vine adesea din material: densitate, granulație, lumină.", "expired": false, "alias_of": null, "category": "MATERIALE", "numchild": 0, "url_path": "/home/jurnal/materialele-conteaza/", "expire_at": null, "locked_at": null, "locked_by": null, "seo_title": "", "go_live_at": null, "hero_image": 7, "draft_title": "Materialele contează: de la tempera de supermarket la pigment profesionist", "content_type": 45, "live_revision": 18, "show_in_menus": false, "gallery_images": [], "latest_revision": 19, "translation_key": "2260338d-c344-40ce-8129-075895b3880d", "last_published_at": "2026-02-14T16:45:59.259Z", "first_published_at": "2026-02-14T10:39:12.347Z", "search_description": "", "wagtail_admin_comments": [], "has_unpublished_changes": true, "latest_revision_created_at": "2026-02-14T16:47:59.052Z"}	\N	6	1	45	1	Materialele contează: de la tempera de supermarket la pigment profesionist
52	2026-02-18 15:12:19.626089+00	{"pk": 7, "body": "<h3 data-block-key=\\"rywcg\\">Un spațiu premium, cu grupe limitate la doar patru copii, necesită o expertiză pe măsură. La Atelierele Scânteia, direcția educațională este asigurată de un profil care combină rigoarea academică, peste 30 de ani de practică artistică și inteligența emoțională: Andreea Apăvăloaei.</h3><p data-block-key=\\"de5bp\\">În acest hub creativ din București, Sector 1, am creat un ecosistem de micro-educație de calitate, unde grupele sunt restrânse la patru copii. Această densitate scăzută permite Andreei să ofere o experiență de mentorat cu adevărat personalizată.</p><p data-block-key=\\"ecjsg\\">Când alegi un curs de artă pentru copilul tău, omul din spatele șevaletului este cel mai important instrument pedagogic. Pentru a garanta succesul micro-grupelor noastre, am reunit experiența unui artist consacrat cu talentul nativ al unui pedagog.</p><h3 data-block-key=\\"c02tp\\">Cine este artista?</h3><p data-block-key=\\"9694s\\">Fundamentul oricărui curs de artă este rigoarea mentorului. Parcursul academic al Andreei Apăvăloaei a început la Liceul de Arte „Victor Brauner” și s-a continuat la Universitatea Națională de Arte București (UNARTE), unde a absolvit <b>Licența în Arte textile – imprimerie și inginerie textilă cu nota 10</b>, urmată de <b>Masterul în Design, de asemenea cu nota 10</b>. Această performanță academică îi conferă o expertiză tehnică rar întâlnită în educația vizuală pentru copii..</p><p data-block-key=\\"5kqlv\\">Cu un portofoliu consolidat pe parcursul a trei decenii, orizontul ei artistic depășește cu mult șevaletul clasic. Abordând arta ca pe o „meditație activă”, Andreea oferă cursanților o experiență multidisciplinară: de la pictură de șevalet (ulei și acrilic, cu accente de expresionism abstract), la artă decorativă, mozaicuri complexe și intervenții pe piese de mobilier contemporan de lux.</p><p data-block-key=\\"1becu\\">Pentru copilul tău, acest portofoliu înseamnă libertate totală de expresie: îndrumat de un artist cu o asemenea versatilitate, el nu învață doar să deseneze, ci descoperă structura materialelor, compoziția aplicată și gândirea tridimensională, într-un mediu creativ fără limite.</p><p data-block-key=\\"9i5c8\\"><i>„Trăiesc arta și arta mă trăiește. Pictura este un sistem elastic, dornic de expansiune; nu o poți zidi între reguli rigide, dar nici nu o poți lăsa complet liberă.” – Andreea Apăvăloaei</i><br/></p><p data-block-key=\\"9j7g0\\">Pentru cursanți, acest background se traduce printr-o înțelegere profundă a materialităților, a texturilor și a modului în care arta poate transforma spațiul.</p><h3 data-block-key=\\"dq7e8\\">Știința pedagogică: Cum traducem arta pentru copii</h3><p data-block-key=\\"7elpu\\">Un artist talentat nu este automat și un profesor bun. De aceea, pilonul central al mentoratului nostru nu este doar experiența artistică, ci și metodologia de predare.</p><p data-block-key=\\"2ht4t\\">Andreea deține Certificatul de Absolvire a Departamentului pentru Pregătirea Personalului Didactic (DPPD). Această acreditare, combinată cu empatia profundă, schimbă complet dinamica atelierului. Întreaga ei experiență artistică este adaptată la limbajul copiilor, astfel încât învățarea să fie accesibilă și captivantă.</p><p data-block-key=\\"47lmi\\">Cum se reflectă acest lucru în lucrul cu copilul tău?</p><ul><li data-block-key=\\"euvkf\\"><b>Abordare psihologică sigură:</b> Predarea respectă etapele de dezvoltare cognitivă ale copilului, adaptând tehnicile vârstei și profilului emoțional.<br/></li><li data-block-key=\\"972bo\\"><b>Libertatea mediilor de lucru:</b> Datorită experienței mentorului în arte decorative și materiale diverse, copiii nu se limitează la o coală de hârtie. Explorează volumetrii, texturi și suprafețe multiple.<br/></li><li data-block-key=\\"3l5bj\\"><b>Empatie și răbdare:</b> Experiența în lucrul cu copii transformă Andreea într-un observator atent. Într-o micro-grupă de patru participanți, mentorul poate identifica exact unde copilul are nevoie de încurajare blândă și unde de îndrumare tehnică.</li></ul>", "live": true, "meta": "3 min · Observație", "path": "0001000100010003", "slug": "spatiul-ca-mentor", "depth": 4, "owner": null, "title": "Arhitectura mentoratului: Cine ghidează creativitatea la Atelierele Scânteia?", "locale": 1, "locked": false, "videos": "[]", "excerpt": "La Atelierele Scânteia, direcția educațională este asigurată de un profil care combină rigoarea academică, peste 30 de ani de practică artistică multidisciplinară și inteligența emoțională...", "expired": false, "alias_of": null, "category": "ATELIERE", "numchild": 0, "url_path": "/home/jurnal/spatiul-ca-mentor/", "expire_at": null, "locked_at": null, "locked_by": null, "seo_title": "", "go_live_at": null, "hero_image": null, "draft_title": "Arhitectura mentoratului: Cine ghidează creativitatea la Atelierele Scânteia?", "content_type": 45, "live_revision": 50, "show_in_menus": false, "gallery_images": [{"pk": 3, "page": 7, "image": 15, "caption": "", "sort_order": 0}, {"pk": 4, "page": 7, "image": 16, "caption": "", "sort_order": 1}], "latest_revision": 51, "translation_key": "da1aff16-6789-44b9-9c53-42f008f8de7f", "last_published_at": "2026-02-18T15:09:44.956Z", "first_published_at": "2026-02-14T10:39:23.750Z", "search_description": "", "wagtail_admin_comments": [], "has_unpublished_changes": true, "latest_revision_created_at": "2026-02-18T15:12:15.436Z"}	\N	7	1	45	1	Arhitectura mentoratului: Cine ghidează creativitatea la Atelierele Scânteia?
41	2026-02-17 23:34:19.940461+00	{"pk": 5, "body": "<h2 data-block-key=\\"gsl7d\\">Secretul din pereții Casei Presei Libere: De la zgomotul tiparnițelor la tăcerea concentrată</h2><p data-block-key=\\"aldk7\\">Există clădiri care poartă în tencuiala lor ceva, poate o energie adormită ce așteaptă să fie trezită, poate niște ciuperci arhaice sau poate doar așteaptă un buldozer. Sunt locuri născute din rigoare, din muncă repetitivă, din zgomotul tiparnițelor sau al mașinilor. Acum, aceste spații își descoperă un alt sens: acela de a găzdui tăcerea concentrată a copiilor și zgomotul pensulelor pe pânză; ce metaforă cretină.</p><h2 data-block-key=\\"cb6vi\\">Cum arată cele mai atipice ateliere de pictură din sectorul 1</h2><p data-block-key=\\"cs9ke\\">Lumina intră prin ferestre înalte peste mesele de lucru și peste borcanele cu vopsea, peste hârtii albe care așteaptă prima urmă de culoare. Pentru copiii care calcă pragul acestor <b>ateliere de pictură din sectorul 1</b>, pereții grei și gri ai clădirii nu au istoria pe care o (mai) știm noi. Pentru ei, locul nu e fost, ci nou.</p><p data-block-key=\\"a6bmk\\">Îl cuceresc cu spontaneitatea lor, îl umplu de râsete, de gesturi imperfecte, de pete vii. În fiecare linie trasată, în fiecare culoare care scapă din contur, spațiul își recapătă... Ce să își recapate? Ceva ce nu a avut niciodată?! Își câștigă un strop de libertăți.</p><h3 data-block-key=\\"3kgos\\">Arta ca formă de conversație, nu ca propagandă</h3><p data-block-key=\\"d8knc\\">E o ironie naivă în felul în care arta copiilor se așază peste memoria unui loc constrâns. Ceea ce era disciplină devine acum libertate. Ceea ce era comunicare rigidă devine conversație. Arta e conversație, nu performanță. Iar pentru cei mici, nici măcar o formă de propagandă.</p><p data-block-key=\\"l1jk\\">Într-o lume în care educația vizuală pare un lux, aceste ateliere sunt mici... Sunt mici, asta voiam să spun. Doar locuri unde copiii învață fără să știe că învață sau ce învață. Învață? Aici, educația nu se măsoară în tehnici, ci în felul în care lumina cade pe chipul lor atunci când descoperă ceva nou. În tăcerea aceea concentrată, în bucuria descoperirii unei nuanțe, într-o dungă trasată pe lângă, dar care, din întâmplare, dă sens. Și arta, acest cuvânt folosit la orice, devine o formă de încredere.</p><h2 data-block-key=\\"ag4n\\">Reconversia sensului: Un spațiu care învață din nou să fie viu</h2><p data-block-key=\\"bneeb\\">Poate că adevărata reconversie nu e cea arhitecturală, ci cea umană — felul în care un loc învață să fie viu, prin copii care nu poartă nostalgia trecutului, ci o formă pură de prezent.</p><p data-block-key=\\"28vth\\">Adesea se vorbește despre „reconversia” clădirii, dar termenul nu surprinde esența. Aș fi tentat să zic chiar că o alterează. Fosta Casă a Scânteii, devenită ulterior Casa Presei Libere, nu și-a pierdut funcția de bază: un spațiu dedicat comunicării și exprimării unui mesaj. Ceea ce s-a schimbat este mesajul însuși. Odinioară se transmitea prin text și imagine tipărită material de propagandă, iar astăzi prin culori, forme și gesturi spontane. În ambele cazuri, locul rămâne un mediator între creator și public, între gânduri și percepție.</p><p data-block-key=\\"b6nta\\">Pereții rămân aceiași, doar mesajul e altul, unul mai viu, mai colorat, mai inocent. Și poate că asta e marea lecție: dincolo de toate straturile de ciment și tencuială care cade, un spațiu există doar atunci când e locuit.<br/> De imaginație.</p>", "live": true, "meta": "3 min · Atelier", "path": "0001000100010001", "slug": "greseala-cel-mai-bun-profesor", "depth": 4, "owner": null, "title": "Ce se întâmplă, de fapt, acum în locul unde se tipărea propaganda!", "locale": 1, "locked": false, "videos": "[]", "excerpt": "Uită tot ce știai despre fosta Casă a Scânteii. În spatele tencuielii reci și al zidurilor de beton nu se mai ascund mașinării de propagandă, ci cele mai vibrante ateliere de pictură din sectorul 1. Descoperă cum un grup de copii reușește să transforme în fiecare weekend un spațiu rigid și plin de cenzură într-o explozie de culoare, fără reguli și fără nostalgii inutile. O reconversie a sensului, ascunsă de restul orașului.", "expired": false, "alias_of": null, "category": "FILOSOFIE", "numchild": 0, "url_path": "/home/jurnal/greseala-cel-mai-bun-profesor/", "expire_at": null, "locked_at": null, "locked_by": null, "seo_title": "", "go_live_at": null, "hero_image": null, "draft_title": "Ce se întâmplă, de fapt, acum în locul unde se tipărea propaganda!", "content_type": 45, "live_revision": 38, "show_in_menus": false, "gallery_images": [{"pk": 5, "page": 5, "image": 17, "caption": "Arta ca formă de conversație, nu ca propagandă", "sort_order": 0}], "latest_revision": 40, "translation_key": "7ef518c9-4492-45bb-8538-020acb8d9f7e", "last_published_at": "2026-02-17T22:17:17.949Z", "first_published_at": "2026-02-14T10:39:01.757Z", "search_description": "", "wagtail_admin_comments": [], "has_unpublished_changes": true, "latest_revision_created_at": "2026-02-17T23:34:03.738Z"}	\N	5	1	45	1	Ce se întâmplă, de fapt, acum în locul unde se tipărea propaganda!
42	2026-02-17 23:34:26.367306+00	{"pk": 5, "body": "<h2 data-block-key=\\"gsl7d\\">Secretul din pereții Casei Presei Libere: De la zgomotul tiparnițelor la tăcerea concentrată</h2><p data-block-key=\\"aldk7\\">Există clădiri care poartă în tencuiala lor ceva, poate o energie adormită ce așteaptă să fie trezită, poate niște ciuperci arhaice sau poate doar așteaptă un buldozer. Sunt locuri născute din rigoare, din muncă repetitivă, din zgomotul tiparnițelor sau al mașinilor. Acum, aceste spații își descoperă un alt sens: acela de a găzdui tăcerea concentrată a copiilor și zgomotul pensulelor pe pânză; ce metaforă cretină.</p><h2 data-block-key=\\"cb6vi\\">Cum arată cele mai atipice ateliere de pictură din sectorul 1</h2><p data-block-key=\\"cs9ke\\">Lumina intră prin ferestre înalte peste mesele de lucru și peste borcanele cu vopsea, peste hârtii albe care așteaptă prima urmă de culoare. Pentru copiii care calcă pragul acestor <b>ateliere de pictură din sectorul 1</b>, pereții grei și gri ai clădirii nu au istoria pe care o (mai) știm noi. Pentru ei, locul nu e fost, ci nou.</p><p data-block-key=\\"a6bmk\\">Îl cuceresc cu spontaneitatea lor, îl umplu de râsete, de gesturi imperfecte, de pete vii. În fiecare linie trasată, în fiecare culoare care scapă din contur, spațiul își recapătă... Ce să își recapate? Ceva ce nu a avut niciodată?! Își câștigă un strop de libertăți.</p><h3 data-block-key=\\"3kgos\\">Arta ca formă de conversație, nu ca propagandă</h3><p data-block-key=\\"d8knc\\">E o ironie naivă în felul în care arta copiilor se așază peste memoria unui loc constrâns. Ceea ce era disciplină devine acum libertate. Ceea ce era comunicare rigidă devine conversație. Arta e conversație, nu performanță. Iar pentru cei mici, nici măcar o formă de propagandă.</p><p data-block-key=\\"l1jk\\">Într-o lume în care educația vizuală pare un lux, aceste ateliere sunt mici... Sunt mici, asta voiam să spun. Doar locuri unde copiii învață fără să știe că învață sau ce învață. Învață? Aici, educația nu se măsoară în tehnici, ci în felul în care lumina cade pe chipul lor atunci când descoperă ceva nou. În tăcerea aceea concentrată, în bucuria descoperirii unei nuanțe, într-o dungă trasată pe lângă, dar care, din întâmplare, dă sens. Și arta, acest cuvânt folosit la orice, devine o formă de încredere.</p><h2 data-block-key=\\"ag4n\\">Reconversia sensului: Un spațiu care învață din nou să fie viu</h2><p data-block-key=\\"bneeb\\">Poate că adevărata reconversie nu e cea arhitecturală, ci cea umană — felul în care un loc învață să fie viu, prin copii care nu poartă nostalgia trecutului, ci o formă pură de prezent.</p><p data-block-key=\\"28vth\\">Adesea se vorbește despre „reconversia” clădirii, dar termenul nu surprinde esența. Aș fi tentat să zic chiar că o alterează. Fosta Casă a Scânteii, devenită ulterior Casa Presei Libere, nu și-a pierdut funcția de bază: un spațiu dedicat comunicării și exprimării unui mesaj. Ceea ce s-a schimbat este mesajul însuși. Odinioară se transmitea prin text și imagine tipărită material de propagandă, iar astăzi prin culori, forme și gesturi spontane. În ambele cazuri, locul rămâne un mediator între creator și public, între gânduri și percepție.</p><p data-block-key=\\"b6nta\\">Pereții rămân aceiași, doar mesajul e altul, unul mai viu, mai colorat, mai inocent. Și poate că asta e marea lecție: dincolo de toate straturile de ciment și tencuială care cade, un spațiu există doar atunci când e locuit.<br/> De imaginație.</p>", "live": true, "meta": "3 min · Atelier", "path": "0001000100010001", "slug": "greseala-cel-mai-bun-profesor", "depth": 4, "owner": null, "title": "Ce se întâmplă, de fapt, acum în locul unde se tipărea propaganda!", "locale": 1, "locked": false, "videos": "[]", "excerpt": "Uită tot ce știai despre fosta Casă a Scânteii. În spatele tencuielii reci și al zidurilor de beton nu se mai ascund mașinării de propagandă, ci cele mai vibrante ateliere de pictură din sectorul 1. Descoperă cum un grup de copii reușește să transforme în fiecare weekend un spațiu rigid și plin de cenzură într-o explozie de culoare, fără reguli și fără nostalgii inutile. O reconversie a sensului, ascunsă de restul orașului.", "expired": false, "alias_of": null, "category": "FILOSOFIE", "numchild": 0, "url_path": "/home/jurnal/greseala-cel-mai-bun-profesor/", "expire_at": null, "locked_at": null, "locked_by": null, "seo_title": "", "go_live_at": null, "hero_image": null, "draft_title": "Ce se întâmplă, de fapt, acum în locul unde se tipărea propaganda!", "content_type": 45, "live_revision": 38, "show_in_menus": false, "gallery_images": [{"pk": 5, "page": 5, "image": 17, "caption": "Arta ca formă de conversație, nu ca propagandă", "sort_order": 0}], "latest_revision": 41, "translation_key": "7ef518c9-4492-45bb-8538-020acb8d9f7e", "last_published_at": "2026-02-17T22:17:17.949Z", "first_published_at": "2026-02-14T10:39:01.757Z", "search_description": "", "wagtail_admin_comments": [], "has_unpublished_changes": true, "latest_revision_created_at": "2026-02-17T23:34:19.940Z"}	\N	5	1	45	1	Ce se întâmplă, de fapt, acum în locul unde se tipărea propaganda!
23	2026-02-14 16:54:02.50369+00	{"pk": 6, "body": "<p data-block-key=\\"rh026\\">Materialele nu sunt un moft. Sunt un profesor tăcut. Un pigment bun îți arată imediat ce înseamnă transparență, stratificare și răbdare.</p><p data-block-key=\\"wz7wi\\">La început, scopul nu e luxul, ci consistența: să poți repeta un gest și să înveți din el. Când materialul e imprevizibil, copilul învață frustrare – nu artă.</p><p data-block-key=\\"3bx7x\\">Alegem instrumente care răsplătesc atenția: hârtie cu textură, pensule care țin apă, culori care nu „mor” pe foaie.</p>", "live": true, "meta": "8 min · Practică", "path": "0001000100010002", "slug": "materialele-conteaza", "depth": 4, "owner": null, "title": "Materialele contează: de la tempera de supermarket la pigment profesionist", "locale": 1, "locked": false, "videos": "[{\\"type\\": \\"video\\", \\"value\\": \\"https://www.youtube.com/watch?v=IYd1-cPwQCk&t=1s\\", \\"id\\": \\"1abdd908-e5d4-46fe-924f-3560e8e1867c\\"}, {\\"type\\": \\"video\\", \\"value\\": \\"https://www.youtube.com/watch?v=To_yL5m7IIc\\", \\"id\\": \\"e076f318-1d6d-4eb2-afa9-181302de5fee\\"}]", "excerpt": "Diferența dintre „merge” și „se simte bine” vine adesea din material: densitate, granulație, lumină.", "expired": false, "alias_of": null, "category": "MATERIALE", "numchild": 0, "url_path": "/home/jurnal/materialele-conteaza/", "expire_at": null, "locked_at": null, "locked_by": null, "seo_title": "", "go_live_at": null, "hero_image": 7, "draft_title": "Materialele contează: de la tempera de supermarket la pigment profesionist", "content_type": 45, "live_revision": 20, "show_in_menus": false, "gallery_images": [], "latest_revision": 20, "translation_key": "2260338d-c344-40ce-8129-075895b3880d", "last_published_at": "2026-02-14T16:48:02.504Z", "first_published_at": "2026-02-14T10:39:12.347Z", "search_description": "", "wagtail_admin_comments": [], "has_unpublished_changes": false, "latest_revision_created_at": "2026-02-14T16:48:02.164Z"}	\N	6	1	45	1	Materialele contează: de la tempera de supermarket la pigment profesionist
24	2026-02-14 16:58:47.057189+00	{"pk": 6, "body": "<p data-block-key=\\"rh026\\">Materialele nu sunt un moft. Sunt un profesor tăcut. Un pigment bun îți arată imediat ce înseamnă transparență, stratificare și răbdare.</p><p data-block-key=\\"wz7wi\\">La început, scopul nu e luxul, ci consistența: să poți repeta un gest și să înveți din el. Când materialul e imprevizibil, copilul învață frustrare – nu artă.</p><p data-block-key=\\"3bx7x\\">Alegem instrumente care răsplătesc atenția: hârtie cu textură, pensule care țin apă, culori care nu „mor” pe foaie.</p>", "live": true, "meta": "8 min · Practică", "path": "0001000100010002", "slug": "materialele-conteaza", "depth": 4, "owner": null, "title": "Materialele contează: de la tempera de supermarket la pigment profesionist", "locale": 1, "locked": false, "videos": "[{\\"type\\": \\"video\\", \\"value\\": \\"https://www.youtube.com/watch?v=IYd1-cPwQCk&t=1s\\", \\"id\\": \\"1abdd908-e5d4-46fe-924f-3560e8e1867c\\"}, {\\"type\\": \\"video\\", \\"value\\": \\"https://www.youtube.com/watch?v=To_yL5m7IIc\\", \\"id\\": \\"e076f318-1d6d-4eb2-afa9-181302de5fee\\"}]", "excerpt": "Diferența dintre „merge” și „se simte bine” vine adesea din material: densitate, granulație, lumină.", "expired": false, "alias_of": null, "category": "MATERIALE", "numchild": 0, "url_path": "/home/jurnal/materialele-conteaza/", "expire_at": null, "locked_at": null, "locked_by": null, "seo_title": "", "go_live_at": null, "hero_image": 7, "draft_title": "Materialele contează: de la tempera de supermarket la pigment profesionist", "content_type": 45, "live_revision": 23, "show_in_menus": false, "gallery_images": [], "latest_revision": 23, "translation_key": "2260338d-c344-40ce-8129-075895b3880d", "last_published_at": "2026-02-14T16:54:02.669Z", "first_published_at": "2026-02-14T10:39:12.347Z", "search_description": "", "wagtail_admin_comments": [], "has_unpublished_changes": false, "latest_revision_created_at": "2026-02-14T16:54:02.503Z"}	\N	6	1	45	1	Materialele contează: de la tempera de supermarket la pigment profesionist
29	2026-02-14 18:01:55.691665+00	{"pk": 7, "body": "<p data-block-key=\\"rywcg\\">Un spațiu coerent invită la lucru profund. Lumina bună reduce graba. Ordinea reduce anxietatea. Aerul și distanțele dau curaj.</p><p data-block-key=\\"7kq27\\">Când copilul intră într-un loc care respectă actul artistic, își schimbă postura: devine mai atent, mai prezent.</p><p data-block-key=\\"lhehf\\">Într-un atelier, arhitectura devine un cadru moral: aici avem voie să încercăm, să repetăm și să tăcem.</p>", "live": true, "meta": "7 min · Observație", "path": "0001000100010003", "slug": "spatiul-ca-mentor", "depth": 4, "owner": null, "title": "Spațiul ca mentor: cum arhitectura influențează creativitatea", "locale": 1, "locked": false, "videos": "[]", "excerpt": "Lumina, liniștea și proporțiile nu sunt decor. Sunt condiții care modelează atenția.", "expired": false, "alias_of": null, "category": "SPAȚIU", "numchild": 0, "url_path": "/home/jurnal/spatiul-ca-mentor/", "expire_at": null, "locked_at": null, "locked_by": null, "seo_title": "", "go_live_at": null, "hero_image": null, "draft_title": "Spațiul ca mentor: cum arhitectura influențează creativitatea", "content_type": 45, "live_revision": 26, "show_in_menus": false, "gallery_images": [{"pk": 3, "page": 7, "image": 11, "caption": "", "sort_order": 0}, {"pk": 4, "page": 7, "image": 12, "caption": "", "sort_order": 1}], "latest_revision": 26, "translation_key": "da1aff16-6789-44b9-9c53-42f008f8de7f", "last_published_at": "2026-02-14T17:11:45.685Z", "first_published_at": "2026-02-14T10:39:23.750Z", "search_description": "", "wagtail_admin_comments": [], "has_unpublished_changes": false, "latest_revision_created_at": "2026-02-14T17:11:45.186Z"}	\N	7	1	45	1	Spațiul ca mentor: cum arhitectura influențează creativitatea
17	2026-02-14 16:45:50.686098+00	{"pk": 6, "body": "<p data-block-key=\\"rh026\\">Materialele nu sunt un moft. Sunt un profesor tăcut. Un pigment bun îți arată imediat ce înseamnă transparență, stratificare și răbdare.</p><p data-block-key=\\"wz7wi\\">La început, scopul nu e luxul, ci consistența: să poți repeta un gest și să înveți din el. Când materialul e imprevizibil, copilul învață frustrare – nu artă.</p><p data-block-key=\\"3bx7x\\">Alegem instrumente care răsplătesc atenția: hârtie cu textură, pensule care țin apă, culori care nu „mor” pe foaie.</p>", "live": true, "meta": "8 min · Practică", "path": "0001000100010002", "slug": "materialele-conteaza", "depth": 4, "owner": null, "title": "Materialele contează: de la tempera de supermarket la pigment profesionist", "locale": 1, "locked": false, "videos": "[{\\"type\\": \\"video\\", \\"value\\": \\"https://www.youtube.com/watch?v=IYd1-cPwQCk&t=1s\\", \\"id\\": \\"1abdd908-e5d4-46fe-924f-3560e8e1867c\\"}, {\\"type\\": \\"video\\", \\"value\\": \\"https://www.youtube.com/watch?v=FDYIdBZUl2Y&list=RDFDYIdBZUl2Y&start_radio=1\\", \\"id\\": \\"e076f318-1d6d-4eb2-afa9-181302de5fee\\"}]", "excerpt": "Diferența dintre „merge” și „se simte bine” vine adesea din material: densitate, granulație, lumină.", "expired": false, "alias_of": null, "category": "MATERIALE", "numchild": 0, "url_path": "/home/jurnal/materialele-conteaza/", "expire_at": null, "locked_at": null, "locked_by": null, "seo_title": "", "go_live_at": null, "hero_image": 7, "draft_title": "Materialele contează: de la tempera de supermarket la pigment profesionist", "content_type": 45, "live_revision": 8, "show_in_menus": false, "gallery_images": [], "latest_revision": 17, "translation_key": "2260338d-c344-40ce-8129-075895b3880d", "last_published_at": "2026-02-14T15:49:20.201Z", "first_published_at": "2026-02-14T10:39:12.347Z", "search_description": "", "wagtail_admin_comments": [], "has_unpublished_changes": true, "latest_revision_created_at": "2026-02-14T16:45:38.382Z"}	\N	6	1	45	1	Materialele contează: de la tempera de supermarket la pigment profesionist
31	2026-02-14 18:04:07.904345+00	{"pk": 7, "body": "<p data-block-key=\\"rywcg\\">Un spațiu coerent invită la lucru profund. Lumina bună reduce graba. Ordinea reduce anxietatea. Aerul și distanțele dau curaj.</p><p data-block-key=\\"7kq27\\">Când copilul intră într-un loc care respectă actul artistic, își schimbă postura: devine mai atent, mai prezent.</p><p data-block-key=\\"lhehf\\">Într-un atelier, arhitectura devine un cadru moral: aici avem voie să încercăm, să repetăm și să tăcem.</p>", "live": true, "meta": "7 min · Observație", "path": "0001000100010003", "slug": "spatiul-ca-mentor", "depth": 4, "owner": null, "title": "Spațiul ca mentor: cum arhitectura influențează creativitatea", "locale": 1, "locked": false, "videos": "[]", "excerpt": "Lumina, liniștea și proporțiile nu sunt decor. Sunt condiții care modelează atenția.", "expired": false, "alias_of": null, "category": "SPAȚIU", "numchild": 0, "url_path": "/home/jurnal/spatiul-ca-mentor/", "expire_at": null, "locked_at": null, "locked_by": null, "seo_title": "", "go_live_at": null, "hero_image": null, "draft_title": "Spațiul ca mentor: cum arhitectura influențează creativitatea", "content_type": 45, "live_revision": 29, "show_in_menus": false, "gallery_images": [{"pk": 3, "page": 7, "image": 15, "caption": "", "sort_order": 0}, {"pk": 4, "page": 7, "image": 16, "caption": "", "sort_order": 1}], "latest_revision": 31, "translation_key": "da1aff16-6789-44b9-9c53-42f008f8de7f", "last_published_at": "2026-02-14T18:01:56.303Z", "first_published_at": "2026-02-14T10:39:23.750Z", "search_description": "", "wagtail_admin_comments": [], "has_unpublished_changes": true, "latest_revision_created_at": "2026-02-14T18:03:52.316Z"}	\N	7	1	45	1	Spațiul ca mentor: cum arhitectura influențează creativitatea
53	2026-02-21 20:07:16.764378+00	{"pk": 5, "body": "<h2 data-block-key=\\"gsl7d\\">Secretul din pereții Casei Presei Libere: De la zgomotul tiparnițelor la tăcerea concentrată</h2><p data-block-key=\\"aldk7\\">Există clădiri care poartă în tencuiala lor ceva, poate o energie adormită ce așteaptă să fie trezită, poate niște ciuperci arhaice sau poate doar așteaptă un buldozer. Sunt locuri născute din rigoare, din muncă repetitivă, din zgomotul tiparnițelor sau al mașinilor. Acum, aceste spații își descoperă un alt sens: acela de a găzdui tăcerea concentrată a copiilor și zgomotul pensulelor pe pânză; ce metaforă cretină.</p><h2 data-block-key=\\"cb6vi\\">Cum arată cele mai atipice ateliere de pictură din sectorul 1</h2><p data-block-key=\\"cs9ke\\">Lumina intră prin ferestre înalte peste mesele de lucru și peste borcanele cu vopsea, peste hârtii albe care așteaptă prima urmă de culoare. Pentru copiii care calcă pragul acestor <b>ateliere de pictură din sectorul 1</b>, pereții grei și gri ai clădirii nu au istoria pe care o (mai) știm noi. Pentru ei, locul nu e fost, ci nou.</p><p data-block-key=\\"a6bmk\\">Îl cuceresc cu spontaneitatea lor, îl umplu de râsete, de gesturi imperfecte, de pete vii. În fiecare linie trasată, în fiecare culoare care scapă din contur, spațiul își recapătă... Ce să își recapate? Ceva ce nu a avut niciodată?! Își câștigă un strop de libertăți.</p><h3 data-block-key=\\"3kgos\\">Arta ca formă de conversație, nu ca propagandă</h3><p data-block-key=\\"d8knc\\">E o ironie naivă în felul în care arta copiilor se așază peste memoria unui loc constrâns. Ceea ce era disciplină devine acum libertate. Ceea ce era comunicare rigidă devine conversație. Arta e conversație, nu performanță. Iar pentru cei mici, nici măcar o formă de propagandă.</p><p data-block-key=\\"l1jk\\">Într-o lume în care educația vizuală pare un lux, aceste ateliere sunt mici... Sunt mici, asta voiam să spun. Doar locuri unde copiii învață fără să știe că învață sau ce învață. Învață? Aici, educația nu se măsoară în tehnici, ci în felul în care lumina cade pe chipul lor atunci când descoperă ceva nou. În tăcerea aceea concentrată, în bucuria descoperirii unei nuanțe, într-o dungă trasată pe lângă, dar care, din întâmplare, dă sens. Și arta, acest cuvânt folosit la orice, devine o formă de încredere.</p><h3 data-block-key=\\"ag4n\\">Reconversia sensului: Un spațiu care învață din nou să fie viu</h3><p data-block-key=\\"bneeb\\">Poate că adevărata reconversie nu e cea arhitecturală, ci cea umană — felul în care un loc învață să fie viu, prin copii care nu poartă nostalgia trecutului, ci o formă pură de prezent.</p><p data-block-key=\\"28vth\\">Adesea se vorbește despre „reconversia” clădirii, dar termenul nu surprinde esența. Aș fi tentat să zic chiar că o alterează. Fosta Casă a Scânteii, devenită ulterior Casa Presei Libere, nu și-a pierdut funcția de bază: un spațiu dedicat comunicării și exprimării unui mesaj. Ceea ce s-a schimbat este mesajul însuși. Odinioară se transmitea prin text și imagine tipărită material de propagandă, iar astăzi prin culori, forme și gesturi spontane. În ambele cazuri, locul rămâne un mediator între creator și public, între gânduri și percepție.</p><p data-block-key=\\"b6nta\\">Pereții rămân aceiași, doar mesajul e altul, unul mai viu, mai colorat, mai inocent. Și poate că asta e marea lecție: dincolo de toate straturile de ciment și tencuială care cade, un spațiu există doar atunci când e locuit.<br/> De imaginație.</p>", "live": true, "meta": "3 min · Atelier", "path": "0001000100010001", "slug": "greseala-cel-mai-bun-profesor", "depth": 4, "owner": null, "title": "Ce se întâmplă, de fapt, acum în locul unde se tipărea propaganda!", "locale": 1, "locked": false, "videos": "[]", "excerpt": "Uită tot ce știai despre fosta Casă a Scânteii. În spatele tencuielii reci și al zidurilor de beton nu se mai ascund mașinării de propagandă, ci cele mai vibrante ateliere de pictură din sectorul 1. Descoperă cum un grup de copii reușește să transforme în fiecare weekend un spațiu rigid și plin de cenzură într-o explozie de culoare, fără reguli și fără nostalgii inutile. O reconversie a sensului, ascunsă de restul orașului.", "expired": false, "alias_of": null, "category": "FILOSOFIE", "numchild": 0, "url_path": "/home/jurnal/greseala-cel-mai-bun-profesor/", "expire_at": null, "locked_at": null, "locked_by": null, "seo_title": "", "go_live_at": null, "hero_image": null, "draft_title": "Ce se întâmplă, de fapt, acum în locul unde se tipărea propaganda!", "content_type": 45, "live_revision": 43, "show_in_menus": false, "gallery_images": [{"pk": 5, "page": 5, "image": 19, "caption": "Arta ca formă de conversație, nu ca propagandă", "sort_order": 0}, {"pk": null, "page": 5, "image": 20, "caption": "", "sort_order": 1}], "latest_revision": 53, "translation_key": "7ef518c9-4492-45bb-8538-020acb8d9f7e", "last_published_at": "2026-02-17T23:34:31.638Z", "first_published_at": "2026-02-14T10:39:01.757Z", "search_description": "", "wagtail_admin_comments": [], "has_unpublished_changes": true, "latest_revision_created_at": "2026-02-21T20:07:05.331Z"}	\N	5	1	45	1	Ce se întâmplă, de fapt, acum în locul unde se tipărea propaganda!
54	2026-02-21 20:07:25.984438+00	{"pk": 5, "body": "<h2 data-block-key=\\"gsl7d\\">Secretul din pereții Casei Presei Libere: De la zgomotul tiparnițelor la tăcerea concentrată</h2><p data-block-key=\\"aldk7\\">Există clădiri care poartă în tencuiala lor ceva, poate o energie adormită ce așteaptă să fie trezită, poate niște ciuperci arhaice sau poate doar așteaptă un buldozer. Sunt locuri născute din rigoare, din muncă repetitivă, din zgomotul tiparnițelor sau al mașinilor. Acum, aceste spații își descoperă un alt sens: acela de a găzdui tăcerea concentrată a copiilor și zgomotul pensulelor pe pânză; ce metaforă cretină.</p><h2 data-block-key=\\"cb6vi\\">Cum arată cele mai atipice ateliere de pictură din sectorul 1</h2><p data-block-key=\\"cs9ke\\">Lumina intră prin ferestre înalte peste mesele de lucru și peste borcanele cu vopsea, peste hârtii albe care așteaptă prima urmă de culoare. Pentru copiii care calcă pragul acestor <b>ateliere de pictură din sectorul 1</b>, pereții grei și gri ai clădirii nu au istoria pe care o (mai) știm noi. Pentru ei, locul nu e fost, ci nou.</p><p data-block-key=\\"a6bmk\\">Îl cuceresc cu spontaneitatea lor, îl umplu de râsete, de gesturi imperfecte, de pete vii. În fiecare linie trasată, în fiecare culoare care scapă din contur, spațiul își recapătă... Ce să își recapate? Ceva ce nu a avut niciodată?! Își câștigă un strop de libertăți.</p><h3 data-block-key=\\"3kgos\\">Arta ca formă de conversație, nu ca propagandă</h3><p data-block-key=\\"d8knc\\">E o ironie naivă în felul în care arta copiilor se așază peste memoria unui loc constrâns. Ceea ce era disciplină devine acum libertate. Ceea ce era comunicare rigidă devine conversație. Arta e conversație, nu performanță. Iar pentru cei mici, nici măcar o formă de propagandă.</p><p data-block-key=\\"l1jk\\">Într-o lume în care educația vizuală pare un lux, aceste ateliere sunt mici... Sunt mici, asta voiam să spun. Doar locuri unde copiii învață fără să știe că învață sau ce învață. Învață? Aici, educația nu se măsoară în tehnici, ci în felul în care lumina cade pe chipul lor atunci când descoperă ceva nou. În tăcerea aceea concentrată, în bucuria descoperirii unei nuanțe, într-o dungă trasată pe lângă, dar care, din întâmplare, dă sens. Și arta, acest cuvânt folosit la orice, devine o formă de încredere.</p><h3 data-block-key=\\"ag4n\\">Reconversia sensului: Un spațiu care învață din nou să fie viu</h3><p data-block-key=\\"bneeb\\">Poate că adevărata reconversie nu e cea arhitecturală, ci cea umană — felul în care un loc învață să fie viu, prin copii care nu poartă nostalgia trecutului, ci o formă pură de prezent.</p><p data-block-key=\\"28vth\\">Adesea se vorbește despre „reconversia” clădirii, dar termenul nu surprinde esența. Aș fi tentat să zic chiar că o alterează. Fosta Casă a Scânteii, devenită ulterior Casa Presei Libere, nu și-a pierdut funcția de bază: un spațiu dedicat comunicării și exprimării unui mesaj. Ceea ce s-a schimbat este mesajul însuși. Odinioară se transmitea prin text și imagine tipărită material de propagandă, iar astăzi prin culori, forme și gesturi spontane. În ambele cazuri, locul rămâne un mediator între creator și public, între gânduri și percepție.</p><p data-block-key=\\"b6nta\\">Pereții rămân aceiași, doar mesajul e altul, unul mai viu, mai colorat, mai inocent. Și poate că asta e marea lecție: dincolo de toate straturile de ciment și tencuială care cade, un spațiu există doar atunci când e locuit.<br/> De imaginație.</p>", "live": true, "meta": "3 min · Atelier", "path": "0001000100010001", "slug": "greseala-cel-mai-bun-profesor", "depth": 4, "owner": null, "title": "Ce se întâmplă, de fapt, acum în locul unde se tipărea propaganda!", "locale": 1, "locked": false, "videos": "[]", "excerpt": "Uită tot ce știai despre fosta Casă a Scânteii. În spatele tencuielii reci și al zidurilor de beton nu se mai ascund mașinării de propagandă, ci cele mai vibrante ateliere de pictură din sectorul 1. Descoperă cum un grup de copii reușește să transforme în fiecare weekend un spațiu rigid și plin de cenzură într-o explozie de culoare, fără reguli și fără nostalgii inutile. O reconversie a sensului, ascunsă de restul orașului.", "expired": false, "alias_of": null, "category": "FILOSOFIE", "numchild": 0, "url_path": "/home/jurnal/greseala-cel-mai-bun-profesor/", "expire_at": null, "locked_at": null, "locked_by": null, "seo_title": "", "go_live_at": null, "hero_image": null, "draft_title": "Ce se întâmplă, de fapt, acum în locul unde se tipărea propaganda!", "content_type": 45, "live_revision": 43, "show_in_menus": false, "gallery_images": [{"pk": 5, "page": 5, "image": 19, "caption": "Arta ca formă de conversație, nu ca propagandă", "sort_order": 0}, {"pk": null, "page": 5, "image": 20, "caption": "", "sort_order": 1}], "latest_revision": 53, "translation_key": "7ef518c9-4492-45bb-8538-020acb8d9f7e", "last_published_at": "2026-02-17T23:34:31.638Z", "first_published_at": "2026-02-14T10:39:01.757Z", "search_description": "", "wagtail_admin_comments": [], "has_unpublished_changes": true, "latest_revision_created_at": "2026-02-21T20:07:16.764Z"}	\N	5	1	45	1	Ce se întâmplă, de fapt, acum în locul unde se tipărea propaganda!
15	2026-02-14 16:44:32.306609+00	{"pk": 5, "body": "<p data-block-key=\\"gsl7d\\">În educația estetică, greșeala e un instrument – nu o rușine. Când copilul înțelege că o linie „ratată” poate deveni o idee nouă, se naște libertatea de a explora.</p><p data-block-key=\\"h6rj2\\">În loc de corecturi rapide, lucrăm cu întrebări: Ce se întâmplă dacă? Cum se schimbă compoziția dacă mutăm centrul de greutate? Ce poveste spune pata?</p><p data-block-key=\\"jc1p0\\">Așa apar ritmul, intenția și disciplina blândă: nu pentru note, ci pentru un limbaj personal care crește în timp.</p>", "live": true, "meta": "6 min · Atelier", "path": "0001000100010001", "slug": "greseala-cel-mai-bun-profesor", "depth": 4, "owner": null, "title": "De ce „greșeala” este cel mai bun profesor de artă", "locale": 1, "locked": false, "videos": "[]", "excerpt": "În atelier, greșeala nu e eșec. E material brut pentru observație, curaj și limbaj vizual.", "expired": false, "alias_of": null, "category": "FILOSOFIE", "numchild": 0, "url_path": "/home/jurnal/greseala-cel-mai-bun-profesor/", "expire_at": null, "locked_at": null, "locked_by": null, "seo_title": "", "go_live_at": null, "hero_image": null, "draft_title": "De ce „greșeala” este cel mai bun profesor de artă", "content_type": 45, "live_revision": 2, "show_in_menus": false, "gallery_images": [], "latest_revision": 2, "translation_key": "7ef518c9-4492-45bb-8538-020acb8d9f7e", "last_published_at": "2026-02-14T10:39:01.757Z", "first_published_at": "2026-02-14T10:39:01.757Z", "search_description": "", "wagtail_admin_comments": [], "has_unpublished_changes": false, "latest_revision_created_at": "2026-02-14T10:38:59.422Z"}	\N	5	1	45	1	De ce „greșeala” este cel mai bun profesor de artă
16	2026-02-14 16:44:54.940496+00	{"pk": 5, "body": "<p data-block-key=\\"gsl7d\\">În educația estetică, greșeala e un instrument – nu o rușine. Când copilul înțelege că o linie „ratată” poate deveni o idee nouă, se naște libertatea de a explora.</p><p data-block-key=\\"h6rj2\\">În loc de corecturi rapide, lucrăm cu întrebări: Ce se întâmplă dacă? Cum se schimbă compoziția dacă mutăm centrul de greutate? Ce poveste spune pata?</p><p data-block-key=\\"jc1p0\\">Așa apar ritmul, intenția și disciplina blândă: nu pentru note, ci pentru un limbaj personal care crește în timp.</p>", "live": true, "meta": "6 min · Atelier", "path": "0001000100010001", "slug": "greseala-cel-mai-bun-profesor", "depth": 4, "owner": null, "title": "De ce „greșeala” este cel mai bun profesor de artă", "locale": 1, "locked": false, "videos": "[]", "excerpt": "În atelier, greșeala nu e eșec. E material brut pentru observație, curaj și limbaj vizual.", "expired": false, "alias_of": null, "category": "FILOSOFIE", "numchild": 0, "url_path": "/home/jurnal/greseala-cel-mai-bun-profesor/", "expire_at": null, "locked_at": null, "locked_by": null, "seo_title": "", "go_live_at": null, "hero_image": null, "draft_title": "De ce „greșeala” este cel mai bun profesor de artă", "content_type": 45, "live_revision": 2, "show_in_menus": false, "gallery_images": [], "latest_revision": 15, "translation_key": "7ef518c9-4492-45bb-8538-020acb8d9f7e", "last_published_at": "2026-02-14T10:39:01.757Z", "first_published_at": "2026-02-14T10:39:01.757Z", "search_description": "", "wagtail_admin_comments": [], "has_unpublished_changes": true, "latest_revision_created_at": "2026-02-14T16:44:32.306Z"}	\N	5	1	45	1	De ce „greșeala” este cel mai bun profesor de artă
32	2026-02-14 18:05:43.830319+00	{"pk": 5, "body": "<p data-block-key=\\"gsl7d\\">În educația estetică, greșeala e un instrument – nu o rușine. Când copilul înțelege că o linie „ratată” poate deveni o idee nouă, se naște libertatea de a explora.</p><p data-block-key=\\"h6rj2\\">În loc de corecturi rapide, lucrăm cu întrebări: Ce se întâmplă dacă? Cum se schimbă compoziția dacă mutăm centrul de greutate? Ce poveste spune pata?</p><p data-block-key=\\"jc1p0\\">Așa apar ritmul, intenția și disciplina blândă: nu pentru note, ci pentru un limbaj personal care crește în timp.</p>", "live": true, "meta": "6 min · Atelier", "path": "0001000100010001", "slug": "greseala-cel-mai-bun-profesor", "depth": 4, "owner": null, "title": "De ce „greșeala” este cel mai bun profesor de artă", "locale": 1, "locked": false, "videos": "[]", "excerpt": "În atelier, greșeala nu e eșec. E material brut pentru observație, curaj și limbaj vizual.", "expired": false, "alias_of": null, "category": "FILOSOFIE", "numchild": 0, "url_path": "/home/jurnal/greseala-cel-mai-bun-profesor/", "expire_at": null, "locked_at": null, "locked_by": null, "seo_title": "", "go_live_at": null, "hero_image": null, "draft_title": "De ce „greșeala” este cel mai bun profesor de artă", "content_type": 45, "live_revision": 28, "show_in_menus": false, "gallery_images": [{"pk": 5, "page": 5, "image": 17, "caption": "", "sort_order": 0}, {"pk": 6, "page": 5, "image": 18, "caption": "", "sort_order": 1}], "latest_revision": 32, "translation_key": "7ef518c9-4492-45bb-8538-020acb8d9f7e", "last_published_at": "2026-02-14T18:01:44.589Z", "first_published_at": "2026-02-14T10:39:01.757Z", "search_description": "", "wagtail_admin_comments": [], "has_unpublished_changes": true, "latest_revision_created_at": "2026-02-14T18:05:30.667Z"}	\N	5	1	45	1	De ce „greșeala” este cel mai bun profesor de artă
3	2026-02-14 10:39:10.377461+00	{"pk": 6, "body": "<p>Materialele nu sunt un moft. Sunt un profesor tăcut. Un pigment bun îți arată imediat ce înseamnă transparență, stratificare și răbdare.</p>\\n<p>La început, scopul nu e luxul, ci consistența: să poți repeta un gest și să înveți din el. Când materialul e imprevizibil, copilul învață frustrare – nu artă.</p>\\n<p>Alegem instrumente care răsplătesc atenția: hârtie cu textură, pensule care țin apă, culori care nu „mor” pe foaie.</p>", "live": true, "meta": "8 min · Practică", "path": "0001000100010002", "slug": "materialele-conteaza", "depth": 4, "owner": null, "title": "Materialele contează: de la tempera de supermarket la pigment profesionist", "locale": 1, "locked": false, "excerpt": "Diferența dintre „merge” și „se simte bine” vine adesea din material: densitate, granulație, lumină.", "expired": false, "alias_of": null, "category": "MATERIALE", "numchild": 0, "url_path": "/home/jurnal/materialele-conteaza/", "expire_at": null, "locked_at": null, "locked_by": null, "seo_title": "", "go_live_at": null, "hero_image": 2, "draft_title": "Materialele contează: de la tempera de supermarket la pigment profesionist", "content_type": 45, "live_revision": null, "show_in_menus": false, "latest_revision": null, "translation_key": "2260338d-c344-40ce-8129-075895b3880d", "last_published_at": null, "first_published_at": null, "search_description": "", "wagtail_admin_comments": [], "has_unpublished_changes": false, "latest_revision_created_at": null}	\N	6	\N	45	1	Materialele contează: de la tempera de supermarket la pigment profesionist
5	2026-02-14 15:48:25.964861+00	{"pk": 6, "body": "<p data-block-key=\\"rh026\\">Materialele nu sunt un moft. Sunt un profesor tăcut. Un pigment bun îți arată imediat ce înseamnă transparență, stratificare și răbdare.</p><p data-block-key=\\"wz7wi\\">La început, scopul nu e luxul, ci consistența: să poți repeta un gest și să înveți din el. Când materialul e imprevizibil, copilul învață frustrare – nu artă.</p><p data-block-key=\\"3bx7x\\">Alegem instrumente care răsplătesc atenția: hârtie cu textură, pensule care țin apă, culori care nu „mor” pe foaie.</p>", "live": true, "meta": "8 min · Practică", "path": "0001000100010002", "slug": "materialele-conteaza", "depth": 4, "owner": null, "title": "Materialele contează: de la tempera de supermarket la pigment profesionist", "locale": 1, "locked": false, "videos": "[{\\"type\\": \\"video\\", \\"value\\": \\"https://www.youtube.com/watch?v=IYd1-cPwQCk&t=1s\\", \\"id\\": \\"1abdd908-e5d4-46fe-924f-3560e8e1867c\\"}]", "excerpt": "Diferența dintre „merge” și „se simte bine” vine adesea din material: densitate, granulație, lumină.", "expired": false, "alias_of": null, "category": "MATERIALE", "numchild": 0, "url_path": "/home/jurnal/materialele-conteaza/", "expire_at": null, "locked_at": null, "locked_by": null, "seo_title": "", "go_live_at": null, "hero_image": 2, "draft_title": "Materialele contează: de la tempera de supermarket la pigment profesionist", "content_type": 45, "live_revision": 3, "show_in_menus": false, "gallery_images": [], "latest_revision": 3, "translation_key": "2260338d-c344-40ce-8129-075895b3880d", "last_published_at": "2026-02-14T10:39:12.347Z", "first_published_at": "2026-02-14T10:39:12.347Z", "search_description": "", "wagtail_admin_comments": [], "has_unpublished_changes": false, "latest_revision_created_at": "2026-02-14T10:39:10.377Z"}	\N	6	1	45	1	Materialele contează: de la tempera de supermarket la pigment profesionist
\.


--
-- Data for Name: wagtailcore_site; Type: TABLE DATA; Schema: public; Owner: postgres
--

COPY public.wagtailcore_site (id, hostname, port, is_default_site, root_page_id, site_name) FROM stdin;
2	localhost	80	t	3	
\.


--
-- Data for Name: wagtailcore_task; Type: TABLE DATA; Schema: public; Owner: postgres
--

COPY public.wagtailcore_task (id, name, active, content_type_id) FROM stdin;
1	Moderators approval	t	4
\.


--
-- Data for Name: wagtailcore_taskstate; Type: TABLE DATA; Schema: public; Owner: postgres
--

COPY public.wagtailcore_taskstate (id, status, started_at, finished_at, content_type_id, revision_id, task_id, workflow_state_id, finished_by_id, comment) FROM stdin;
\.


--
-- Data for Name: wagtailcore_uploadedfile; Type: TABLE DATA; Schema: public; Owner: postgres
--

COPY public.wagtailcore_uploadedfile (id, file, for_content_type_id, uploaded_by_user_id) FROM stdin;
\.


--
-- Data for Name: wagtailcore_workflow; Type: TABLE DATA; Schema: public; Owner: postgres
--

COPY public.wagtailcore_workflow (id, name, active) FROM stdin;
1	Moderators approval	t
\.


--
-- Data for Name: wagtailcore_workflowcontenttype; Type: TABLE DATA; Schema: public; Owner: postgres
--

COPY public.wagtailcore_workflowcontenttype (content_type_id, workflow_id) FROM stdin;
\.


--
-- Data for Name: wagtailcore_workflowpage; Type: TABLE DATA; Schema: public; Owner: postgres
--

COPY public.wagtailcore_workflowpage (page_id, workflow_id) FROM stdin;
1	1
\.


--
-- Data for Name: wagtailcore_workflowstate; Type: TABLE DATA; Schema: public; Owner: postgres
--

COPY public.wagtailcore_workflowstate (id, status, created_at, current_task_state_id, object_id, requested_by_id, workflow_id, content_type_id, base_content_type_id) FROM stdin;
\.


--
-- Data for Name: wagtailcore_workflowtask; Type: TABLE DATA; Schema: public; Owner: postgres
--

COPY public.wagtailcore_workflowtask (id, sort_order, task_id, workflow_id) FROM stdin;
1	0	1	1
\.


--
-- Data for Name: wagtaildocs_document; Type: TABLE DATA; Schema: public; Owner: postgres
--

COPY public.wagtaildocs_document (id, title, file, created_at, uploaded_by_user_id, collection_id, file_size, file_hash) FROM stdin;
\.


--
-- Data for Name: wagtailembeds_embed; Type: TABLE DATA; Schema: public; Owner: postgres
--

COPY public.wagtailembeds_embed (id, url, max_width, type, html, title, author_name, provider_name, thumbnail_url, width, height, last_updated, hash, cache_until) FROM stdin;
\.


--
-- Data for Name: wagtailforms_formsubmission; Type: TABLE DATA; Schema: public; Owner: postgres
--

COPY public.wagtailforms_formsubmission (id, form_data, submit_time, page_id) FROM stdin;
\.


--
-- Data for Name: wagtailimages_image; Type: TABLE DATA; Schema: public; Owner: postgres
--

COPY public.wagtailimages_image (id, title, file, width, height, created_at, focal_point_x, focal_point_y, focal_point_width, focal_point_height, uploaded_by_user_id, file_size, collection_id, file_hash, description) FROM stdin;
5	jurnal-spatiul-mentor	original_images/jurnal-spatiul-mentor.jpeg	2516	1678	2026-02-14 16:43:13.690278+00	\N	\N	\N	\N	1	230550	1	1c50fd78ed9333985ccaba69fd952cedd24bd0d8	
6	jurnal3	original_images/jurnal3.jpeg	2098	1678	2026-02-14 16:43:28.943343+00	\N	\N	\N	\N	1	328010	1	a398955ccca8f4688702c01fac5f2ffeac4b8576	
8	jurnal1	original_images/jurnal1.jpeg	2516	1678	2026-02-14 16:49:31.433515+00	\N	\N	\N	\N	1	347469	1	296e2a59a638ab7bde0a6dd4360c6f06e629cb5a	
9	jurnal-profesor-arte	original_images/jurnal-profesor-arte.jpeg	2516	1678	2026-02-14 16:49:40.994292+00	\N	\N	\N	\N	1	444484	1	6e782fadd3838ed8e27b1dd1056ed18686344767	
11	jurnal3	original_images/jurnal3.jpeg	2098	1678	2026-02-14 17:11:19.938895+00	\N	\N	\N	\N	1	328010	1	a398955ccca8f4688702c01fac5f2ffeac4b8576	
12	jurnal3	original_images/jurnal-spatiul-mentor.jpeg	2516	1678	2026-02-14 17:11:39.086486+00	\N	\N	\N	\N	1	230550	1	1c50fd78ed9333985ccaba69fd952cedd24bd0d8	
13	jurnal-profesor-arte	original_images/jurnal-profesor-arte.jpeg	2516	1678	2026-02-14 17:14:32.491336+00	\N	\N	\N	\N	1	444484	1	6e782fadd3838ed8e27b1dd1056ed18686344767	
14	jurnal1	original_images/jurnal1.jpeg	2516	1678	2026-02-14 17:14:52.530934+00	\N	\N	\N	\N	1	347469	1	296e2a59a638ab7bde0a6dd4360c6f06e629cb5a	
15	jurnal3	original_images/jurnal3.jpeg	2098	1678	2026-02-14 18:03:47.855621+00	\N	\N	\N	\N	1	328010	1	a398955ccca8f4688702c01fac5f2ffeac4b8576	
16	jurnal-spatiul-mentor	original_images/jurnal-spatiul-mentor.jpeg	2516	1678	2026-02-14 18:04:03.371127+00	\N	\N	\N	\N	1	230550	1	1c50fd78ed9333985ccaba69fd952cedd24bd0d8	
17	jurnal1	original_images/jurnal1.jpeg	2516	1678	2026-02-14 18:05:25.281271+00	\N	\N	\N	\N	1	347469	1	296e2a59a638ab7bde0a6dd4360c6f06e629cb5a	
18	jurnal-profesor-arte	original_images/jurnal-profesor-arte.jpeg	2516	1678	2026-02-14 18:05:38.905523+00	\N	\N	\N	\N	1	444484	1	6e782fadd3838ed8e27b1dd1056ed18686344767	
19	jurnal-profesor-arte	original_images/jurnal-profesor-arte.jpeg	2516	1678	2026-02-21 20:06:55.074691+00	\N	\N	\N	\N	1	444484	1	6e782fadd3838ed8e27b1dd1056ed18686344767	
20	jurnal1	original_images/jurnal1.jpeg	2516	1678	2026-02-21 20:07:13.261868+00	\N	\N	\N	\N	1	347469	1	296e2a59a638ab7bde0a6dd4360c6f06e629cb5a	
21	jurnal-profesor-arte	original_images/jurnal-profesor-arte.jpeg	2516	1678	2026-02-21 20:16:41.058898+00	\N	\N	\N	\N	1	444484	1	6e782fadd3838ed8e27b1dd1056ed18686344767	
22	jurnal1	original_images/jurnal1.jpeg	2516	1678	2026-02-21 20:16:53.32071+00	\N	\N	\N	\N	1	347469	1	296e2a59a638ab7bde0a6dd4360c6f06e629cb5a	
23	jurnal-profesor-arte	original_images/jurnal-profesor-arte.jpeg	2516	1678	2026-02-21 20:53:27.006655+00	\N	\N	\N	\N	1	444484	1	6e782fadd3838ed8e27b1dd1056ed18686344767	
24	jurnal1	original_images/jurnal1.jpeg	2516	1678	2026-02-21 20:53:41.989248+00	\N	\N	\N	\N	1	347469	1	296e2a59a638ab7bde0a6dd4360c6f06e629cb5a	
25	jurnal3	original_images/jurnal3.jpeg	2098	1678	2026-02-21 20:55:44.775491+00	\N	\N	\N	\N	1	328010	1	a398955ccca8f4688702c01fac5f2ffeac4b8576	
26	jurnal-spatiul-mentor	original_images/jurnal-spatiul-mentor.jpeg	2516	1678	2026-02-21 20:56:00.033331+00	\N	\N	\N	\N	1	230550	1	1c50fd78ed9333985ccaba69fd952cedd24bd0d8	
\.


--
-- Data for Name: wagtailimages_rendition; Type: TABLE DATA; Schema: public; Owner: postgres
--

COPY public.wagtailimages_rendition (id, file, width, height, focal_point_key, filter_spec, image_id) FROM stdin;
2	images/jurnal-spatiul-mentor.max-165x165.jpg	165	110		max-165x165	5
3	images/jurnal3.max-165x165.jpg	165	131		max-165x165	6
5	images/jurnal1.max-165x165.jpg	165	110		max-165x165	8
6	images/jurnal-profesor-arte.max-165x165.jpg	165	110		max-165x165	9
7	images/jurnal3.max-800x600.jpg	750	600		max-800x600	6
9	images/jurnal3_Rfyzcr0.max-800x600.jpg	750	600		max-800x600	11
10	images/jurnal3.max-165x165.jpg	165	131		max-165x165	11
11	images/jurnal-spatiul-mentor.max-800x600.jpg	800	533		max-800x600	5
12	images/jurnal-spatiul-mentor_ep1ZmXK.max-800x600.jpg	800	533		max-800x600	12
13	images/jurnal-spatiul-mentor.max-165x165.jpg	165	110		max-165x165	12
14	images/jurnal-profesor-arte.max-800x600.jpg	800	533		max-800x600	9
15	images/jurnal-profesor-arte_s8l1u2g.max-800x600.jpg	800	533		max-800x600	13
16	images/jurnal-profesor-arte.max-165x165.jpg	165	110		max-165x165	13
17	images/jurnal1.max-800x600.jpg	800	533		max-800x600	8
18	images/jurnal1_168jGNW.max-800x600.jpg	800	533		max-800x600	14
19	images/jurnal1.max-165x165.jpg	165	110		max-165x165	14
20	images/jurnal3.max-800x600.jpg	750	600		max-800x600	15
21	images/jurnal3.max-165x165.jpg	165	131		max-165x165	15
22	images/jurnal-spatiul-mentor.max-800x600.jpg	800	533		max-800x600	16
23	images/jurnal-spatiul-mentor.max-165x165.jpg	165	110		max-165x165	16
24	images/jurnal1.max-800x600.jpg	800	533		max-800x600	17
25	images/jurnal1.max-165x165.jpg	165	110		max-165x165	17
26	images/jurnal-profesor-arte.max-800x600.jpg	800	533		max-800x600	18
27	images/jurnal-profesor-arte.max-165x165.jpg	165	110		max-165x165	18
28	images/jurnal-profesor-arte.max-800x600.jpg	800	533		max-800x600	19
29	images/jurnal-profesor-arte.max-165x165.jpg	165	110		max-165x165	19
30	images/jurnal1.max-800x600.jpg	800	533		max-800x600	20
31	images/jurnal1.max-165x165.jpg	165	110		max-165x165	20
32	images/jurnal-profesor-arte.max-800x600.jpg	800	533		max-800x600	21
33	images/jurnal-profesor-arte.max-165x165.jpg	165	110		max-165x165	21
34	images/jurnal1.max-800x600.jpg	800	533		max-800x600	22
35	images/jurnal1.max-165x165.jpg	165	110		max-165x165	22
36	images/jurnal-profesor-arte.max-800x600.jpg	800	533		max-800x600	23
37	images/jurnal-profesor-arte.max-165x165.jpg	165	110		max-165x165	23
38	images/jurnal1.max-800x600.jpg	800	533		max-800x600	24
39	images/jurnal1.max-165x165.jpg	165	110		max-165x165	24
40	images/jurnal3.max-800x600.jpg	750	600		max-800x600	25
41	images/jurnal3.max-165x165.jpg	165	131		max-165x165	25
42	images/jurnal-spatiul-mentor.max-800x600.jpg	800	533		max-800x600	26
43	images/jurnal-spatiul-mentor.max-165x165.jpg	165	110		max-165x165	26
\.


--
-- Data for Name: wagtailredirects_redirect; Type: TABLE DATA; Schema: public; Owner: postgres
--

COPY public.wagtailredirects_redirect (id, old_path, is_permanent, redirect_link, redirect_page_id, site_id, automatically_created, created_at, redirect_page_route_path) FROM stdin;
\.


--
-- Data for Name: wagtailsearch_indexentry; Type: TABLE DATA; Schema: public; Owner: postgres
--

COPY public.wagtailsearch_indexentry (id, object_id, title_norm, content_type_id, autocomplete, title, body) FROM stdin;
9	6	0.5	45	'contează':2 'de':3,6 'la':4,8 'materialele':1 'pigment':9 'profesionist':10 'supermarket':7 'tempera':5	'contează':2B 'de':3B,6B 'la':4B,8B 'materialel':1B 'pigment':9B 'profesionist':10B 'supermarket':7B 'tempera':5B	
88	14	4	2	'jurnal1':1	'jurnal1':1A	
168	20	3.3333333333333335	2	'jurnal1':1	'jurnal1':1A	
97	15	3.8333333333333335	2	'jurnal3':1	'jurnal3':1A	
106	18	0.9285714285714286	2	'arte':4 'jurnal':2 'jurnal-profesor-arte':1 'profesor':3	'art':4A 'jurnal':2A 'jurnal-profesor-art':1A 'profesor':3A	
1	4	3.375	46	'jurnal':1	'jurnal':1B	
55	8	4.75	2	'jurnal1':1	'jurnal1':1A	
33	5	1.5	2	'jurnal':2 'jurnal-spatiul-mentor':1 'mentor':4 'spatiul':3	'jurnal':2A 'jurnal-spatiul-mentor':1A 'mentor':4A 'spatiul':3A	
176	22	3.25	2	'jurnal1':1	'jurnal1':1A	
73	11	4.428571428571429	2	'jurnal3':1	'jurnal3':1A	
58	9	1.1730769230769231	2	'arte':4 'jurnal':2 'jurnal-profesor-arte':1 'profesor':3	'art':4A 'jurnal':2A 'jurnal-profesor-art':1A 'profesor':3A	
37	6	5.5	2	'jurnal3':1	'jurnal3':1A	
84	13	1.046875	2	'arte':4 'jurnal':2 'jurnal-profesor-arte':1 'profesor':3	'art':4A 'jurnal':2A 'jurnal-profesor-art':1A 'profesor':3A	
184	24	3.1818181818181817	2	'jurnal1':1	'jurnal1':1A	
100	16	0.9605263157894737	2	'jurnal':2 'jurnal-spatiul-mentor':1 'mentor':4 'spatiul':3	'jurnal':2A 'jurnal-spatiul-mentor':1A 'mentor':4A 'spatiul':3A	
192	26	0.78125	2	'jurnal':2 'jurnal-spatiul-mentor':1 'mentor':4 'spatiul':3	'jurnal':2A 'jurnal-spatiul-mentor':1A 'mentor':4A 'spatiul':3A	
77	12	4.2	2	'jurnal3':1	'jurnal3':1A	
164	19	0.8676470588235294	2	'arte':4 'jurnal':2 'jurnal-profesor-arte':1 'profesor':3	'art':4A 'jurnal':2A 'jurnal-profesor-art':1A 'profesor':3A	
103	17	3.7	2	'jurnal1':1	'jurnal1':1A	
173	21	0.8421052631578947	2	'arte':4 'jurnal':2 'jurnal-profesor-arte':1 'profesor':3	'art':4A 'jurnal':2A 'jurnal-profesor-art':1A 'profesor':3A	
5	5	0.2892561983471074	45	'acum':6 'ce':1 'de':4 'fapt':5 'locul':8 'propaganda':12 'se':2,10 'tipărea':11 'unde':9 'în':7 'întâmplă':3	'acum':6B 'ce':1B 'de':4B 'fapt':5B 'locul':8B 'propaganda':12B 'se':2B,10B 'tipărea':11B 'und':9B 'în':7B 'întâmplă':3B	
181	23	0.8214285714285714	2	'arte':4 'jurnal':2 'jurnal-profesor-arte':1 'profesor':3	'art':4A 'jurnal':2A 'jurnal-profesor-art':1A 'profesor':3A	
13	7	0.390625	45	'arhitectura':1 'atelierele':7 'cine':3 'creativitatea':5 'ghidează':4 'la':6 'mentoratului':2 'scânteia':8	'arhitectura':1B 'atelierel':7B 'cine':3B 'creativitatea':5B 'ghidează':4B 'la':6B 'mentoratului':2B 'scânteia':8B	
189	25	3.0869565217391304	2	'jurnal3':1	'jurnal3':1A	
\.


--
-- Data for Name: wagtailusers_userprofile; Type: TABLE DATA; Schema: public; Owner: postgres
--

COPY public.wagtailusers_userprofile (id, submitted_notifications, approved_notifications, rejected_notifications, user_id, preferred_language, current_time_zone, avatar, updated_comments_notifications, dismissibles, theme, density, contrast, keyboard_shortcuts) FROM stdin;
1	t	t	t	1				t	{"help": true, "editor-guide": true, "last_upgrade_check": 7.3, "whats-new-in-wagtail-7.3": true}	system	default	system	t
\.


--
-- Name: auth_group_id_seq; Type: SEQUENCE SET; Schema: public; Owner: postgres
--

SELECT pg_catalog.setval('public.auth_group_id_seq', 2, true);


--
-- Name: auth_group_permissions_id_seq; Type: SEQUENCE SET; Schema: public; Owner: postgres
--

SELECT pg_catalog.setval('public.auth_group_permissions_id_seq', 18, true);


--
-- Name: auth_permission_id_seq; Type: SEQUENCE SET; Schema: public; Owner: postgres
--

SELECT pg_catalog.setval('public.auth_permission_id_seq', 215, true);


--
-- Name: auth_user_groups_id_seq; Type: SEQUENCE SET; Schema: public; Owner: postgres
--

SELECT pg_catalog.setval('public.auth_user_groups_id_seq', 1, false);


--
-- Name: auth_user_id_seq; Type: SEQUENCE SET; Schema: public; Owner: postgres
--

SELECT pg_catalog.setval('public.auth_user_id_seq', 1, true);


--
-- Name: auth_user_user_permissions_id_seq; Type: SEQUENCE SET; Schema: public; Owner: postgres
--

SELECT pg_catalog.setval('public.auth_user_user_permissions_id_seq', 1, false);


--
-- Name: core_jurnalarticlegalleryimage_id_seq; Type: SEQUENCE SET; Schema: public; Owner: postgres
--

SELECT pg_catalog.setval('public.core_jurnalarticlegalleryimage_id_seq', 7, true);


--
-- Name: core_mainpagecontent_id_seq; Type: SEQUENCE SET; Schema: public; Owner: postgres
--

SELECT pg_catalog.setval('public.core_mainpagecontent_id_seq', 1, true);


--
-- Name: core_membershipapplication_id_seq; Type: SEQUENCE SET; Schema: public; Owner: postgres
--

SELECT pg_catalog.setval('public.core_membershipapplication_id_seq', 7, true);


--
-- Name: core_membershipqaitem_id_seq; Type: SEQUENCE SET; Schema: public; Owner: postgres
--

SELECT pg_catalog.setval('public.core_membershipqaitem_id_seq', 63, true);


--
-- Name: core_membershipquestion_id_seq; Type: SEQUENCE SET; Schema: public; Owner: postgres
--

SELECT pg_catalog.setval('public.core_membershipquestion_id_seq', 1, false);


--
-- Name: core_membrieformcontent_id_seq; Type: SEQUENCE SET; Schema: public; Owner: postgres
--

SELECT pg_catalog.setval('public.core_membrieformcontent_id_seq', 1, true);


--
-- Name: core_newslettersubscriber_id_seq; Type: SEQUENCE SET; Schema: public; Owner: postgres
--

SELECT pg_catalog.setval('public.core_newslettersubscriber_id_seq', 3, true);


--
-- Name: django_admin_log_id_seq; Type: SEQUENCE SET; Schema: public; Owner: postgres
--

SELECT pg_catalog.setval('public.django_admin_log_id_seq', 1, false);


--
-- Name: django_content_type_id_seq; Type: SEQUENCE SET; Schema: public; Owner: postgres
--

SELECT pg_catalog.setval('public.django_content_type_id_seq', 53, true);


--
-- Name: django_migrations_id_seq; Type: SEQUENCE SET; Schema: public; Owner: postgres
--

SELECT pg_catalog.setval('public.django_migrations_id_seq', 243, true);


--
-- Name: taggit_tag_id_seq; Type: SEQUENCE SET; Schema: public; Owner: postgres
--

SELECT pg_catalog.setval('public.taggit_tag_id_seq', 1, false);


--
-- Name: taggit_taggeditem_id_seq; Type: SEQUENCE SET; Schema: public; Owner: postgres
--

SELECT pg_catalog.setval('public.taggit_taggeditem_id_seq', 1, false);


--
-- Name: wagtailadmin_admin_id_seq; Type: SEQUENCE SET; Schema: public; Owner: postgres
--

SELECT pg_catalog.setval('public.wagtailadmin_admin_id_seq', 1, false);


--
-- Name: wagtailadmin_editingsession_id_seq; Type: SEQUENCE SET; Schema: public; Owner: postgres
--

SELECT pg_catalog.setval('public.wagtailadmin_editingsession_id_seq', 195, true);


--
-- Name: wagtailcore_collection_id_seq; Type: SEQUENCE SET; Schema: public; Owner: postgres
--

SELECT pg_catalog.setval('public.wagtailcore_collection_id_seq', 1, true);


--
-- Name: wagtailcore_collectionviewrestriction_groups_id_seq; Type: SEQUENCE SET; Schema: public; Owner: postgres
--

SELECT pg_catalog.setval('public.wagtailcore_collectionviewrestriction_groups_id_seq', 1, false);


--
-- Name: wagtailcore_collectionviewrestriction_id_seq; Type: SEQUENCE SET; Schema: public; Owner: postgres
--

SELECT pg_catalog.setval('public.wagtailcore_collectionviewrestriction_id_seq', 1, false);


--
-- Name: wagtailcore_comment_id_seq; Type: SEQUENCE SET; Schema: public; Owner: postgres
--

SELECT pg_catalog.setval('public.wagtailcore_comment_id_seq', 1, false);


--
-- Name: wagtailcore_commentreply_id_seq; Type: SEQUENCE SET; Schema: public; Owner: postgres
--

SELECT pg_catalog.setval('public.wagtailcore_commentreply_id_seq', 1, false);


--
-- Name: wagtailcore_groupapprovaltask_groups_id_seq; Type: SEQUENCE SET; Schema: public; Owner: postgres
--

SELECT pg_catalog.setval('public.wagtailcore_groupapprovaltask_groups_id_seq', 1, true);


--
-- Name: wagtailcore_groupcollectionpermission_id_seq; Type: SEQUENCE SET; Schema: public; Owner: postgres
--

SELECT pg_catalog.setval('public.wagtailcore_groupcollectionpermission_id_seq', 12, true);


--
-- Name: wagtailcore_grouppagepermission_id_seq; Type: SEQUENCE SET; Schema: public; Owner: postgres
--

SELECT pg_catalog.setval('public.wagtailcore_grouppagepermission_id_seq', 7, true);


--
-- Name: wagtailcore_groupsitepermission_id_seq; Type: SEQUENCE SET; Schema: public; Owner: postgres
--

SELECT pg_catalog.setval('public.wagtailcore_groupsitepermission_id_seq', 1, false);


--
-- Name: wagtailcore_locale_id_seq; Type: SEQUENCE SET; Schema: public; Owner: postgres
--

SELECT pg_catalog.setval('public.wagtailcore_locale_id_seq', 1, true);


--
-- Name: wagtailcore_modellogentry_id_seq; Type: SEQUENCE SET; Schema: public; Owner: postgres
--

SELECT pg_catalog.setval('public.wagtailcore_modellogentry_id_seq', 9, true);


--
-- Name: wagtailcore_page_id_seq; Type: SEQUENCE SET; Schema: public; Owner: postgres
--

SELECT pg_catalog.setval('public.wagtailcore_page_id_seq', 8, true);


--
-- Name: wagtailcore_pagelogentry_id_seq; Type: SEQUENCE SET; Schema: public; Owner: postgres
--

SELECT pg_catalog.setval('public.wagtailcore_pagelogentry_id_seq', 143, true);


--
-- Name: wagtailcore_pagerevision_id_seq; Type: SEQUENCE SET; Schema: public; Owner: postgres
--

SELECT pg_catalog.setval('public.wagtailcore_pagerevision_id_seq', 60, true);


--
-- Name: wagtailcore_pagesubscription_id_seq; Type: SEQUENCE SET; Schema: public; Owner: postgres
--

SELECT pg_catalog.setval('public.wagtailcore_pagesubscription_id_seq', 6, true);


--
-- Name: wagtailcore_pageviewrestriction_groups_id_seq; Type: SEQUENCE SET; Schema: public; Owner: postgres
--

SELECT pg_catalog.setval('public.wagtailcore_pageviewrestriction_groups_id_seq', 1, false);


--
-- Name: wagtailcore_pageviewrestriction_id_seq; Type: SEQUENCE SET; Schema: public; Owner: postgres
--

SELECT pg_catalog.setval('public.wagtailcore_pageviewrestriction_id_seq', 1, false);


--
-- Name: wagtailcore_referenceindex_id_seq; Type: SEQUENCE SET; Schema: public; Owner: postgres
--

SELECT pg_catalog.setval('public.wagtailcore_referenceindex_id_seq', 51, true);


--
-- Name: wagtailcore_site_id_seq; Type: SEQUENCE SET; Schema: public; Owner: postgres
--

SELECT pg_catalog.setval('public.wagtailcore_site_id_seq', 2, true);


--
-- Name: wagtailcore_task_id_seq; Type: SEQUENCE SET; Schema: public; Owner: postgres
--

SELECT pg_catalog.setval('public.wagtailcore_task_id_seq', 1, true);


--
-- Name: wagtailcore_taskstate_id_seq; Type: SEQUENCE SET; Schema: public; Owner: postgres
--

SELECT pg_catalog.setval('public.wagtailcore_taskstate_id_seq', 1, false);


--
-- Name: wagtailcore_uploadedfile_id_seq; Type: SEQUENCE SET; Schema: public; Owner: postgres
--

SELECT pg_catalog.setval('public.wagtailcore_uploadedfile_id_seq', 1, false);


--
-- Name: wagtailcore_workflow_id_seq; Type: SEQUENCE SET; Schema: public; Owner: postgres
--

SELECT pg_catalog.setval('public.wagtailcore_workflow_id_seq', 1, true);


--
-- Name: wagtailcore_workflowstate_id_seq; Type: SEQUENCE SET; Schema: public; Owner: postgres
--

SELECT pg_catalog.setval('public.wagtailcore_workflowstate_id_seq', 1, false);


--
-- Name: wagtailcore_workflowtask_id_seq; Type: SEQUENCE SET; Schema: public; Owner: postgres
--

SELECT pg_catalog.setval('public.wagtailcore_workflowtask_id_seq', 1, true);


--
-- Name: wagtaildocs_document_id_seq; Type: SEQUENCE SET; Schema: public; Owner: postgres
--

SELECT pg_catalog.setval('public.wagtaildocs_document_id_seq', 1, false);


--
-- Name: wagtailembeds_embed_id_seq; Type: SEQUENCE SET; Schema: public; Owner: postgres
--

SELECT pg_catalog.setval('public.wagtailembeds_embed_id_seq', 1, false);


--
-- Name: wagtailforms_formsubmission_id_seq; Type: SEQUENCE SET; Schema: public; Owner: postgres
--

SELECT pg_catalog.setval('public.wagtailforms_formsubmission_id_seq', 1, false);


--
-- Name: wagtailimages_image_id_seq; Type: SEQUENCE SET; Schema: public; Owner: postgres
--

SELECT pg_catalog.setval('public.wagtailimages_image_id_seq', 26, true);


--
-- Name: wagtailimages_rendition_id_seq; Type: SEQUENCE SET; Schema: public; Owner: postgres
--

SELECT pg_catalog.setval('public.wagtailimages_rendition_id_seq', 43, true);


--
-- Name: wagtailredirects_redirect_id_seq; Type: SEQUENCE SET; Schema: public; Owner: postgres
--

SELECT pg_catalog.setval('public.wagtailredirects_redirect_id_seq', 1, false);


--
-- Name: wagtailsearch_indexentry_id_seq; Type: SEQUENCE SET; Schema: public; Owner: postgres
--

SELECT pg_catalog.setval('public.wagtailsearch_indexentry_id_seq', 196, true);


--
-- Name: wagtailusers_userprofile_id_seq; Type: SEQUENCE SET; Schema: public; Owner: postgres
--

SELECT pg_catalog.setval('public.wagtailusers_userprofile_id_seq', 1, true);


--
-- Name: auth_group auth_group_name_key; Type: CONSTRAINT; Schema: public; Owner: postgres
--

ALTER TABLE ONLY public.auth_group
    ADD CONSTRAINT auth_group_name_key UNIQUE (name);


--
-- Name: auth_group_permissions auth_group_permissions_group_id_permission_id_0cd325b0_uniq; Type: CONSTRAINT; Schema: public; Owner: postgres
--

ALTER TABLE ONLY public.auth_group_permissions
    ADD CONSTRAINT auth_group_permissions_group_id_permission_id_0cd325b0_uniq UNIQUE (group_id, permission_id);


--
-- Name: auth_group_permissions auth_group_permissions_pkey; Type: CONSTRAINT; Schema: public; Owner: postgres
--

ALTER TABLE ONLY public.auth_group_permissions
    ADD CONSTRAINT auth_group_permissions_pkey PRIMARY KEY (id);


--
-- Name: auth_group auth_group_pkey; Type: CONSTRAINT; Schema: public; Owner: postgres
--

ALTER TABLE ONLY public.auth_group
    ADD CONSTRAINT auth_group_pkey PRIMARY KEY (id);


--
-- Name: auth_permission auth_permission_content_type_id_codename_01ab375a_uniq; Type: CONSTRAINT; Schema: public; Owner: postgres
--

ALTER TABLE ONLY public.auth_permission
    ADD CONSTRAINT auth_permission_content_type_id_codename_01ab375a_uniq UNIQUE (content_type_id, codename);


--
-- Name: auth_permission auth_permission_pkey; Type: CONSTRAINT; Schema: public; Owner: postgres
--

ALTER TABLE ONLY public.auth_permission
    ADD CONSTRAINT auth_permission_pkey PRIMARY KEY (id);


--
-- Name: auth_user_groups auth_user_groups_pkey; Type: CONSTRAINT; Schema: public; Owner: postgres
--

ALTER TABLE ONLY public.auth_user_groups
    ADD CONSTRAINT auth_user_groups_pkey PRIMARY KEY (id);


--
-- Name: auth_user_groups auth_user_groups_user_id_group_id_94350c0c_uniq; Type: CONSTRAINT; Schema: public; Owner: postgres
--

ALTER TABLE ONLY public.auth_user_groups
    ADD CONSTRAINT auth_user_groups_user_id_group_id_94350c0c_uniq UNIQUE (user_id, group_id);


--
-- Name: auth_user auth_user_pkey; Type: CONSTRAINT; Schema: public; Owner: postgres
--

ALTER TABLE ONLY public.auth_user
    ADD CONSTRAINT auth_user_pkey PRIMARY KEY (id);


--
-- Name: auth_user_user_permissions auth_user_user_permissions_pkey; Type: CONSTRAINT; Schema: public; Owner: postgres
--

ALTER TABLE ONLY public.auth_user_user_permissions
    ADD CONSTRAINT auth_user_user_permissions_pkey PRIMARY KEY (id);


--
-- Name: auth_user_user_permissions auth_user_user_permissions_user_id_permission_id_14a6b632_uniq; Type: CONSTRAINT; Schema: public; Owner: postgres
--

ALTER TABLE ONLY public.auth_user_user_permissions
    ADD CONSTRAINT auth_user_user_permissions_user_id_permission_id_14a6b632_uniq UNIQUE (user_id, permission_id);


--
-- Name: auth_user auth_user_username_key; Type: CONSTRAINT; Schema: public; Owner: postgres
--

ALTER TABLE ONLY public.auth_user
    ADD CONSTRAINT auth_user_username_key UNIQUE (username);


--
-- Name: core_jurnalarticlegalleryimage core_jurnalarticlegalleryimage_pkey; Type: CONSTRAINT; Schema: public; Owner: postgres
--

ALTER TABLE ONLY public.core_jurnalarticlegalleryimage
    ADD CONSTRAINT core_jurnalarticlegalleryimage_pkey PRIMARY KEY (id);


--
-- Name: core_jurnalarticlepage core_jurnalarticlepage_pkey; Type: CONSTRAINT; Schema: public; Owner: postgres
--

ALTER TABLE ONLY public.core_jurnalarticlepage
    ADD CONSTRAINT core_jurnalarticlepage_pkey PRIMARY KEY (page_ptr_id);


--
-- Name: core_jurnalindexpage core_jurnalindexpage_pkey; Type: CONSTRAINT; Schema: public; Owner: postgres
--

ALTER TABLE ONLY public.core_jurnalindexpage
    ADD CONSTRAINT core_jurnalindexpage_pkey PRIMARY KEY (page_ptr_id);


--
-- Name: core_mainpagecontent core_mainpagecontent_pkey; Type: CONSTRAINT; Schema: public; Owner: postgres
--

ALTER TABLE ONLY public.core_mainpagecontent
    ADD CONSTRAINT core_mainpagecontent_pkey PRIMARY KEY (id);


--
-- Name: core_mainpagecontent core_mainpagecontent_site_id_key; Type: CONSTRAINT; Schema: public; Owner: postgres
--

ALTER TABLE ONLY public.core_mainpagecontent
    ADD CONSTRAINT core_mainpagecontent_site_id_key UNIQUE (site_id);


--
-- Name: core_membershipapplication core_membershipapplication_pkey; Type: CONSTRAINT; Schema: public; Owner: postgres
--

ALTER TABLE ONLY public.core_membershipapplication
    ADD CONSTRAINT core_membershipapplication_pkey PRIMARY KEY (id);


--
-- Name: core_membershipqaitem core_membershipqaitem_pkey; Type: CONSTRAINT; Schema: public; Owner: postgres
--

ALTER TABLE ONLY public.core_membershipqaitem
    ADD CONSTRAINT core_membershipqaitem_pkey PRIMARY KEY (id);


--
-- Name: core_membershipquestion core_membershipquestion_key_key; Type: CONSTRAINT; Schema: public; Owner: postgres
--

ALTER TABLE ONLY public.core_membershipquestion
    ADD CONSTRAINT core_membershipquestion_key_key UNIQUE (key);


--
-- Name: core_membershipquestion core_membershipquestion_pkey; Type: CONSTRAINT; Schema: public; Owner: postgres
--

ALTER TABLE ONLY public.core_membershipquestion
    ADD CONSTRAINT core_membershipquestion_pkey PRIMARY KEY (id);


--
-- Name: core_membrieformcontent core_membrieformcontent_pkey; Type: CONSTRAINT; Schema: public; Owner: postgres
--

ALTER TABLE ONLY public.core_membrieformcontent
    ADD CONSTRAINT core_membrieformcontent_pkey PRIMARY KEY (id);


--
-- Name: core_membrieformcontent core_membrieformcontent_site_id_key; Type: CONSTRAINT; Schema: public; Owner: postgres
--

ALTER TABLE ONLY public.core_membrieformcontent
    ADD CONSTRAINT core_membrieformcontent_site_id_key UNIQUE (site_id);


--
-- Name: core_newslettersubscriber core_newslettersubscriber_email_key; Type: CONSTRAINT; Schema: public; Owner: postgres
--

ALTER TABLE ONLY public.core_newslettersubscriber
    ADD CONSTRAINT core_newslettersubscriber_email_key UNIQUE (email);


--
-- Name: core_newslettersubscriber core_newslettersubscriber_pkey; Type: CONSTRAINT; Schema: public; Owner: postgres
--

ALTER TABLE ONLY public.core_newslettersubscriber
    ADD CONSTRAINT core_newslettersubscriber_pkey PRIMARY KEY (id);


--
-- Name: django_admin_log django_admin_log_pkey; Type: CONSTRAINT; Schema: public; Owner: postgres
--

ALTER TABLE ONLY public.django_admin_log
    ADD CONSTRAINT django_admin_log_pkey PRIMARY KEY (id);


--
-- Name: django_content_type django_content_type_app_label_model_76bd3d3b_uniq; Type: CONSTRAINT; Schema: public; Owner: postgres
--

ALTER TABLE ONLY public.django_content_type
    ADD CONSTRAINT django_content_type_app_label_model_76bd3d3b_uniq UNIQUE (app_label, model);


--
-- Name: django_content_type django_content_type_pkey; Type: CONSTRAINT; Schema: public; Owner: postgres
--

ALTER TABLE ONLY public.django_content_type
    ADD CONSTRAINT django_content_type_pkey PRIMARY KEY (id);


--
-- Name: django_migrations django_migrations_pkey; Type: CONSTRAINT; Schema: public; Owner: postgres
--

ALTER TABLE ONLY public.django_migrations
    ADD CONSTRAINT django_migrations_pkey PRIMARY KEY (id);


--
-- Name: django_session django_session_pkey; Type: CONSTRAINT; Schema: public; Owner: postgres
--

ALTER TABLE ONLY public.django_session
    ADD CONSTRAINT django_session_pkey PRIMARY KEY (session_key);


--
-- Name: home_homepage home_homepage_pkey; Type: CONSTRAINT; Schema: public; Owner: postgres
--

ALTER TABLE ONLY public.home_homepage
    ADD CONSTRAINT home_homepage_pkey PRIMARY KEY (page_ptr_id);


--
-- Name: taggit_tag taggit_tag_name_key; Type: CONSTRAINT; Schema: public; Owner: postgres
--

ALTER TABLE ONLY public.taggit_tag
    ADD CONSTRAINT taggit_tag_name_key UNIQUE (name);


--
-- Name: taggit_tag taggit_tag_pkey; Type: CONSTRAINT; Schema: public; Owner: postgres
--

ALTER TABLE ONLY public.taggit_tag
    ADD CONSTRAINT taggit_tag_pkey PRIMARY KEY (id);


--
-- Name: taggit_tag taggit_tag_slug_key; Type: CONSTRAINT; Schema: public; Owner: postgres
--

ALTER TABLE ONLY public.taggit_tag
    ADD CONSTRAINT taggit_tag_slug_key UNIQUE (slug);


--
-- Name: taggit_taggeditem taggit_taggeditem_content_type_id_object_id_tag_id_4bb97a8e_uni; Type: CONSTRAINT; Schema: public; Owner: postgres
--

ALTER TABLE ONLY public.taggit_taggeditem
    ADD CONSTRAINT taggit_taggeditem_content_type_id_object_id_tag_id_4bb97a8e_uni UNIQUE (content_type_id, object_id, tag_id);


--
-- Name: taggit_taggeditem taggit_taggeditem_pkey; Type: CONSTRAINT; Schema: public; Owner: postgres
--

ALTER TABLE ONLY public.taggit_taggeditem
    ADD CONSTRAINT taggit_taggeditem_pkey PRIMARY KEY (id);


--
-- Name: wagtailcore_grouppagepermission unique_permission; Type: CONSTRAINT; Schema: public; Owner: postgres
--

ALTER TABLE ONLY public.wagtailcore_grouppagepermission
    ADD CONSTRAINT unique_permission UNIQUE (group_id, page_id, permission_id);


--
-- Name: wagtailadmin_admin wagtailadmin_admin_pkey; Type: CONSTRAINT; Schema: public; Owner: postgres
--

ALTER TABLE ONLY public.wagtailadmin_admin
    ADD CONSTRAINT wagtailadmin_admin_pkey PRIMARY KEY (id);


--
-- Name: wagtailadmin_editingsession wagtailadmin_editingsession_pkey; Type: CONSTRAINT; Schema: public; Owner: postgres
--

ALTER TABLE ONLY public.wagtailadmin_editingsession
    ADD CONSTRAINT wagtailadmin_editingsession_pkey PRIMARY KEY (id);


--
-- Name: wagtailcore_collection wagtailcore_collection_path_key; Type: CONSTRAINT; Schema: public; Owner: postgres
--

ALTER TABLE ONLY public.wagtailcore_collection
    ADD CONSTRAINT wagtailcore_collection_path_key UNIQUE (path);


--
-- Name: wagtailcore_collection wagtailcore_collection_pkey; Type: CONSTRAINT; Schema: public; Owner: postgres
--

ALTER TABLE ONLY public.wagtailcore_collection
    ADD CONSTRAINT wagtailcore_collection_pkey PRIMARY KEY (id);


--
-- Name: wagtailcore_collectionviewrestriction_groups wagtailcore_collectionvi_collectionviewrestrictio_988995ae_uniq; Type: CONSTRAINT; Schema: public; Owner: postgres
--

ALTER TABLE ONLY public.wagtailcore_collectionviewrestriction_groups
    ADD CONSTRAINT wagtailcore_collectionvi_collectionviewrestrictio_988995ae_uniq UNIQUE (collectionviewrestriction_id, group_id);


--
-- Name: wagtailcore_collectionviewrestriction_groups wagtailcore_collectionviewrestriction_groups_pkey; Type: CONSTRAINT; Schema: public; Owner: postgres
--

ALTER TABLE ONLY public.wagtailcore_collectionviewrestriction_groups
    ADD CONSTRAINT wagtailcore_collectionviewrestriction_groups_pkey PRIMARY KEY (id);


--
-- Name: wagtailcore_collectionviewrestriction wagtailcore_collectionviewrestriction_pkey; Type: CONSTRAINT; Schema: public; Owner: postgres
--

ALTER TABLE ONLY public.wagtailcore_collectionviewrestriction
    ADD CONSTRAINT wagtailcore_collectionviewrestriction_pkey PRIMARY KEY (id);


--
-- Name: wagtailcore_comment wagtailcore_comment_pkey; Type: CONSTRAINT; Schema: public; Owner: postgres
--

ALTER TABLE ONLY public.wagtailcore_comment
    ADD CONSTRAINT wagtailcore_comment_pkey PRIMARY KEY (id);


--
-- Name: wagtailcore_commentreply wagtailcore_commentreply_pkey; Type: CONSTRAINT; Schema: public; Owner: postgres
--

ALTER TABLE ONLY public.wagtailcore_commentreply
    ADD CONSTRAINT wagtailcore_commentreply_pkey PRIMARY KEY (id);


--
-- Name: wagtailcore_groupapprovaltask_groups wagtailcore_groupapprova_groupapprovaltask_id_gro_bb5ee7eb_uniq; Type: CONSTRAINT; Schema: public; Owner: postgres
--

ALTER TABLE ONLY public.wagtailcore_groupapprovaltask_groups
    ADD CONSTRAINT wagtailcore_groupapprova_groupapprovaltask_id_gro_bb5ee7eb_uniq UNIQUE (groupapprovaltask_id, group_id);


--
-- Name: wagtailcore_groupapprovaltask_groups wagtailcore_groupapprovaltask_groups_pkey; Type: CONSTRAINT; Schema: public; Owner: postgres
--

ALTER TABLE ONLY public.wagtailcore_groupapprovaltask_groups
    ADD CONSTRAINT wagtailcore_groupapprovaltask_groups_pkey PRIMARY KEY (id);


--
-- Name: wagtailcore_groupapprovaltask wagtailcore_groupapprovaltask_pkey; Type: CONSTRAINT; Schema: public; Owner: postgres
--

ALTER TABLE ONLY public.wagtailcore_groupapprovaltask
    ADD CONSTRAINT wagtailcore_groupapprovaltask_pkey PRIMARY KEY (task_ptr_id);


--
-- Name: wagtailcore_groupcollectionpermission wagtailcore_groupcollect_group_id_collection_id_p_a21cefe9_uniq; Type: CONSTRAINT; Schema: public; Owner: postgres
--

ALTER TABLE ONLY public.wagtailcore_groupcollectionpermission
    ADD CONSTRAINT wagtailcore_groupcollect_group_id_collection_id_p_a21cefe9_uniq UNIQUE (group_id, collection_id, permission_id);


--
-- Name: wagtailcore_groupcollectionpermission wagtailcore_groupcollectionpermission_pkey; Type: CONSTRAINT; Schema: public; Owner: postgres
--

ALTER TABLE ONLY public.wagtailcore_groupcollectionpermission
    ADD CONSTRAINT wagtailcore_groupcollectionpermission_pkey PRIMARY KEY (id);


--
-- Name: wagtailcore_grouppagepermission wagtailcore_grouppagepermission_pkey; Type: CONSTRAINT; Schema: public; Owner: postgres
--

ALTER TABLE ONLY public.wagtailcore_grouppagepermission
    ADD CONSTRAINT wagtailcore_grouppagepermission_pkey PRIMARY KEY (id);


--
-- Name: wagtailcore_groupsitepermission wagtailcore_groupsiteper_group_id_site_id_permiss_a58ee30d_uniq; Type: CONSTRAINT; Schema: public; Owner: postgres
--

ALTER TABLE ONLY public.wagtailcore_groupsitepermission
    ADD CONSTRAINT wagtailcore_groupsiteper_group_id_site_id_permiss_a58ee30d_uniq UNIQUE (group_id, site_id, permission_id);


--
-- Name: wagtailcore_groupsitepermission wagtailcore_groupsitepermission_pkey; Type: CONSTRAINT; Schema: public; Owner: postgres
--

ALTER TABLE ONLY public.wagtailcore_groupsitepermission
    ADD CONSTRAINT wagtailcore_groupsitepermission_pkey PRIMARY KEY (id);


--
-- Name: wagtailcore_locale wagtailcore_locale_language_code_key; Type: CONSTRAINT; Schema: public; Owner: postgres
--

ALTER TABLE ONLY public.wagtailcore_locale
    ADD CONSTRAINT wagtailcore_locale_language_code_key UNIQUE (language_code);


--
-- Name: wagtailcore_locale wagtailcore_locale_pkey; Type: CONSTRAINT; Schema: public; Owner: postgres
--

ALTER TABLE ONLY public.wagtailcore_locale
    ADD CONSTRAINT wagtailcore_locale_pkey PRIMARY KEY (id);


--
-- Name: wagtailcore_modellogentry wagtailcore_modellogentry_pkey; Type: CONSTRAINT; Schema: public; Owner: postgres
--

ALTER TABLE ONLY public.wagtailcore_modellogentry
    ADD CONSTRAINT wagtailcore_modellogentry_pkey PRIMARY KEY (id);


--
-- Name: wagtailcore_page wagtailcore_page_path_key; Type: CONSTRAINT; Schema: public; Owner: postgres
--

ALTER TABLE ONLY public.wagtailcore_page
    ADD CONSTRAINT wagtailcore_page_path_key UNIQUE (path);


--
-- Name: wagtailcore_page wagtailcore_page_pkey; Type: CONSTRAINT; Schema: public; Owner: postgres
--

ALTER TABLE ONLY public.wagtailcore_page
    ADD CONSTRAINT wagtailcore_page_pkey PRIMARY KEY (id);


--
-- Name: wagtailcore_page wagtailcore_page_translation_key_locale_id_9b041bad_uniq; Type: CONSTRAINT; Schema: public; Owner: postgres
--

ALTER TABLE ONLY public.wagtailcore_page
    ADD CONSTRAINT wagtailcore_page_translation_key_locale_id_9b041bad_uniq UNIQUE (translation_key, locale_id);


--
-- Name: wagtailcore_pagelogentry wagtailcore_pagelogentry_pkey; Type: CONSTRAINT; Schema: public; Owner: postgres
--

ALTER TABLE ONLY public.wagtailcore_pagelogentry
    ADD CONSTRAINT wagtailcore_pagelogentry_pkey PRIMARY KEY (id);


--
-- Name: wagtailcore_revision wagtailcore_pagerevision_pkey; Type: CONSTRAINT; Schema: public; Owner: postgres
--

ALTER TABLE ONLY public.wagtailcore_revision
    ADD CONSTRAINT wagtailcore_pagerevision_pkey PRIMARY KEY (id);


--
-- Name: wagtailcore_pagesubscription wagtailcore_pagesubscription_page_id_user_id_0cef73ed_uniq; Type: CONSTRAINT; Schema: public; Owner: postgres
--

ALTER TABLE ONLY public.wagtailcore_pagesubscription
    ADD CONSTRAINT wagtailcore_pagesubscription_page_id_user_id_0cef73ed_uniq UNIQUE (page_id, user_id);


--
-- Name: wagtailcore_pagesubscription wagtailcore_pagesubscription_pkey; Type: CONSTRAINT; Schema: public; Owner: postgres
--

ALTER TABLE ONLY public.wagtailcore_pagesubscription
    ADD CONSTRAINT wagtailcore_pagesubscription_pkey PRIMARY KEY (id);


--
-- Name: wagtailcore_pageviewrestriction_groups wagtailcore_pageviewrest_pageviewrestriction_id_g_d23f80bb_uniq; Type: CONSTRAINT; Schema: public; Owner: postgres
--

ALTER TABLE ONLY public.wagtailcore_pageviewrestriction_groups
    ADD CONSTRAINT wagtailcore_pageviewrest_pageviewrestriction_id_g_d23f80bb_uniq UNIQUE (pageviewrestriction_id, group_id);


--
-- Name: wagtailcore_pageviewrestriction_groups wagtailcore_pageviewrestriction_groups_pkey; Type: CONSTRAINT; Schema: public; Owner: postgres
--

ALTER TABLE ONLY public.wagtailcore_pageviewrestriction_groups
    ADD CONSTRAINT wagtailcore_pageviewrestriction_groups_pkey PRIMARY KEY (id);


--
-- Name: wagtailcore_pageviewrestriction wagtailcore_pageviewrestriction_pkey; Type: CONSTRAINT; Schema: public; Owner: postgres
--

ALTER TABLE ONLY public.wagtailcore_pageviewrestriction
    ADD CONSTRAINT wagtailcore_pageviewrestriction_pkey PRIMARY KEY (id);


--
-- Name: wagtailcore_referenceindex wagtailcore_referenceind_base_content_type_id_obj_9e6ccd6a_uniq; Type: CONSTRAINT; Schema: public; Owner: postgres
--

ALTER TABLE ONLY public.wagtailcore_referenceindex
    ADD CONSTRAINT wagtailcore_referenceind_base_content_type_id_obj_9e6ccd6a_uniq UNIQUE (base_content_type_id, object_id, to_content_type_id, to_object_id, content_path_hash);


--
-- Name: wagtailcore_referenceindex wagtailcore_referenceindex_pkey; Type: CONSTRAINT; Schema: public; Owner: postgres
--

ALTER TABLE ONLY public.wagtailcore_referenceindex
    ADD CONSTRAINT wagtailcore_referenceindex_pkey PRIMARY KEY (id);


--
-- Name: wagtailcore_site wagtailcore_site_hostname_port_2c626d70_uniq; Type: CONSTRAINT; Schema: public; Owner: postgres
--

ALTER TABLE ONLY public.wagtailcore_site
    ADD CONSTRAINT wagtailcore_site_hostname_port_2c626d70_uniq UNIQUE (hostname, port);


--
-- Name: wagtailcore_site wagtailcore_site_pkey; Type: CONSTRAINT; Schema: public; Owner: postgres
--

ALTER TABLE ONLY public.wagtailcore_site
    ADD CONSTRAINT wagtailcore_site_pkey PRIMARY KEY (id);


--
-- Name: wagtailcore_task wagtailcore_task_pkey; Type: CONSTRAINT; Schema: public; Owner: postgres
--

ALTER TABLE ONLY public.wagtailcore_task
    ADD CONSTRAINT wagtailcore_task_pkey PRIMARY KEY (id);


--
-- Name: wagtailcore_taskstate wagtailcore_taskstate_pkey; Type: CONSTRAINT; Schema: public; Owner: postgres
--

ALTER TABLE ONLY public.wagtailcore_taskstate
    ADD CONSTRAINT wagtailcore_taskstate_pkey PRIMARY KEY (id);


--
-- Name: wagtailcore_uploadedfile wagtailcore_uploadedfile_pkey; Type: CONSTRAINT; Schema: public; Owner: postgres
--

ALTER TABLE ONLY public.wagtailcore_uploadedfile
    ADD CONSTRAINT wagtailcore_uploadedfile_pkey PRIMARY KEY (id);


--
-- Name: wagtailcore_workflow wagtailcore_workflow_pkey; Type: CONSTRAINT; Schema: public; Owner: postgres
--

ALTER TABLE ONLY public.wagtailcore_workflow
    ADD CONSTRAINT wagtailcore_workflow_pkey PRIMARY KEY (id);


--
-- Name: wagtailcore_workflowcontenttype wagtailcore_workflowcontenttype_pkey; Type: CONSTRAINT; Schema: public; Owner: postgres
--

ALTER TABLE ONLY public.wagtailcore_workflowcontenttype
    ADD CONSTRAINT wagtailcore_workflowcontenttype_pkey PRIMARY KEY (content_type_id);


--
-- Name: wagtailcore_workflowpage wagtailcore_workflowpage_pkey; Type: CONSTRAINT; Schema: public; Owner: postgres
--

ALTER TABLE ONLY public.wagtailcore_workflowpage
    ADD CONSTRAINT wagtailcore_workflowpage_pkey PRIMARY KEY (page_id);


--
-- Name: wagtailcore_workflowstate wagtailcore_workflowstate_current_task_state_id_key; Type: CONSTRAINT; Schema: public; Owner: postgres
--

ALTER TABLE ONLY public.wagtailcore_workflowstate
    ADD CONSTRAINT wagtailcore_workflowstate_current_task_state_id_key UNIQUE (current_task_state_id);


--
-- Name: wagtailcore_workflowstate wagtailcore_workflowstate_pkey; Type: CONSTRAINT; Schema: public; Owner: postgres
--

ALTER TABLE ONLY public.wagtailcore_workflowstate
    ADD CONSTRAINT wagtailcore_workflowstate_pkey PRIMARY KEY (id);


--
-- Name: wagtailcore_workflowtask wagtailcore_workflowtask_pkey; Type: CONSTRAINT; Schema: public; Owner: postgres
--

ALTER TABLE ONLY public.wagtailcore_workflowtask
    ADD CONSTRAINT wagtailcore_workflowtask_pkey PRIMARY KEY (id);


--
-- Name: wagtailcore_workflowtask wagtailcore_workflowtask_workflow_id_task_id_4ec7a62b_uniq; Type: CONSTRAINT; Schema: public; Owner: postgres
--

ALTER TABLE ONLY public.wagtailcore_workflowtask
    ADD CONSTRAINT wagtailcore_workflowtask_workflow_id_task_id_4ec7a62b_uniq UNIQUE (workflow_id, task_id);


--
-- Name: wagtaildocs_document wagtaildocs_document_pkey; Type: CONSTRAINT; Schema: public; Owner: postgres
--

ALTER TABLE ONLY public.wagtaildocs_document
    ADD CONSTRAINT wagtaildocs_document_pkey PRIMARY KEY (id);


--
-- Name: wagtailembeds_embed wagtailembeds_embed_hash_c9bd8c9a_uniq; Type: CONSTRAINT; Schema: public; Owner: postgres
--

ALTER TABLE ONLY public.wagtailembeds_embed
    ADD CONSTRAINT wagtailembeds_embed_hash_c9bd8c9a_uniq UNIQUE (hash);


--
-- Name: wagtailembeds_embed wagtailembeds_embed_pkey; Type: CONSTRAINT; Schema: public; Owner: postgres
--

ALTER TABLE ONLY public.wagtailembeds_embed
    ADD CONSTRAINT wagtailembeds_embed_pkey PRIMARY KEY (id);


--
-- Name: wagtailforms_formsubmission wagtailforms_formsubmission_pkey; Type: CONSTRAINT; Schema: public; Owner: postgres
--

ALTER TABLE ONLY public.wagtailforms_formsubmission
    ADD CONSTRAINT wagtailforms_formsubmission_pkey PRIMARY KEY (id);


--
-- Name: wagtailimages_image wagtailimages_image_pkey; Type: CONSTRAINT; Schema: public; Owner: postgres
--

ALTER TABLE ONLY public.wagtailimages_image
    ADD CONSTRAINT wagtailimages_image_pkey PRIMARY KEY (id);


--
-- Name: wagtailimages_rendition wagtailimages_rendition_image_id_filter_spec_foc_323c8fe0_uniq; Type: CONSTRAINT; Schema: public; Owner: postgres
--

ALTER TABLE ONLY public.wagtailimages_rendition
    ADD CONSTRAINT wagtailimages_rendition_image_id_filter_spec_foc_323c8fe0_uniq UNIQUE (image_id, filter_spec, focal_point_key);


--
-- Name: wagtailimages_rendition wagtailimages_rendition_pkey; Type: CONSTRAINT; Schema: public; Owner: postgres
--

ALTER TABLE ONLY public.wagtailimages_rendition
    ADD CONSTRAINT wagtailimages_rendition_pkey PRIMARY KEY (id);


--
-- Name: wagtailredirects_redirect wagtailredirects_redirect_old_path_site_id_783622d7_uniq; Type: CONSTRAINT; Schema: public; Owner: postgres
--

ALTER TABLE ONLY public.wagtailredirects_redirect
    ADD CONSTRAINT wagtailredirects_redirect_old_path_site_id_783622d7_uniq UNIQUE (old_path, site_id);


--
-- Name: wagtailredirects_redirect wagtailredirects_redirect_pkey; Type: CONSTRAINT; Schema: public; Owner: postgres
--

ALTER TABLE ONLY public.wagtailredirects_redirect
    ADD CONSTRAINT wagtailredirects_redirect_pkey PRIMARY KEY (id);


--
-- Name: wagtailsearch_indexentry wagtailsearch_indexentry_content_type_id_object_i_bcd7ba73_uniq; Type: CONSTRAINT; Schema: public; Owner: postgres
--

ALTER TABLE ONLY public.wagtailsearch_indexentry
    ADD CONSTRAINT wagtailsearch_indexentry_content_type_id_object_i_bcd7ba73_uniq UNIQUE (content_type_id, object_id);


--
-- Name: wagtailsearch_indexentry wagtailsearch_indexentry_pkey; Type: CONSTRAINT; Schema: public; Owner: postgres
--

ALTER TABLE ONLY public.wagtailsearch_indexentry
    ADD CONSTRAINT wagtailsearch_indexentry_pkey PRIMARY KEY (id);


--
-- Name: wagtailusers_userprofile wagtailusers_userprofile_pkey; Type: CONSTRAINT; Schema: public; Owner: postgres
--

ALTER TABLE ONLY public.wagtailusers_userprofile
    ADD CONSTRAINT wagtailusers_userprofile_pkey PRIMARY KEY (id);


--
-- Name: wagtailusers_userprofile wagtailusers_userprofile_user_id_key; Type: CONSTRAINT; Schema: public; Owner: postgres
--

ALTER TABLE ONLY public.wagtailusers_userprofile
    ADD CONSTRAINT wagtailusers_userprofile_user_id_key UNIQUE (user_id);


--
-- Name: auth_group_name_a6ea08ec_like; Type: INDEX; Schema: public; Owner: postgres
--

CREATE INDEX auth_group_name_a6ea08ec_like ON public.auth_group USING btree (name varchar_pattern_ops);


--
-- Name: auth_group_permissions_group_id_b120cbf9; Type: INDEX; Schema: public; Owner: postgres
--

CREATE INDEX auth_group_permissions_group_id_b120cbf9 ON public.auth_group_permissions USING btree (group_id);


--
-- Name: auth_group_permissions_permission_id_84c5c92e; Type: INDEX; Schema: public; Owner: postgres
--

CREATE INDEX auth_group_permissions_permission_id_84c5c92e ON public.auth_group_permissions USING btree (permission_id);


--
-- Name: auth_permission_content_type_id_2f476e4b; Type: INDEX; Schema: public; Owner: postgres
--

CREATE INDEX auth_permission_content_type_id_2f476e4b ON public.auth_permission USING btree (content_type_id);


--
-- Name: auth_user_groups_group_id_97559544; Type: INDEX; Schema: public; Owner: postgres
--

CREATE INDEX auth_user_groups_group_id_97559544 ON public.auth_user_groups USING btree (group_id);


--
-- Name: auth_user_groups_user_id_6a12ed8b; Type: INDEX; Schema: public; Owner: postgres
--

CREATE INDEX auth_user_groups_user_id_6a12ed8b ON public.auth_user_groups USING btree (user_id);


--
-- Name: auth_user_user_permissions_permission_id_1fbb5f2c; Type: INDEX; Schema: public; Owner: postgres
--

CREATE INDEX auth_user_user_permissions_permission_id_1fbb5f2c ON public.auth_user_user_permissions USING btree (permission_id);


--
-- Name: auth_user_user_permissions_user_id_a95ead1b; Type: INDEX; Schema: public; Owner: postgres
--

CREATE INDEX auth_user_user_permissions_user_id_a95ead1b ON public.auth_user_user_permissions USING btree (user_id);


--
-- Name: auth_user_username_6821ab7c_like; Type: INDEX; Schema: public; Owner: postgres
--

CREATE INDEX auth_user_username_6821ab7c_like ON public.auth_user USING btree (username varchar_pattern_ops);


--
-- Name: base_content_object_idx; Type: INDEX; Schema: public; Owner: postgres
--

CREATE INDEX base_content_object_idx ON public.wagtailcore_revision USING btree (base_content_type_id, object_id);


--
-- Name: content_object_idx; Type: INDEX; Schema: public; Owner: postgres
--

CREATE INDEX content_object_idx ON public.wagtailcore_revision USING btree (content_type_id, object_id);


--
-- Name: core_jurnalarticlegalleryimage_image_id_fe2564c1; Type: INDEX; Schema: public; Owner: postgres
--

CREATE INDEX core_jurnalarticlegalleryimage_image_id_fe2564c1 ON public.core_jurnalarticlegalleryimage USING btree (image_id);


--
-- Name: core_jurnalarticlegalleryimage_page_id_8b02d40b; Type: INDEX; Schema: public; Owner: postgres
--

CREATE INDEX core_jurnalarticlegalleryimage_page_id_8b02d40b ON public.core_jurnalarticlegalleryimage USING btree (page_id);


--
-- Name: core_jurnalarticlepage_hero_image_id_40710eca; Type: INDEX; Schema: public; Owner: postgres
--

CREATE INDEX core_jurnalarticlepage_hero_image_id_40710eca ON public.core_jurnalarticlepage USING btree (hero_image_id);


--
-- Name: core_mainpagecontent_filosofie_image_2_id_8bbc3cbe; Type: INDEX; Schema: public; Owner: postgres
--

CREATE INDEX core_mainpagecontent_filosofie_image_2_id_8bbc3cbe ON public.core_mainpagecontent USING btree (filosofie_image_2_id);


--
-- Name: core_mainpagecontent_hero_bg_image_id_9cd882a5; Type: INDEX; Schema: public; Owner: postgres
--

CREATE INDEX core_mainpagecontent_hero_bg_image_id_9cd882a5 ON public.core_mainpagecontent USING btree (hero_bg_image_id);


--
-- Name: core_mainpagecontent_spatiul_image_1_id_b2083c61; Type: INDEX; Schema: public; Owner: postgres
--

CREATE INDEX core_mainpagecontent_spatiul_image_1_id_b2083c61 ON public.core_mainpagecontent USING btree (spatiul_image_1_id);


--
-- Name: core_membershipapplication_created_at_b9d0c7b9; Type: INDEX; Schema: public; Owner: postgres
--

CREATE INDEX core_membershipapplication_created_at_b9d0c7b9 ON public.core_membershipapplication USING btree (created_at);


--
-- Name: core_membershipapplication_email_3355e50a; Type: INDEX; Schema: public; Owner: postgres
--

CREATE INDEX core_membershipapplication_email_3355e50a ON public.core_membershipapplication USING btree (email);


--
-- Name: core_membershipapplication_email_3355e50a_like; Type: INDEX; Schema: public; Owner: postgres
--

CREATE INDEX core_membershipapplication_email_3355e50a_like ON public.core_membershipapplication USING btree (email varchar_pattern_ops);


--
-- Name: core_membershipqaitem_application_id_961d615f; Type: INDEX; Schema: public; Owner: postgres
--

CREATE INDEX core_membershipqaitem_application_id_961d615f ON public.core_membershipqaitem USING btree (application_id);


--
-- Name: core_membershipquestion_key_e5643465_like; Type: INDEX; Schema: public; Owner: postgres
--

CREATE INDEX core_membershipquestion_key_e5643465_like ON public.core_membershipquestion USING btree (key varchar_pattern_ops);


--
-- Name: core_newslettersubscriber_created_at_e98e070f; Type: INDEX; Schema: public; Owner: postgres
--

CREATE INDEX core_newslettersubscriber_created_at_e98e070f ON public.core_newslettersubscriber USING btree (created_at);


--
-- Name: core_newslettersubscriber_email_c9d9dbd8_like; Type: INDEX; Schema: public; Owner: postgres
--

CREATE INDEX core_newslettersubscriber_email_c9d9dbd8_like ON public.core_newslettersubscriber USING btree (email varchar_pattern_ops);


--
-- Name: django_admin_log_content_type_id_c4bce8eb; Type: INDEX; Schema: public; Owner: postgres
--

CREATE INDEX django_admin_log_content_type_id_c4bce8eb ON public.django_admin_log USING btree (content_type_id);


--
-- Name: django_admin_log_user_id_c564eba6; Type: INDEX; Schema: public; Owner: postgres
--

CREATE INDEX django_admin_log_user_id_c564eba6 ON public.django_admin_log USING btree (user_id);


--
-- Name: django_session_expire_date_a5c62663; Type: INDEX; Schema: public; Owner: postgres
--

CREATE INDEX django_session_expire_date_a5c62663 ON public.django_session USING btree (expire_date);


--
-- Name: django_session_session_key_c0390e0f_like; Type: INDEX; Schema: public; Owner: postgres
--

CREATE INDEX django_session_session_key_c0390e0f_like ON public.django_session USING btree (session_key varchar_pattern_ops);


--
-- Name: referenceindex_source_object; Type: INDEX; Schema: public; Owner: postgres
--

CREATE INDEX referenceindex_source_object ON public.wagtailcore_referenceindex USING btree (base_content_type_id, object_id);


--
-- Name: referenceindex_target_object; Type: INDEX; Schema: public; Owner: postgres
--

CREATE INDEX referenceindex_target_object ON public.wagtailcore_referenceindex USING btree (to_content_type_id, to_object_id);


--
-- Name: taggit_tag_name_58eb2ed9_like; Type: INDEX; Schema: public; Owner: postgres
--

CREATE INDEX taggit_tag_name_58eb2ed9_like ON public.taggit_tag USING btree (name varchar_pattern_ops);


--
-- Name: taggit_tag_slug_6be58b2c_like; Type: INDEX; Schema: public; Owner: postgres
--

CREATE INDEX taggit_tag_slug_6be58b2c_like ON public.taggit_tag USING btree (slug varchar_pattern_ops);


--
-- Name: taggit_tagg_content_8fc721_idx; Type: INDEX; Schema: public; Owner: postgres
--

CREATE INDEX taggit_tagg_content_8fc721_idx ON public.taggit_taggeditem USING btree (content_type_id, object_id);


--
-- Name: taggit_taggeditem_content_type_id_9957a03c; Type: INDEX; Schema: public; Owner: postgres
--

CREATE INDEX taggit_taggeditem_content_type_id_9957a03c ON public.taggit_taggeditem USING btree (content_type_id);


--
-- Name: taggit_taggeditem_object_id_e2d7d1df; Type: INDEX; Schema: public; Owner: postgres
--

CREATE INDEX taggit_taggeditem_object_id_e2d7d1df ON public.taggit_taggeditem USING btree (object_id);


--
-- Name: taggit_taggeditem_tag_id_f4f5b767; Type: INDEX; Schema: public; Owner: postgres
--

CREATE INDEX taggit_taggeditem_tag_id_f4f5b767 ON public.taggit_taggeditem USING btree (tag_id);


--
-- Name: unique_in_progress_workflow; Type: INDEX; Schema: public; Owner: postgres
--

CREATE UNIQUE INDEX unique_in_progress_workflow ON public.wagtailcore_workflowstate USING btree (base_content_type_id, object_id) WHERE ((status)::text = ANY ((ARRAY['in_progress'::character varying, 'needs_changes'::character varying])::text[]));


--
-- Name: wagtailadmi_content_717955_idx; Type: INDEX; Schema: public; Owner: postgres
--

CREATE INDEX wagtailadmi_content_717955_idx ON public.wagtailadmin_editingsession USING btree (content_type_id, object_id);


--
-- Name: wagtailadmin_editingsession_content_type_id_4df7730e; Type: INDEX; Schema: public; Owner: postgres
--

CREATE INDEX wagtailadmin_editingsession_content_type_id_4df7730e ON public.wagtailadmin_editingsession USING btree (content_type_id);


--
-- Name: wagtailadmin_editingsession_user_id_6e1a9b70; Type: INDEX; Schema: public; Owner: postgres
--

CREATE INDEX wagtailadmin_editingsession_user_id_6e1a9b70 ON public.wagtailadmin_editingsession USING btree (user_id);


--
-- Name: wagtailcore_collection_path_d848dc19_like; Type: INDEX; Schema: public; Owner: postgres
--

CREATE INDEX wagtailcore_collection_path_d848dc19_like ON public.wagtailcore_collection USING btree (path varchar_pattern_ops);


--
-- Name: wagtailcore_collectionview_collectionviewrestriction__47320efd; Type: INDEX; Schema: public; Owner: postgres
--

CREATE INDEX wagtailcore_collectionview_collectionviewrestriction__47320efd ON public.wagtailcore_collectionviewrestriction_groups USING btree (collectionviewrestriction_id);


--
-- Name: wagtailcore_collectionviewrestriction_collection_id_761908ec; Type: INDEX; Schema: public; Owner: postgres
--

CREATE INDEX wagtailcore_collectionviewrestriction_collection_id_761908ec ON public.wagtailcore_collectionviewrestriction USING btree (collection_id);


--
-- Name: wagtailcore_collectionviewrestriction_groups_group_id_1823f2a3; Type: INDEX; Schema: public; Owner: postgres
--

CREATE INDEX wagtailcore_collectionviewrestriction_groups_group_id_1823f2a3 ON public.wagtailcore_collectionviewrestriction_groups USING btree (group_id);


--
-- Name: wagtailcore_comment_page_id_108444b5; Type: INDEX; Schema: public; Owner: postgres
--

CREATE INDEX wagtailcore_comment_page_id_108444b5 ON public.wagtailcore_comment USING btree (page_id);


--
-- Name: wagtailcore_comment_resolved_by_id_a282aa0e; Type: INDEX; Schema: public; Owner: postgres
--

CREATE INDEX wagtailcore_comment_resolved_by_id_a282aa0e ON public.wagtailcore_comment USING btree (resolved_by_id);


--
-- Name: wagtailcore_comment_revision_created_id_1d058279; Type: INDEX; Schema: public; Owner: postgres
--

CREATE INDEX wagtailcore_comment_revision_created_id_1d058279 ON public.wagtailcore_comment USING btree (revision_created_id);


--
-- Name: wagtailcore_comment_user_id_0c577ca6; Type: INDEX; Schema: public; Owner: postgres
--

CREATE INDEX wagtailcore_comment_user_id_0c577ca6 ON public.wagtailcore_comment USING btree (user_id);


--
-- Name: wagtailcore_commentreply_comment_id_afc7e027; Type: INDEX; Schema: public; Owner: postgres
--

CREATE INDEX wagtailcore_commentreply_comment_id_afc7e027 ON public.wagtailcore_commentreply USING btree (comment_id);


--
-- Name: wagtailcore_commentreply_user_id_d0b3b9c3; Type: INDEX; Schema: public; Owner: postgres
--

CREATE INDEX wagtailcore_commentreply_user_id_d0b3b9c3 ON public.wagtailcore_commentreply USING btree (user_id);


--
-- Name: wagtailcore_groupapprovalt_groupapprovaltask_id_9a9255ea; Type: INDEX; Schema: public; Owner: postgres
--

CREATE INDEX wagtailcore_groupapprovalt_groupapprovaltask_id_9a9255ea ON public.wagtailcore_groupapprovaltask_groups USING btree (groupapprovaltask_id);


--
-- Name: wagtailcore_groupapprovaltask_groups_group_id_2e64b61f; Type: INDEX; Schema: public; Owner: postgres
--

CREATE INDEX wagtailcore_groupapprovaltask_groups_group_id_2e64b61f ON public.wagtailcore_groupapprovaltask_groups USING btree (group_id);


--
-- Name: wagtailcore_groupcollectionpermission_collection_id_5423575a; Type: INDEX; Schema: public; Owner: postgres
--

CREATE INDEX wagtailcore_groupcollectionpermission_collection_id_5423575a ON public.wagtailcore_groupcollectionpermission USING btree (collection_id);


--
-- Name: wagtailcore_groupcollectionpermission_group_id_05d61460; Type: INDEX; Schema: public; Owner: postgres
--

CREATE INDEX wagtailcore_groupcollectionpermission_group_id_05d61460 ON public.wagtailcore_groupcollectionpermission USING btree (group_id);


--
-- Name: wagtailcore_groupcollectionpermission_permission_id_1b626275; Type: INDEX; Schema: public; Owner: postgres
--

CREATE INDEX wagtailcore_groupcollectionpermission_permission_id_1b626275 ON public.wagtailcore_groupcollectionpermission USING btree (permission_id);


--
-- Name: wagtailcore_grouppagepermission_group_id_fc07e671; Type: INDEX; Schema: public; Owner: postgres
--

CREATE INDEX wagtailcore_grouppagepermission_group_id_fc07e671 ON public.wagtailcore_grouppagepermission USING btree (group_id);


--
-- Name: wagtailcore_grouppagepermission_page_id_710b114a; Type: INDEX; Schema: public; Owner: postgres
--

CREATE INDEX wagtailcore_grouppagepermission_page_id_710b114a ON public.wagtailcore_grouppagepermission USING btree (page_id);


--
-- Name: wagtailcore_grouppagepermission_permission_id_05acb22e; Type: INDEX; Schema: public; Owner: postgres
--

CREATE INDEX wagtailcore_grouppagepermission_permission_id_05acb22e ON public.wagtailcore_grouppagepermission USING btree (permission_id);


--
-- Name: wagtailcore_groupsitepermission_group_id_e5cdbee4; Type: INDEX; Schema: public; Owner: postgres
--

CREATE INDEX wagtailcore_groupsitepermission_group_id_e5cdbee4 ON public.wagtailcore_groupsitepermission USING btree (group_id);


--
-- Name: wagtailcore_groupsitepermission_permission_id_459b1f38; Type: INDEX; Schema: public; Owner: postgres
--

CREATE INDEX wagtailcore_groupsitepermission_permission_id_459b1f38 ON public.wagtailcore_groupsitepermission USING btree (permission_id);


--
-- Name: wagtailcore_groupsitepermission_site_id_245de488; Type: INDEX; Schema: public; Owner: postgres
--

CREATE INDEX wagtailcore_groupsitepermission_site_id_245de488 ON public.wagtailcore_groupsitepermission USING btree (site_id);


--
-- Name: wagtailcore_locale_language_code_03149338_like; Type: INDEX; Schema: public; Owner: postgres
--

CREATE INDEX wagtailcore_locale_language_code_03149338_like ON public.wagtailcore_locale USING btree (language_code varchar_pattern_ops);


--
-- Name: wagtailcore_modellogentry_action_d2d856ee; Type: INDEX; Schema: public; Owner: postgres
--

CREATE INDEX wagtailcore_modellogentry_action_d2d856ee ON public.wagtailcore_modellogentry USING btree (action);


--
-- Name: wagtailcore_modellogentry_action_d2d856ee_like; Type: INDEX; Schema: public; Owner: postgres
--

CREATE INDEX wagtailcore_modellogentry_action_d2d856ee_like ON public.wagtailcore_modellogentry USING btree (action varchar_pattern_ops);


--
-- Name: wagtailcore_modellogentry_content_changed_8bc39742; Type: INDEX; Schema: public; Owner: postgres
--

CREATE INDEX wagtailcore_modellogentry_content_changed_8bc39742 ON public.wagtailcore_modellogentry USING btree (content_changed);


--
-- Name: wagtailcore_modellogentry_content_type_id_68849e77; Type: INDEX; Schema: public; Owner: postgres
--

CREATE INDEX wagtailcore_modellogentry_content_type_id_68849e77 ON public.wagtailcore_modellogentry USING btree (content_type_id);


--
-- Name: wagtailcore_modellogentry_object_id_e0e7d4ef; Type: INDEX; Schema: public; Owner: postgres
--

CREATE INDEX wagtailcore_modellogentry_object_id_e0e7d4ef ON public.wagtailcore_modellogentry USING btree (object_id);


--
-- Name: wagtailcore_modellogentry_object_id_e0e7d4ef_like; Type: INDEX; Schema: public; Owner: postgres
--

CREATE INDEX wagtailcore_modellogentry_object_id_e0e7d4ef_like ON public.wagtailcore_modellogentry USING btree (object_id varchar_pattern_ops);


--
-- Name: wagtailcore_modellogentry_revision_id_df6ca33a; Type: INDEX; Schema: public; Owner: postgres
--

CREATE INDEX wagtailcore_modellogentry_revision_id_df6ca33a ON public.wagtailcore_modellogentry USING btree (revision_id);


--
-- Name: wagtailcore_modellogentry_timestamp_9694521b; Type: INDEX; Schema: public; Owner: postgres
--

CREATE INDEX wagtailcore_modellogentry_timestamp_9694521b ON public.wagtailcore_modellogentry USING btree ("timestamp");


--
-- Name: wagtailcore_modellogentry_user_id_0278d1bf; Type: INDEX; Schema: public; Owner: postgres
--

CREATE INDEX wagtailcore_modellogentry_user_id_0278d1bf ON public.wagtailcore_modellogentry USING btree (user_id);


--
-- Name: wagtailcore_page_alias_of_id_12945502; Type: INDEX; Schema: public; Owner: postgres
--

CREATE INDEX wagtailcore_page_alias_of_id_12945502 ON public.wagtailcore_page USING btree (alias_of_id);


--
-- Name: wagtailcore_page_content_type_id_c28424df; Type: INDEX; Schema: public; Owner: postgres
--

CREATE INDEX wagtailcore_page_content_type_id_c28424df ON public.wagtailcore_page USING btree (content_type_id);


--
-- Name: wagtailcore_page_first_published_at_2b5dd637; Type: INDEX; Schema: public; Owner: postgres
--

CREATE INDEX wagtailcore_page_first_published_at_2b5dd637 ON public.wagtailcore_page USING btree (first_published_at);


--
-- Name: wagtailcore_page_latest_revision_id_e60fef51; Type: INDEX; Schema: public; Owner: postgres
--

CREATE INDEX wagtailcore_page_latest_revision_id_e60fef51 ON public.wagtailcore_page USING btree (latest_revision_id);


--
-- Name: wagtailcore_page_live_revision_id_930bd822; Type: INDEX; Schema: public; Owner: postgres
--

CREATE INDEX wagtailcore_page_live_revision_id_930bd822 ON public.wagtailcore_page USING btree (live_revision_id);


--
-- Name: wagtailcore_page_locale_id_3c7e30a6; Type: INDEX; Schema: public; Owner: postgres
--

CREATE INDEX wagtailcore_page_locale_id_3c7e30a6 ON public.wagtailcore_page USING btree (locale_id);


--
-- Name: wagtailcore_page_locked_by_id_bcb86245; Type: INDEX; Schema: public; Owner: postgres
--

CREATE INDEX wagtailcore_page_locked_by_id_bcb86245 ON public.wagtailcore_page USING btree (locked_by_id);


--
-- Name: wagtailcore_page_owner_id_fbf7c332; Type: INDEX; Schema: public; Owner: postgres
--

CREATE INDEX wagtailcore_page_owner_id_fbf7c332 ON public.wagtailcore_page USING btree (owner_id);


--
-- Name: wagtailcore_page_path_98eba2c8_like; Type: INDEX; Schema: public; Owner: postgres
--

CREATE INDEX wagtailcore_page_path_98eba2c8_like ON public.wagtailcore_page USING btree (path varchar_pattern_ops);


--
-- Name: wagtailcore_page_slug_e7c11b8f; Type: INDEX; Schema: public; Owner: postgres
--

CREATE INDEX wagtailcore_page_slug_e7c11b8f ON public.wagtailcore_page USING btree (slug);


--
-- Name: wagtailcore_page_slug_e7c11b8f_like; Type: INDEX; Schema: public; Owner: postgres
--

CREATE INDEX wagtailcore_page_slug_e7c11b8f_like ON public.wagtailcore_page USING btree (slug varchar_pattern_ops);


--
-- Name: wagtailcore_pagelogentry_action_c2408198; Type: INDEX; Schema: public; Owner: postgres
--

CREATE INDEX wagtailcore_pagelogentry_action_c2408198 ON public.wagtailcore_pagelogentry USING btree (action);


--
-- Name: wagtailcore_pagelogentry_action_c2408198_like; Type: INDEX; Schema: public; Owner: postgres
--

CREATE INDEX wagtailcore_pagelogentry_action_c2408198_like ON public.wagtailcore_pagelogentry USING btree (action varchar_pattern_ops);


--
-- Name: wagtailcore_pagelogentry_content_changed_99f27ade; Type: INDEX; Schema: public; Owner: postgres
--

CREATE INDEX wagtailcore_pagelogentry_content_changed_99f27ade ON public.wagtailcore_pagelogentry USING btree (content_changed);


--
-- Name: wagtailcore_pagelogentry_content_type_id_74e7708a; Type: INDEX; Schema: public; Owner: postgres
--

CREATE INDEX wagtailcore_pagelogentry_content_type_id_74e7708a ON public.wagtailcore_pagelogentry USING btree (content_type_id);


--
-- Name: wagtailcore_pagelogentry_page_id_8464e327; Type: INDEX; Schema: public; Owner: postgres
--

CREATE INDEX wagtailcore_pagelogentry_page_id_8464e327 ON public.wagtailcore_pagelogentry USING btree (page_id);


--
-- Name: wagtailcore_pagelogentry_revision_id_8043d103; Type: INDEX; Schema: public; Owner: postgres
--

CREATE INDEX wagtailcore_pagelogentry_revision_id_8043d103 ON public.wagtailcore_pagelogentry USING btree (revision_id);


--
-- Name: wagtailcore_pagelogentry_timestamp_deb774c4; Type: INDEX; Schema: public; Owner: postgres
--

CREATE INDEX wagtailcore_pagelogentry_timestamp_deb774c4 ON public.wagtailcore_pagelogentry USING btree ("timestamp");


--
-- Name: wagtailcore_pagelogentry_user_id_604ccfd8; Type: INDEX; Schema: public; Owner: postgres
--

CREATE INDEX wagtailcore_pagelogentry_user_id_604ccfd8 ON public.wagtailcore_pagelogentry USING btree (user_id);


--
-- Name: wagtailcore_pagerevision_approved_go_live_at_e56afc67; Type: INDEX; Schema: public; Owner: postgres
--

CREATE INDEX wagtailcore_pagerevision_approved_go_live_at_e56afc67 ON public.wagtailcore_revision USING btree (approved_go_live_at);


--
-- Name: wagtailcore_pagerevision_created_at_66954e3b; Type: INDEX; Schema: public; Owner: postgres
--

CREATE INDEX wagtailcore_pagerevision_created_at_66954e3b ON public.wagtailcore_revision USING btree (created_at);


--
-- Name: wagtailcore_pagerevision_user_id_2409d2f4; Type: INDEX; Schema: public; Owner: postgres
--

CREATE INDEX wagtailcore_pagerevision_user_id_2409d2f4 ON public.wagtailcore_revision USING btree (user_id);


--
-- Name: wagtailcore_pagesubscription_page_id_a085e7a6; Type: INDEX; Schema: public; Owner: postgres
--

CREATE INDEX wagtailcore_pagesubscription_page_id_a085e7a6 ON public.wagtailcore_pagesubscription USING btree (page_id);


--
-- Name: wagtailcore_pagesubscription_user_id_89d7def9; Type: INDEX; Schema: public; Owner: postgres
--

CREATE INDEX wagtailcore_pagesubscription_user_id_89d7def9 ON public.wagtailcore_pagesubscription USING btree (user_id);


--
-- Name: wagtailcore_pageviewrestri_pageviewrestriction_id_f147a99a; Type: INDEX; Schema: public; Owner: postgres
--

CREATE INDEX wagtailcore_pageviewrestri_pageviewrestriction_id_f147a99a ON public.wagtailcore_pageviewrestriction_groups USING btree (pageviewrestriction_id);


--
-- Name: wagtailcore_pageviewrestriction_groups_group_id_6460f223; Type: INDEX; Schema: public; Owner: postgres
--

CREATE INDEX wagtailcore_pageviewrestriction_groups_group_id_6460f223 ON public.wagtailcore_pageviewrestriction_groups USING btree (group_id);


--
-- Name: wagtailcore_pageviewrestriction_page_id_15a8bea6; Type: INDEX; Schema: public; Owner: postgres
--

CREATE INDEX wagtailcore_pageviewrestriction_page_id_15a8bea6 ON public.wagtailcore_pageviewrestriction USING btree (page_id);


--
-- Name: wagtailcore_referenceindex_base_content_type_id_313cf40f; Type: INDEX; Schema: public; Owner: postgres
--

CREATE INDEX wagtailcore_referenceindex_base_content_type_id_313cf40f ON public.wagtailcore_referenceindex USING btree (base_content_type_id);


--
-- Name: wagtailcore_referenceindex_content_type_id_766e0336; Type: INDEX; Schema: public; Owner: postgres
--

CREATE INDEX wagtailcore_referenceindex_content_type_id_766e0336 ON public.wagtailcore_referenceindex USING btree (content_type_id);


--
-- Name: wagtailcore_referenceindex_to_content_type_id_93690bbd; Type: INDEX; Schema: public; Owner: postgres
--

CREATE INDEX wagtailcore_referenceindex_to_content_type_id_93690bbd ON public.wagtailcore_referenceindex USING btree (to_content_type_id);


--
-- Name: wagtailcore_revision_base_content_type_id_5b4ef7bd; Type: INDEX; Schema: public; Owner: postgres
--

CREATE INDEX wagtailcore_revision_base_content_type_id_5b4ef7bd ON public.wagtailcore_revision USING btree (base_content_type_id);


--
-- Name: wagtailcore_revision_content_type_id_c8cb69c0; Type: INDEX; Schema: public; Owner: postgres
--

CREATE INDEX wagtailcore_revision_content_type_id_c8cb69c0 ON public.wagtailcore_revision USING btree (content_type_id);


--
-- Name: wagtailcore_site_hostname_96b20b46; Type: INDEX; Schema: public; Owner: postgres
--

CREATE INDEX wagtailcore_site_hostname_96b20b46 ON public.wagtailcore_site USING btree (hostname);


--
-- Name: wagtailcore_site_hostname_96b20b46_like; Type: INDEX; Schema: public; Owner: postgres
--

CREATE INDEX wagtailcore_site_hostname_96b20b46_like ON public.wagtailcore_site USING btree (hostname varchar_pattern_ops);


--
-- Name: wagtailcore_site_root_page_id_e02fb95c; Type: INDEX; Schema: public; Owner: postgres
--

CREATE INDEX wagtailcore_site_root_page_id_e02fb95c ON public.wagtailcore_site USING btree (root_page_id);


--
-- Name: wagtailcore_task_content_type_id_249ab8ba; Type: INDEX; Schema: public; Owner: postgres
--

CREATE INDEX wagtailcore_task_content_type_id_249ab8ba ON public.wagtailcore_task USING btree (content_type_id);


--
-- Name: wagtailcore_taskstate_content_type_id_0a758fdc; Type: INDEX; Schema: public; Owner: postgres
--

CREATE INDEX wagtailcore_taskstate_content_type_id_0a758fdc ON public.wagtailcore_taskstate USING btree (content_type_id);


--
-- Name: wagtailcore_taskstate_finished_by_id_13f98229; Type: INDEX; Schema: public; Owner: postgres
--

CREATE INDEX wagtailcore_taskstate_finished_by_id_13f98229 ON public.wagtailcore_taskstate USING btree (finished_by_id);


--
-- Name: wagtailcore_taskstate_page_revision_id_9f52c88e; Type: INDEX; Schema: public; Owner: postgres
--

CREATE INDEX wagtailcore_taskstate_page_revision_id_9f52c88e ON public.wagtailcore_taskstate USING btree (revision_id);


--
-- Name: wagtailcore_taskstate_task_id_c3677c34; Type: INDEX; Schema: public; Owner: postgres
--

CREATE INDEX wagtailcore_taskstate_task_id_c3677c34 ON public.wagtailcore_taskstate USING btree (task_id);


--
-- Name: wagtailcore_taskstate_workflow_state_id_9239a775; Type: INDEX; Schema: public; Owner: postgres
--

CREATE INDEX wagtailcore_taskstate_workflow_state_id_9239a775 ON public.wagtailcore_taskstate USING btree (workflow_state_id);


--
-- Name: wagtailcore_uploadedfile_for_content_type_id_b0fc87b2; Type: INDEX; Schema: public; Owner: postgres
--

CREATE INDEX wagtailcore_uploadedfile_for_content_type_id_b0fc87b2 ON public.wagtailcore_uploadedfile USING btree (for_content_type_id);


--
-- Name: wagtailcore_uploadedfile_uploaded_by_user_id_c7580fe8; Type: INDEX; Schema: public; Owner: postgres
--

CREATE INDEX wagtailcore_uploadedfile_uploaded_by_user_id_c7580fe8 ON public.wagtailcore_uploadedfile USING btree (uploaded_by_user_id);


--
-- Name: wagtailcore_workflowcontenttype_workflow_id_9aad7cd2; Type: INDEX; Schema: public; Owner: postgres
--

CREATE INDEX wagtailcore_workflowcontenttype_workflow_id_9aad7cd2 ON public.wagtailcore_workflowcontenttype USING btree (workflow_id);


--
-- Name: wagtailcore_workflowpage_workflow_id_56f56ff6; Type: INDEX; Schema: public; Owner: postgres
--

CREATE INDEX wagtailcore_workflowpage_workflow_id_56f56ff6 ON public.wagtailcore_workflowpage USING btree (workflow_id);


--
-- Name: wagtailcore_workflowstate_base_content_type_id_a30dc576; Type: INDEX; Schema: public; Owner: postgres
--

CREATE INDEX wagtailcore_workflowstate_base_content_type_id_a30dc576 ON public.wagtailcore_workflowstate USING btree (base_content_type_id);


--
-- Name: wagtailcore_workflowstate_content_type_id_2bb78ce1; Type: INDEX; Schema: public; Owner: postgres
--

CREATE INDEX wagtailcore_workflowstate_content_type_id_2bb78ce1 ON public.wagtailcore_workflowstate USING btree (content_type_id);


--
-- Name: wagtailcore_workflowstate_requested_by_id_4090bca3; Type: INDEX; Schema: public; Owner: postgres
--

CREATE INDEX wagtailcore_workflowstate_requested_by_id_4090bca3 ON public.wagtailcore_workflowstate USING btree (requested_by_id);


--
-- Name: wagtailcore_workflowstate_workflow_id_1f18378f; Type: INDEX; Schema: public; Owner: postgres
--

CREATE INDEX wagtailcore_workflowstate_workflow_id_1f18378f ON public.wagtailcore_workflowstate USING btree (workflow_id);


--
-- Name: wagtailcore_workflowtask_task_id_ce7716fe; Type: INDEX; Schema: public; Owner: postgres
--

CREATE INDEX wagtailcore_workflowtask_task_id_ce7716fe ON public.wagtailcore_workflowtask USING btree (task_id);


--
-- Name: wagtailcore_workflowtask_workflow_id_b9717175; Type: INDEX; Schema: public; Owner: postgres
--

CREATE INDEX wagtailcore_workflowtask_workflow_id_b9717175 ON public.wagtailcore_workflowtask USING btree (workflow_id);


--
-- Name: wagtaildocs_document_collection_id_23881625; Type: INDEX; Schema: public; Owner: postgres
--

CREATE INDEX wagtaildocs_document_collection_id_23881625 ON public.wagtaildocs_document USING btree (collection_id);


--
-- Name: wagtaildocs_document_uploaded_by_user_id_17258b41; Type: INDEX; Schema: public; Owner: postgres
--

CREATE INDEX wagtaildocs_document_uploaded_by_user_id_17258b41 ON public.wagtaildocs_document USING btree (uploaded_by_user_id);


--
-- Name: wagtailembeds_embed_cache_until_26c94bb0; Type: INDEX; Schema: public; Owner: postgres
--

CREATE INDEX wagtailembeds_embed_cache_until_26c94bb0 ON public.wagtailembeds_embed USING btree (cache_until);


--
-- Name: wagtailembeds_embed_hash_c9bd8c9a_like; Type: INDEX; Schema: public; Owner: postgres
--

CREATE INDEX wagtailembeds_embed_hash_c9bd8c9a_like ON public.wagtailembeds_embed USING btree (hash varchar_pattern_ops);


--
-- Name: wagtailforms_formsubmission_page_id_e48e93e7; Type: INDEX; Schema: public; Owner: postgres
--

CREATE INDEX wagtailforms_formsubmission_page_id_e48e93e7 ON public.wagtailforms_formsubmission USING btree (page_id);


--
-- Name: wagtailimages_image_collection_id_c2f8af7e; Type: INDEX; Schema: public; Owner: postgres
--

CREATE INDEX wagtailimages_image_collection_id_c2f8af7e ON public.wagtailimages_image USING btree (collection_id);


--
-- Name: wagtailimages_image_created_at_86fa6cd4; Type: INDEX; Schema: public; Owner: postgres
--

CREATE INDEX wagtailimages_image_created_at_86fa6cd4 ON public.wagtailimages_image USING btree (created_at);


--
-- Name: wagtailimages_image_file_hash_fb5bbb23; Type: INDEX; Schema: public; Owner: postgres
--

CREATE INDEX wagtailimages_image_file_hash_fb5bbb23 ON public.wagtailimages_image USING btree (file_hash);


--
-- Name: wagtailimages_image_file_hash_fb5bbb23_like; Type: INDEX; Schema: public; Owner: postgres
--

CREATE INDEX wagtailimages_image_file_hash_fb5bbb23_like ON public.wagtailimages_image USING btree (file_hash varchar_pattern_ops);


--
-- Name: wagtailimages_image_uploaded_by_user_id_5d73dc75; Type: INDEX; Schema: public; Owner: postgres
--

CREATE INDEX wagtailimages_image_uploaded_by_user_id_5d73dc75 ON public.wagtailimages_image USING btree (uploaded_by_user_id);


--
-- Name: wagtailimages_rendition_filter_spec_1cba3201; Type: INDEX; Schema: public; Owner: postgres
--

CREATE INDEX wagtailimages_rendition_filter_spec_1cba3201 ON public.wagtailimages_rendition USING btree (filter_spec);


--
-- Name: wagtailimages_rendition_filter_spec_1cba3201_like; Type: INDEX; Schema: public; Owner: postgres
--

CREATE INDEX wagtailimages_rendition_filter_spec_1cba3201_like ON public.wagtailimages_rendition USING btree (filter_spec varchar_pattern_ops);


--
-- Name: wagtailimages_rendition_image_id_3e1fd774; Type: INDEX; Schema: public; Owner: postgres
--

CREATE INDEX wagtailimages_rendition_image_id_3e1fd774 ON public.wagtailimages_rendition USING btree (image_id);


--
-- Name: wagtailredirects_redirect_old_path_bb35247b; Type: INDEX; Schema: public; Owner: postgres
--

CREATE INDEX wagtailredirects_redirect_old_path_bb35247b ON public.wagtailredirects_redirect USING btree (old_path);


--
-- Name: wagtailredirects_redirect_old_path_bb35247b_like; Type: INDEX; Schema: public; Owner: postgres
--

CREATE INDEX wagtailredirects_redirect_old_path_bb35247b_like ON public.wagtailredirects_redirect USING btree (old_path varchar_pattern_ops);


--
-- Name: wagtailredirects_redirect_redirect_page_id_b5728a8f; Type: INDEX; Schema: public; Owner: postgres
--

CREATE INDEX wagtailredirects_redirect_redirect_page_id_b5728a8f ON public.wagtailredirects_redirect USING btree (redirect_page_id);


--
-- Name: wagtailredirects_redirect_site_id_780a0e1e; Type: INDEX; Schema: public; Owner: postgres
--

CREATE INDEX wagtailredirects_redirect_site_id_780a0e1e ON public.wagtailredirects_redirect USING btree (site_id);


--
-- Name: wagtailsear_autocom_476c89_gin; Type: INDEX; Schema: public; Owner: postgres
--

CREATE INDEX wagtailsear_autocom_476c89_gin ON public.wagtailsearch_indexentry USING gin (autocomplete);


--
-- Name: wagtailsear_body_90c85d_gin; Type: INDEX; Schema: public; Owner: postgres
--

CREATE INDEX wagtailsear_body_90c85d_gin ON public.wagtailsearch_indexentry USING gin (body);


--
-- Name: wagtailsear_title_9caae0_gin; Type: INDEX; Schema: public; Owner: postgres
--

CREATE INDEX wagtailsear_title_9caae0_gin ON public.wagtailsearch_indexentry USING gin (title);


--
-- Name: wagtailsearch_indexentry_content_type_id_62ed694f; Type: INDEX; Schema: public; Owner: postgres
--

CREATE INDEX wagtailsearch_indexentry_content_type_id_62ed694f ON public.wagtailsearch_indexentry USING btree (content_type_id);


--
-- Name: workflowstate_base_ct_id_idx; Type: INDEX; Schema: public; Owner: postgres
--

CREATE INDEX workflowstate_base_ct_id_idx ON public.wagtailcore_workflowstate USING btree (base_content_type_id, object_id);


--
-- Name: workflowstate_ct_id_idx; Type: INDEX; Schema: public; Owner: postgres
--

CREATE INDEX workflowstate_ct_id_idx ON public.wagtailcore_workflowstate USING btree (content_type_id, object_id);


--
-- Name: auth_group_permissions auth_group_permissio_permission_id_84c5c92e_fk_auth_perm; Type: FK CONSTRAINT; Schema: public; Owner: postgres
--

ALTER TABLE ONLY public.auth_group_permissions
    ADD CONSTRAINT auth_group_permissio_permission_id_84c5c92e_fk_auth_perm FOREIGN KEY (permission_id) REFERENCES public.auth_permission(id) DEFERRABLE INITIALLY DEFERRED;


--
-- Name: auth_group_permissions auth_group_permissions_group_id_b120cbf9_fk_auth_group_id; Type: FK CONSTRAINT; Schema: public; Owner: postgres
--

ALTER TABLE ONLY public.auth_group_permissions
    ADD CONSTRAINT auth_group_permissions_group_id_b120cbf9_fk_auth_group_id FOREIGN KEY (group_id) REFERENCES public.auth_group(id) DEFERRABLE INITIALLY DEFERRED;


--
-- Name: auth_permission auth_permission_content_type_id_2f476e4b_fk_django_co; Type: FK CONSTRAINT; Schema: public; Owner: postgres
--

ALTER TABLE ONLY public.auth_permission
    ADD CONSTRAINT auth_permission_content_type_id_2f476e4b_fk_django_co FOREIGN KEY (content_type_id) REFERENCES public.django_content_type(id) DEFERRABLE INITIALLY DEFERRED;


--
-- Name: auth_user_groups auth_user_groups_group_id_97559544_fk_auth_group_id; Type: FK CONSTRAINT; Schema: public; Owner: postgres
--

ALTER TABLE ONLY public.auth_user_groups
    ADD CONSTRAINT auth_user_groups_group_id_97559544_fk_auth_group_id FOREIGN KEY (group_id) REFERENCES public.auth_group(id) DEFERRABLE INITIALLY DEFERRED;


--
-- Name: auth_user_groups auth_user_groups_user_id_6a12ed8b_fk_auth_user_id; Type: FK CONSTRAINT; Schema: public; Owner: postgres
--

ALTER TABLE ONLY public.auth_user_groups
    ADD CONSTRAINT auth_user_groups_user_id_6a12ed8b_fk_auth_user_id FOREIGN KEY (user_id) REFERENCES public.auth_user(id) DEFERRABLE INITIALLY DEFERRED;


--
-- Name: auth_user_user_permissions auth_user_user_permi_permission_id_1fbb5f2c_fk_auth_perm; Type: FK CONSTRAINT; Schema: public; Owner: postgres
--

ALTER TABLE ONLY public.auth_user_user_permissions
    ADD CONSTRAINT auth_user_user_permi_permission_id_1fbb5f2c_fk_auth_perm FOREIGN KEY (permission_id) REFERENCES public.auth_permission(id) DEFERRABLE INITIALLY DEFERRED;


--
-- Name: auth_user_user_permissions auth_user_user_permissions_user_id_a95ead1b_fk_auth_user_id; Type: FK CONSTRAINT; Schema: public; Owner: postgres
--

ALTER TABLE ONLY public.auth_user_user_permissions
    ADD CONSTRAINT auth_user_user_permissions_user_id_a95ead1b_fk_auth_user_id FOREIGN KEY (user_id) REFERENCES public.auth_user(id) DEFERRABLE INITIALLY DEFERRED;


--
-- Name: core_jurnalarticlegalleryimage core_jurnalarticlega_image_id_fe2564c1_fk_wagtailim; Type: FK CONSTRAINT; Schema: public; Owner: postgres
--

ALTER TABLE ONLY public.core_jurnalarticlegalleryimage
    ADD CONSTRAINT core_jurnalarticlega_image_id_fe2564c1_fk_wagtailim FOREIGN KEY (image_id) REFERENCES public.wagtailimages_image(id) DEFERRABLE INITIALLY DEFERRED;


--
-- Name: core_jurnalarticlegalleryimage core_jurnalarticlega_page_id_8b02d40b_fk_core_jurn; Type: FK CONSTRAINT; Schema: public; Owner: postgres
--

ALTER TABLE ONLY public.core_jurnalarticlegalleryimage
    ADD CONSTRAINT core_jurnalarticlega_page_id_8b02d40b_fk_core_jurn FOREIGN KEY (page_id) REFERENCES public.core_jurnalarticlepage(page_ptr_id) DEFERRABLE INITIALLY DEFERRED;


--
-- Name: core_jurnalarticlepage core_jurnalarticlepa_hero_image_id_40710eca_fk_wagtailim; Type: FK CONSTRAINT; Schema: public; Owner: postgres
--

ALTER TABLE ONLY public.core_jurnalarticlepage
    ADD CONSTRAINT core_jurnalarticlepa_hero_image_id_40710eca_fk_wagtailim FOREIGN KEY (hero_image_id) REFERENCES public.wagtailimages_image(id) DEFERRABLE INITIALLY DEFERRED;


--
-- Name: core_jurnalarticlepage core_jurnalarticlepa_page_ptr_id_8d203352_fk_wagtailco; Type: FK CONSTRAINT; Schema: public; Owner: postgres
--

ALTER TABLE ONLY public.core_jurnalarticlepage
    ADD CONSTRAINT core_jurnalarticlepa_page_ptr_id_8d203352_fk_wagtailco FOREIGN KEY (page_ptr_id) REFERENCES public.wagtailcore_page(id) DEFERRABLE INITIALLY DEFERRED;


--
-- Name: core_jurnalindexpage core_jurnalindexpage_page_ptr_id_f278f9e4_fk_wagtailco; Type: FK CONSTRAINT; Schema: public; Owner: postgres
--

ALTER TABLE ONLY public.core_jurnalindexpage
    ADD CONSTRAINT core_jurnalindexpage_page_ptr_id_f278f9e4_fk_wagtailco FOREIGN KEY (page_ptr_id) REFERENCES public.wagtailcore_page(id) DEFERRABLE INITIALLY DEFERRED;


--
-- Name: core_mainpagecontent core_mainpagecontent_filosofie_image_2_id_8bbc3cbe_fk_wagtailim; Type: FK CONSTRAINT; Schema: public; Owner: postgres
--

ALTER TABLE ONLY public.core_mainpagecontent
    ADD CONSTRAINT core_mainpagecontent_filosofie_image_2_id_8bbc3cbe_fk_wagtailim FOREIGN KEY (filosofie_image_2_id) REFERENCES public.wagtailimages_image(id) DEFERRABLE INITIALLY DEFERRED;


--
-- Name: core_mainpagecontent core_mainpagecontent_hero_bg_image_id_9cd882a5_fk_wagtailim; Type: FK CONSTRAINT; Schema: public; Owner: postgres
--

ALTER TABLE ONLY public.core_mainpagecontent
    ADD CONSTRAINT core_mainpagecontent_hero_bg_image_id_9cd882a5_fk_wagtailim FOREIGN KEY (hero_bg_image_id) REFERENCES public.wagtailimages_image(id) DEFERRABLE INITIALLY DEFERRED;


--
-- Name: core_mainpagecontent core_mainpagecontent_site_id_5213ea8d_fk_wagtailcore_site_id; Type: FK CONSTRAINT; Schema: public; Owner: postgres
--

ALTER TABLE ONLY public.core_mainpagecontent
    ADD CONSTRAINT core_mainpagecontent_site_id_5213ea8d_fk_wagtailcore_site_id FOREIGN KEY (site_id) REFERENCES public.wagtailcore_site(id) DEFERRABLE INITIALLY DEFERRED;


--
-- Name: core_mainpagecontent core_mainpagecontent_spatiul_image_1_id_b2083c61_fk_wagtailim; Type: FK CONSTRAINT; Schema: public; Owner: postgres
--

ALTER TABLE ONLY public.core_mainpagecontent
    ADD CONSTRAINT core_mainpagecontent_spatiul_image_1_id_b2083c61_fk_wagtailim FOREIGN KEY (spatiul_image_1_id) REFERENCES public.wagtailimages_image(id) DEFERRABLE INITIALLY DEFERRED;


--
-- Name: core_membershipqaitem core_membershipqaite_application_id_961d615f_fk_core_memb; Type: FK CONSTRAINT; Schema: public; Owner: postgres
--

ALTER TABLE ONLY public.core_membershipqaitem
    ADD CONSTRAINT core_membershipqaite_application_id_961d615f_fk_core_memb FOREIGN KEY (application_id) REFERENCES public.core_membershipapplication(id) DEFERRABLE INITIALLY DEFERRED;


--
-- Name: core_membrieformcontent core_membrieformcontent_site_id_ebf86e31_fk_wagtailcore_site_id; Type: FK CONSTRAINT; Schema: public; Owner: postgres
--

ALTER TABLE ONLY public.core_membrieformcontent
    ADD CONSTRAINT core_membrieformcontent_site_id_ebf86e31_fk_wagtailcore_site_id FOREIGN KEY (site_id) REFERENCES public.wagtailcore_site(id) DEFERRABLE INITIALLY DEFERRED;


--
-- Name: django_admin_log django_admin_log_content_type_id_c4bce8eb_fk_django_co; Type: FK CONSTRAINT; Schema: public; Owner: postgres
--

ALTER TABLE ONLY public.django_admin_log
    ADD CONSTRAINT django_admin_log_content_type_id_c4bce8eb_fk_django_co FOREIGN KEY (content_type_id) REFERENCES public.django_content_type(id) DEFERRABLE INITIALLY DEFERRED;


--
-- Name: django_admin_log django_admin_log_user_id_c564eba6_fk_auth_user_id; Type: FK CONSTRAINT; Schema: public; Owner: postgres
--

ALTER TABLE ONLY public.django_admin_log
    ADD CONSTRAINT django_admin_log_user_id_c564eba6_fk_auth_user_id FOREIGN KEY (user_id) REFERENCES public.auth_user(id) DEFERRABLE INITIALLY DEFERRED;


--
-- Name: home_homepage home_homepage_page_ptr_id_e5b77cf7_fk_wagtailcore_page_id; Type: FK CONSTRAINT; Schema: public; Owner: postgres
--

ALTER TABLE ONLY public.home_homepage
    ADD CONSTRAINT home_homepage_page_ptr_id_e5b77cf7_fk_wagtailcore_page_id FOREIGN KEY (page_ptr_id) REFERENCES public.wagtailcore_page(id) DEFERRABLE INITIALLY DEFERRED;


--
-- Name: taggit_taggeditem taggit_taggeditem_content_type_id_9957a03c_fk_django_co; Type: FK CONSTRAINT; Schema: public; Owner: postgres
--

ALTER TABLE ONLY public.taggit_taggeditem
    ADD CONSTRAINT taggit_taggeditem_content_type_id_9957a03c_fk_django_co FOREIGN KEY (content_type_id) REFERENCES public.django_content_type(id) DEFERRABLE INITIALLY DEFERRED;


--
-- Name: taggit_taggeditem taggit_taggeditem_tag_id_f4f5b767_fk_taggit_tag_id; Type: FK CONSTRAINT; Schema: public; Owner: postgres
--

ALTER TABLE ONLY public.taggit_taggeditem
    ADD CONSTRAINT taggit_taggeditem_tag_id_f4f5b767_fk_taggit_tag_id FOREIGN KEY (tag_id) REFERENCES public.taggit_tag(id) DEFERRABLE INITIALLY DEFERRED;


--
-- Name: wagtailadmin_editingsession wagtailadmin_editing_content_type_id_4df7730e_fk_django_co; Type: FK CONSTRAINT; Schema: public; Owner: postgres
--

ALTER TABLE ONLY public.wagtailadmin_editingsession
    ADD CONSTRAINT wagtailadmin_editing_content_type_id_4df7730e_fk_django_co FOREIGN KEY (content_type_id) REFERENCES public.django_content_type(id) DEFERRABLE INITIALLY DEFERRED;


--
-- Name: wagtailadmin_editingsession wagtailadmin_editingsession_user_id_6e1a9b70_fk_auth_user_id; Type: FK CONSTRAINT; Schema: public; Owner: postgres
--

ALTER TABLE ONLY public.wagtailadmin_editingsession
    ADD CONSTRAINT wagtailadmin_editingsession_user_id_6e1a9b70_fk_auth_user_id FOREIGN KEY (user_id) REFERENCES public.auth_user(id) DEFERRABLE INITIALLY DEFERRED;


--
-- Name: wagtailcore_collectionviewrestriction wagtailcore_collecti_collection_id_761908ec_fk_wagtailco; Type: FK CONSTRAINT; Schema: public; Owner: postgres
--

ALTER TABLE ONLY public.wagtailcore_collectionviewrestriction
    ADD CONSTRAINT wagtailcore_collecti_collection_id_761908ec_fk_wagtailco FOREIGN KEY (collection_id) REFERENCES public.wagtailcore_collection(id) DEFERRABLE INITIALLY DEFERRED;


--
-- Name: wagtailcore_collectionviewrestriction_groups wagtailcore_collecti_collectionviewrestri_47320efd_fk_wagtailco; Type: FK CONSTRAINT; Schema: public; Owner: postgres
--

ALTER TABLE ONLY public.wagtailcore_collectionviewrestriction_groups
    ADD CONSTRAINT wagtailcore_collecti_collectionviewrestri_47320efd_fk_wagtailco FOREIGN KEY (collectionviewrestriction_id) REFERENCES public.wagtailcore_collectionviewrestriction(id) DEFERRABLE INITIALLY DEFERRED;


--
-- Name: wagtailcore_collectionviewrestriction_groups wagtailcore_collecti_group_id_1823f2a3_fk_auth_grou; Type: FK CONSTRAINT; Schema: public; Owner: postgres
--

ALTER TABLE ONLY public.wagtailcore_collectionviewrestriction_groups
    ADD CONSTRAINT wagtailcore_collecti_group_id_1823f2a3_fk_auth_grou FOREIGN KEY (group_id) REFERENCES public.auth_group(id) DEFERRABLE INITIALLY DEFERRED;


--
-- Name: wagtailcore_comment wagtailcore_comment_page_id_108444b5_fk_wagtailcore_page_id; Type: FK CONSTRAINT; Schema: public; Owner: postgres
--

ALTER TABLE ONLY public.wagtailcore_comment
    ADD CONSTRAINT wagtailcore_comment_page_id_108444b5_fk_wagtailcore_page_id FOREIGN KEY (page_id) REFERENCES public.wagtailcore_page(id) DEFERRABLE INITIALLY DEFERRED;


--
-- Name: wagtailcore_comment wagtailcore_comment_resolved_by_id_a282aa0e_fk_auth_user_id; Type: FK CONSTRAINT; Schema: public; Owner: postgres
--

ALTER TABLE ONLY public.wagtailcore_comment
    ADD CONSTRAINT wagtailcore_comment_resolved_by_id_a282aa0e_fk_auth_user_id FOREIGN KEY (resolved_by_id) REFERENCES public.auth_user(id) DEFERRABLE INITIALLY DEFERRED;


--
-- Name: wagtailcore_comment wagtailcore_comment_revision_created_id_1d058279_fk_wagtailco; Type: FK CONSTRAINT; Schema: public; Owner: postgres
--

ALTER TABLE ONLY public.wagtailcore_comment
    ADD CONSTRAINT wagtailcore_comment_revision_created_id_1d058279_fk_wagtailco FOREIGN KEY (revision_created_id) REFERENCES public.wagtailcore_revision(id) DEFERRABLE INITIALLY DEFERRED;


--
-- Name: wagtailcore_comment wagtailcore_comment_user_id_0c577ca6_fk_auth_user_id; Type: FK CONSTRAINT; Schema: public; Owner: postgres
--

ALTER TABLE ONLY public.wagtailcore_comment
    ADD CONSTRAINT wagtailcore_comment_user_id_0c577ca6_fk_auth_user_id FOREIGN KEY (user_id) REFERENCES public.auth_user(id) DEFERRABLE INITIALLY DEFERRED;


--
-- Name: wagtailcore_commentreply wagtailcore_commentr_comment_id_afc7e027_fk_wagtailco; Type: FK CONSTRAINT; Schema: public; Owner: postgres
--

ALTER TABLE ONLY public.wagtailcore_commentreply
    ADD CONSTRAINT wagtailcore_commentr_comment_id_afc7e027_fk_wagtailco FOREIGN KEY (comment_id) REFERENCES public.wagtailcore_comment(id) DEFERRABLE INITIALLY DEFERRED;


--
-- Name: wagtailcore_commentreply wagtailcore_commentreply_user_id_d0b3b9c3_fk_auth_user_id; Type: FK CONSTRAINT; Schema: public; Owner: postgres
--

ALTER TABLE ONLY public.wagtailcore_commentreply
    ADD CONSTRAINT wagtailcore_commentreply_user_id_d0b3b9c3_fk_auth_user_id FOREIGN KEY (user_id) REFERENCES public.auth_user(id) DEFERRABLE INITIALLY DEFERRED;


--
-- Name: wagtailcore_groupapprovaltask_groups wagtailcore_groupapp_group_id_2e64b61f_fk_auth_grou; Type: FK CONSTRAINT; Schema: public; Owner: postgres
--

ALTER TABLE ONLY public.wagtailcore_groupapprovaltask_groups
    ADD CONSTRAINT wagtailcore_groupapp_group_id_2e64b61f_fk_auth_grou FOREIGN KEY (group_id) REFERENCES public.auth_group(id) DEFERRABLE INITIALLY DEFERRED;


--
-- Name: wagtailcore_groupapprovaltask_groups wagtailcore_groupapp_groupapprovaltask_id_9a9255ea_fk_wagtailco; Type: FK CONSTRAINT; Schema: public; Owner: postgres
--

ALTER TABLE ONLY public.wagtailcore_groupapprovaltask_groups
    ADD CONSTRAINT wagtailcore_groupapp_groupapprovaltask_id_9a9255ea_fk_wagtailco FOREIGN KEY (groupapprovaltask_id) REFERENCES public.wagtailcore_groupapprovaltask(task_ptr_id) DEFERRABLE INITIALLY DEFERRED;


--
-- Name: wagtailcore_groupapprovaltask wagtailcore_groupapp_task_ptr_id_cfe58781_fk_wagtailco; Type: FK CONSTRAINT; Schema: public; Owner: postgres
--

ALTER TABLE ONLY public.wagtailcore_groupapprovaltask
    ADD CONSTRAINT wagtailcore_groupapp_task_ptr_id_cfe58781_fk_wagtailco FOREIGN KEY (task_ptr_id) REFERENCES public.wagtailcore_task(id) DEFERRABLE INITIALLY DEFERRED;


--
-- Name: wagtailcore_groupcollectionpermission wagtailcore_groupcol_collection_id_5423575a_fk_wagtailco; Type: FK CONSTRAINT; Schema: public; Owner: postgres
--

ALTER TABLE ONLY public.wagtailcore_groupcollectionpermission
    ADD CONSTRAINT wagtailcore_groupcol_collection_id_5423575a_fk_wagtailco FOREIGN KEY (collection_id) REFERENCES public.wagtailcore_collection(id) DEFERRABLE INITIALLY DEFERRED;


--
-- Name: wagtailcore_groupcollectionpermission wagtailcore_groupcol_group_id_05d61460_fk_auth_grou; Type: FK CONSTRAINT; Schema: public; Owner: postgres
--

ALTER TABLE ONLY public.wagtailcore_groupcollectionpermission
    ADD CONSTRAINT wagtailcore_groupcol_group_id_05d61460_fk_auth_grou FOREIGN KEY (group_id) REFERENCES public.auth_group(id) DEFERRABLE INITIALLY DEFERRED;


--
-- Name: wagtailcore_groupcollectionpermission wagtailcore_groupcol_permission_id_1b626275_fk_auth_perm; Type: FK CONSTRAINT; Schema: public; Owner: postgres
--

ALTER TABLE ONLY public.wagtailcore_groupcollectionpermission
    ADD CONSTRAINT wagtailcore_groupcol_permission_id_1b626275_fk_auth_perm FOREIGN KEY (permission_id) REFERENCES public.auth_permission(id) DEFERRABLE INITIALLY DEFERRED;


--
-- Name: wagtailcore_grouppagepermission wagtailcore_grouppag_group_id_fc07e671_fk_auth_grou; Type: FK CONSTRAINT; Schema: public; Owner: postgres
--

ALTER TABLE ONLY public.wagtailcore_grouppagepermission
    ADD CONSTRAINT wagtailcore_grouppag_group_id_fc07e671_fk_auth_grou FOREIGN KEY (group_id) REFERENCES public.auth_group(id) DEFERRABLE INITIALLY DEFERRED;


--
-- Name: wagtailcore_grouppagepermission wagtailcore_grouppag_page_id_710b114a_fk_wagtailco; Type: FK CONSTRAINT; Schema: public; Owner: postgres
--

ALTER TABLE ONLY public.wagtailcore_grouppagepermission
    ADD CONSTRAINT wagtailcore_grouppag_page_id_710b114a_fk_wagtailco FOREIGN KEY (page_id) REFERENCES public.wagtailcore_page(id) DEFERRABLE INITIALLY DEFERRED;


--
-- Name: wagtailcore_grouppagepermission wagtailcore_grouppag_permission_id_05acb22e_fk_auth_perm; Type: FK CONSTRAINT; Schema: public; Owner: postgres
--

ALTER TABLE ONLY public.wagtailcore_grouppagepermission
    ADD CONSTRAINT wagtailcore_grouppag_permission_id_05acb22e_fk_auth_perm FOREIGN KEY (permission_id) REFERENCES public.auth_permission(id) DEFERRABLE INITIALLY DEFERRED;


--
-- Name: wagtailcore_groupsitepermission wagtailcore_groupsit_group_id_e5cdbee4_fk_auth_grou; Type: FK CONSTRAINT; Schema: public; Owner: postgres
--

ALTER TABLE ONLY public.wagtailcore_groupsitepermission
    ADD CONSTRAINT wagtailcore_groupsit_group_id_e5cdbee4_fk_auth_grou FOREIGN KEY (group_id) REFERENCES public.auth_group(id) DEFERRABLE INITIALLY DEFERRED;


--
-- Name: wagtailcore_groupsitepermission wagtailcore_groupsit_permission_id_459b1f38_fk_auth_perm; Type: FK CONSTRAINT; Schema: public; Owner: postgres
--

ALTER TABLE ONLY public.wagtailcore_groupsitepermission
    ADD CONSTRAINT wagtailcore_groupsit_permission_id_459b1f38_fk_auth_perm FOREIGN KEY (permission_id) REFERENCES public.auth_permission(id) DEFERRABLE INITIALLY DEFERRED;


--
-- Name: wagtailcore_groupsitepermission wagtailcore_groupsit_site_id_245de488_fk_wagtailco; Type: FK CONSTRAINT; Schema: public; Owner: postgres
--

ALTER TABLE ONLY public.wagtailcore_groupsitepermission
    ADD CONSTRAINT wagtailcore_groupsit_site_id_245de488_fk_wagtailco FOREIGN KEY (site_id) REFERENCES public.wagtailcore_site(id) DEFERRABLE INITIALLY DEFERRED;


--
-- Name: wagtailcore_modellogentry wagtailcore_modellog_content_type_id_68849e77_fk_django_co; Type: FK CONSTRAINT; Schema: public; Owner: postgres
--

ALTER TABLE ONLY public.wagtailcore_modellogentry
    ADD CONSTRAINT wagtailcore_modellog_content_type_id_68849e77_fk_django_co FOREIGN KEY (content_type_id) REFERENCES public.django_content_type(id) DEFERRABLE INITIALLY DEFERRED;


--
-- Name: wagtailcore_page wagtailcore_page_alias_of_id_12945502_fk_wagtailcore_page_id; Type: FK CONSTRAINT; Schema: public; Owner: postgres
--

ALTER TABLE ONLY public.wagtailcore_page
    ADD CONSTRAINT wagtailcore_page_alias_of_id_12945502_fk_wagtailcore_page_id FOREIGN KEY (alias_of_id) REFERENCES public.wagtailcore_page(id) DEFERRABLE INITIALLY DEFERRED;


--
-- Name: wagtailcore_page wagtailcore_page_content_type_id_c28424df_fk_django_co; Type: FK CONSTRAINT; Schema: public; Owner: postgres
--

ALTER TABLE ONLY public.wagtailcore_page
    ADD CONSTRAINT wagtailcore_page_content_type_id_c28424df_fk_django_co FOREIGN KEY (content_type_id) REFERENCES public.django_content_type(id) DEFERRABLE INITIALLY DEFERRED;


--
-- Name: wagtailcore_page wagtailcore_page_latest_revision_id_e60fef51_fk_wagtailco; Type: FK CONSTRAINT; Schema: public; Owner: postgres
--

ALTER TABLE ONLY public.wagtailcore_page
    ADD CONSTRAINT wagtailcore_page_latest_revision_id_e60fef51_fk_wagtailco FOREIGN KEY (latest_revision_id) REFERENCES public.wagtailcore_revision(id) DEFERRABLE INITIALLY DEFERRED;


--
-- Name: wagtailcore_page wagtailcore_page_live_revision_id_930bd822_fk_wagtailco; Type: FK CONSTRAINT; Schema: public; Owner: postgres
--

ALTER TABLE ONLY public.wagtailcore_page
    ADD CONSTRAINT wagtailcore_page_live_revision_id_930bd822_fk_wagtailco FOREIGN KEY (live_revision_id) REFERENCES public.wagtailcore_revision(id) DEFERRABLE INITIALLY DEFERRED;


--
-- Name: wagtailcore_page wagtailcore_page_locale_id_3c7e30a6_fk_wagtailcore_locale_id; Type: FK CONSTRAINT; Schema: public; Owner: postgres
--

ALTER TABLE ONLY public.wagtailcore_page
    ADD CONSTRAINT wagtailcore_page_locale_id_3c7e30a6_fk_wagtailcore_locale_id FOREIGN KEY (locale_id) REFERENCES public.wagtailcore_locale(id) DEFERRABLE INITIALLY DEFERRED;


--
-- Name: wagtailcore_page wagtailcore_page_locked_by_id_bcb86245_fk_auth_user_id; Type: FK CONSTRAINT; Schema: public; Owner: postgres
--

ALTER TABLE ONLY public.wagtailcore_page
    ADD CONSTRAINT wagtailcore_page_locked_by_id_bcb86245_fk_auth_user_id FOREIGN KEY (locked_by_id) REFERENCES public.auth_user(id) DEFERRABLE INITIALLY DEFERRED;


--
-- Name: wagtailcore_page wagtailcore_page_owner_id_fbf7c332_fk_auth_user_id; Type: FK CONSTRAINT; Schema: public; Owner: postgres
--

ALTER TABLE ONLY public.wagtailcore_page
    ADD CONSTRAINT wagtailcore_page_owner_id_fbf7c332_fk_auth_user_id FOREIGN KEY (owner_id) REFERENCES public.auth_user(id) DEFERRABLE INITIALLY DEFERRED;


--
-- Name: wagtailcore_pagelogentry wagtailcore_pageloge_content_type_id_74e7708a_fk_django_co; Type: FK CONSTRAINT; Schema: public; Owner: postgres
--

ALTER TABLE ONLY public.wagtailcore_pagelogentry
    ADD CONSTRAINT wagtailcore_pageloge_content_type_id_74e7708a_fk_django_co FOREIGN KEY (content_type_id) REFERENCES public.django_content_type(id) DEFERRABLE INITIALLY DEFERRED;


--
-- Name: wagtailcore_revision wagtailcore_pagerevision_user_id_2409d2f4_fk_auth_user_id; Type: FK CONSTRAINT; Schema: public; Owner: postgres
--

ALTER TABLE ONLY public.wagtailcore_revision
    ADD CONSTRAINT wagtailcore_pagerevision_user_id_2409d2f4_fk_auth_user_id FOREIGN KEY (user_id) REFERENCES public.auth_user(id) DEFERRABLE INITIALLY DEFERRED;


--
-- Name: wagtailcore_pagesubscription wagtailcore_pagesubs_page_id_a085e7a6_fk_wagtailco; Type: FK CONSTRAINT; Schema: public; Owner: postgres
--

ALTER TABLE ONLY public.wagtailcore_pagesubscription
    ADD CONSTRAINT wagtailcore_pagesubs_page_id_a085e7a6_fk_wagtailco FOREIGN KEY (page_id) REFERENCES public.wagtailcore_page(id) DEFERRABLE INITIALLY DEFERRED;


--
-- Name: wagtailcore_pagesubscription wagtailcore_pagesubscription_user_id_89d7def9_fk_auth_user_id; Type: FK CONSTRAINT; Schema: public; Owner: postgres
--

ALTER TABLE ONLY public.wagtailcore_pagesubscription
    ADD CONSTRAINT wagtailcore_pagesubscription_user_id_89d7def9_fk_auth_user_id FOREIGN KEY (user_id) REFERENCES public.auth_user(id) DEFERRABLE INITIALLY DEFERRED;


--
-- Name: wagtailcore_pageviewrestriction_groups wagtailcore_pageview_group_id_6460f223_fk_auth_grou; Type: FK CONSTRAINT; Schema: public; Owner: postgres
--

ALTER TABLE ONLY public.wagtailcore_pageviewrestriction_groups
    ADD CONSTRAINT wagtailcore_pageview_group_id_6460f223_fk_auth_grou FOREIGN KEY (group_id) REFERENCES public.auth_group(id) DEFERRABLE INITIALLY DEFERRED;


--
-- Name: wagtailcore_pageviewrestriction wagtailcore_pageview_page_id_15a8bea6_fk_wagtailco; Type: FK CONSTRAINT; Schema: public; Owner: postgres
--

ALTER TABLE ONLY public.wagtailcore_pageviewrestriction
    ADD CONSTRAINT wagtailcore_pageview_page_id_15a8bea6_fk_wagtailco FOREIGN KEY (page_id) REFERENCES public.wagtailcore_page(id) DEFERRABLE INITIALLY DEFERRED;


--
-- Name: wagtailcore_pageviewrestriction_groups wagtailcore_pageview_pageviewrestriction__f147a99a_fk_wagtailco; Type: FK CONSTRAINT; Schema: public; Owner: postgres
--

ALTER TABLE ONLY public.wagtailcore_pageviewrestriction_groups
    ADD CONSTRAINT wagtailcore_pageview_pageviewrestriction__f147a99a_fk_wagtailco FOREIGN KEY (pageviewrestriction_id) REFERENCES public.wagtailcore_pageviewrestriction(id) DEFERRABLE INITIALLY DEFERRED;


--
-- Name: wagtailcore_referenceindex wagtailcore_referenc_base_content_type_id_313cf40f_fk_django_co; Type: FK CONSTRAINT; Schema: public; Owner: postgres
--

ALTER TABLE ONLY public.wagtailcore_referenceindex
    ADD CONSTRAINT wagtailcore_referenc_base_content_type_id_313cf40f_fk_django_co FOREIGN KEY (base_content_type_id) REFERENCES public.django_content_type(id) DEFERRABLE INITIALLY DEFERRED;


--
-- Name: wagtailcore_referenceindex wagtailcore_referenc_content_type_id_766e0336_fk_django_co; Type: FK CONSTRAINT; Schema: public; Owner: postgres
--

ALTER TABLE ONLY public.wagtailcore_referenceindex
    ADD CONSTRAINT wagtailcore_referenc_content_type_id_766e0336_fk_django_co FOREIGN KEY (content_type_id) REFERENCES public.django_content_type(id) DEFERRABLE INITIALLY DEFERRED;


--
-- Name: wagtailcore_referenceindex wagtailcore_referenc_to_content_type_id_93690bbd_fk_django_co; Type: FK CONSTRAINT; Schema: public; Owner: postgres
--

ALTER TABLE ONLY public.wagtailcore_referenceindex
    ADD CONSTRAINT wagtailcore_referenc_to_content_type_id_93690bbd_fk_django_co FOREIGN KEY (to_content_type_id) REFERENCES public.django_content_type(id) DEFERRABLE INITIALLY DEFERRED;


--
-- Name: wagtailcore_revision wagtailcore_revision_base_content_type_id_5b4ef7bd_fk_django_co; Type: FK CONSTRAINT; Schema: public; Owner: postgres
--

ALTER TABLE ONLY public.wagtailcore_revision
    ADD CONSTRAINT wagtailcore_revision_base_content_type_id_5b4ef7bd_fk_django_co FOREIGN KEY (base_content_type_id) REFERENCES public.django_content_type(id) DEFERRABLE INITIALLY DEFERRED;


--
-- Name: wagtailcore_revision wagtailcore_revision_content_type_id_c8cb69c0_fk_django_co; Type: FK CONSTRAINT; Schema: public; Owner: postgres
--

ALTER TABLE ONLY public.wagtailcore_revision
    ADD CONSTRAINT wagtailcore_revision_content_type_id_c8cb69c0_fk_django_co FOREIGN KEY (content_type_id) REFERENCES public.django_content_type(id) DEFERRABLE INITIALLY DEFERRED;


--
-- Name: wagtailcore_site wagtailcore_site_root_page_id_e02fb95c_fk_wagtailcore_page_id; Type: FK CONSTRAINT; Schema: public; Owner: postgres
--

ALTER TABLE ONLY public.wagtailcore_site
    ADD CONSTRAINT wagtailcore_site_root_page_id_e02fb95c_fk_wagtailcore_page_id FOREIGN KEY (root_page_id) REFERENCES public.wagtailcore_page(id) DEFERRABLE INITIALLY DEFERRED;


--
-- Name: wagtailcore_task wagtailcore_task_content_type_id_249ab8ba_fk_django_co; Type: FK CONSTRAINT; Schema: public; Owner: postgres
--

ALTER TABLE ONLY public.wagtailcore_task
    ADD CONSTRAINT wagtailcore_task_content_type_id_249ab8ba_fk_django_co FOREIGN KEY (content_type_id) REFERENCES public.django_content_type(id) DEFERRABLE INITIALLY DEFERRED;


--
-- Name: wagtailcore_taskstate wagtailcore_taskstat_content_type_id_0a758fdc_fk_django_co; Type: FK CONSTRAINT; Schema: public; Owner: postgres
--

ALTER TABLE ONLY public.wagtailcore_taskstate
    ADD CONSTRAINT wagtailcore_taskstat_content_type_id_0a758fdc_fk_django_co FOREIGN KEY (content_type_id) REFERENCES public.django_content_type(id) DEFERRABLE INITIALLY DEFERRED;


--
-- Name: wagtailcore_taskstate wagtailcore_taskstat_revision_id_df25a499_fk_wagtailco; Type: FK CONSTRAINT; Schema: public; Owner: postgres
--

ALTER TABLE ONLY public.wagtailcore_taskstate
    ADD CONSTRAINT wagtailcore_taskstat_revision_id_df25a499_fk_wagtailco FOREIGN KEY (revision_id) REFERENCES public.wagtailcore_revision(id) DEFERRABLE INITIALLY DEFERRED;


--
-- Name: wagtailcore_taskstate wagtailcore_taskstat_workflow_state_id_9239a775_fk_wagtailco; Type: FK CONSTRAINT; Schema: public; Owner: postgres
--

ALTER TABLE ONLY public.wagtailcore_taskstate
    ADD CONSTRAINT wagtailcore_taskstat_workflow_state_id_9239a775_fk_wagtailco FOREIGN KEY (workflow_state_id) REFERENCES public.wagtailcore_workflowstate(id) DEFERRABLE INITIALLY DEFERRED;


--
-- Name: wagtailcore_taskstate wagtailcore_taskstate_finished_by_id_13f98229_fk_auth_user_id; Type: FK CONSTRAINT; Schema: public; Owner: postgres
--

ALTER TABLE ONLY public.wagtailcore_taskstate
    ADD CONSTRAINT wagtailcore_taskstate_finished_by_id_13f98229_fk_auth_user_id FOREIGN KEY (finished_by_id) REFERENCES public.auth_user(id) DEFERRABLE INITIALLY DEFERRED;


--
-- Name: wagtailcore_taskstate wagtailcore_taskstate_task_id_c3677c34_fk_wagtailcore_task_id; Type: FK CONSTRAINT; Schema: public; Owner: postgres
--

ALTER TABLE ONLY public.wagtailcore_taskstate
    ADD CONSTRAINT wagtailcore_taskstate_task_id_c3677c34_fk_wagtailcore_task_id FOREIGN KEY (task_id) REFERENCES public.wagtailcore_task(id) DEFERRABLE INITIALLY DEFERRED;


--
-- Name: wagtailcore_uploadedfile wagtailcore_uploaded_for_content_type_id_b0fc87b2_fk_django_co; Type: FK CONSTRAINT; Schema: public; Owner: postgres
--

ALTER TABLE ONLY public.wagtailcore_uploadedfile
    ADD CONSTRAINT wagtailcore_uploaded_for_content_type_id_b0fc87b2_fk_django_co FOREIGN KEY (for_content_type_id) REFERENCES public.django_content_type(id) DEFERRABLE INITIALLY DEFERRED;


--
-- Name: wagtailcore_uploadedfile wagtailcore_uploaded_uploaded_by_user_id_c7580fe8_fk_auth_user; Type: FK CONSTRAINT; Schema: public; Owner: postgres
--

ALTER TABLE ONLY public.wagtailcore_uploadedfile
    ADD CONSTRAINT wagtailcore_uploaded_uploaded_by_user_id_c7580fe8_fk_auth_user FOREIGN KEY (uploaded_by_user_id) REFERENCES public.auth_user(id) DEFERRABLE INITIALLY DEFERRED;


--
-- Name: wagtailcore_workflowstate wagtailcore_workflow_base_content_type_id_a30dc576_fk_django_co; Type: FK CONSTRAINT; Schema: public; Owner: postgres
--

ALTER TABLE ONLY public.wagtailcore_workflowstate
    ADD CONSTRAINT wagtailcore_workflow_base_content_type_id_a30dc576_fk_django_co FOREIGN KEY (base_content_type_id) REFERENCES public.django_content_type(id) DEFERRABLE INITIALLY DEFERRED;


--
-- Name: wagtailcore_workflowstate wagtailcore_workflow_content_type_id_2bb78ce1_fk_django_co; Type: FK CONSTRAINT; Schema: public; Owner: postgres
--

ALTER TABLE ONLY public.wagtailcore_workflowstate
    ADD CONSTRAINT wagtailcore_workflow_content_type_id_2bb78ce1_fk_django_co FOREIGN KEY (content_type_id) REFERENCES public.django_content_type(id) DEFERRABLE INITIALLY DEFERRED;


--
-- Name: wagtailcore_workflowcontenttype wagtailcore_workflow_content_type_id_b261bb37_fk_django_co; Type: FK CONSTRAINT; Schema: public; Owner: postgres
--

ALTER TABLE ONLY public.wagtailcore_workflowcontenttype
    ADD CONSTRAINT wagtailcore_workflow_content_type_id_b261bb37_fk_django_co FOREIGN KEY (content_type_id) REFERENCES public.django_content_type(id) DEFERRABLE INITIALLY DEFERRED;


--
-- Name: wagtailcore_workflowstate wagtailcore_workflow_current_task_state_i_3a1a0632_fk_wagtailco; Type: FK CONSTRAINT; Schema: public; Owner: postgres
--

ALTER TABLE ONLY public.wagtailcore_workflowstate
    ADD CONSTRAINT wagtailcore_workflow_current_task_state_i_3a1a0632_fk_wagtailco FOREIGN KEY (current_task_state_id) REFERENCES public.wagtailcore_taskstate(id) DEFERRABLE INITIALLY DEFERRED;


--
-- Name: wagtailcore_workflowpage wagtailcore_workflow_page_id_81e7bab6_fk_wagtailco; Type: FK CONSTRAINT; Schema: public; Owner: postgres
--

ALTER TABLE ONLY public.wagtailcore_workflowpage
    ADD CONSTRAINT wagtailcore_workflow_page_id_81e7bab6_fk_wagtailco FOREIGN KEY (page_id) REFERENCES public.wagtailcore_page(id) DEFERRABLE INITIALLY DEFERRED;


--
-- Name: wagtailcore_workflowstate wagtailcore_workflow_requested_by_id_4090bca3_fk_auth_user; Type: FK CONSTRAINT; Schema: public; Owner: postgres
--

ALTER TABLE ONLY public.wagtailcore_workflowstate
    ADD CONSTRAINT wagtailcore_workflow_requested_by_id_4090bca3_fk_auth_user FOREIGN KEY (requested_by_id) REFERENCES public.auth_user(id) DEFERRABLE INITIALLY DEFERRED;


--
-- Name: wagtailcore_workflowtask wagtailcore_workflow_task_id_ce7716fe_fk_wagtailco; Type: FK CONSTRAINT; Schema: public; Owner: postgres
--

ALTER TABLE ONLY public.wagtailcore_workflowtask
    ADD CONSTRAINT wagtailcore_workflow_task_id_ce7716fe_fk_wagtailco FOREIGN KEY (task_id) REFERENCES public.wagtailcore_task(id) DEFERRABLE INITIALLY DEFERRED;


--
-- Name: wagtailcore_workflowstate wagtailcore_workflow_workflow_id_1f18378f_fk_wagtailco; Type: FK CONSTRAINT; Schema: public; Owner: postgres
--

ALTER TABLE ONLY public.wagtailcore_workflowstate
    ADD CONSTRAINT wagtailcore_workflow_workflow_id_1f18378f_fk_wagtailco FOREIGN KEY (workflow_id) REFERENCES public.wagtailcore_workflow(id) DEFERRABLE INITIALLY DEFERRED;


--
-- Name: wagtailcore_workflowpage wagtailcore_workflow_workflow_id_56f56ff6_fk_wagtailco; Type: FK CONSTRAINT; Schema: public; Owner: postgres
--

ALTER TABLE ONLY public.wagtailcore_workflowpage
    ADD CONSTRAINT wagtailcore_workflow_workflow_id_56f56ff6_fk_wagtailco FOREIGN KEY (workflow_id) REFERENCES public.wagtailcore_workflow(id) DEFERRABLE INITIALLY DEFERRED;


--
-- Name: wagtailcore_workflowcontenttype wagtailcore_workflow_workflow_id_9aad7cd2_fk_wagtailco; Type: FK CONSTRAINT; Schema: public; Owner: postgres
--

ALTER TABLE ONLY public.wagtailcore_workflowcontenttype
    ADD CONSTRAINT wagtailcore_workflow_workflow_id_9aad7cd2_fk_wagtailco FOREIGN KEY (workflow_id) REFERENCES public.wagtailcore_workflow(id) DEFERRABLE INITIALLY DEFERRED;


--
-- Name: wagtailcore_workflowtask wagtailcore_workflow_workflow_id_b9717175_fk_wagtailco; Type: FK CONSTRAINT; Schema: public; Owner: postgres
--

ALTER TABLE ONLY public.wagtailcore_workflowtask
    ADD CONSTRAINT wagtailcore_workflow_workflow_id_b9717175_fk_wagtailco FOREIGN KEY (workflow_id) REFERENCES public.wagtailcore_workflow(id) DEFERRABLE INITIALLY DEFERRED;


--
-- Name: wagtaildocs_document wagtaildocs_document_collection_id_23881625_fk_wagtailco; Type: FK CONSTRAINT; Schema: public; Owner: postgres
--

ALTER TABLE ONLY public.wagtaildocs_document
    ADD CONSTRAINT wagtaildocs_document_collection_id_23881625_fk_wagtailco FOREIGN KEY (collection_id) REFERENCES public.wagtailcore_collection(id) DEFERRABLE INITIALLY DEFERRED;


--
-- Name: wagtaildocs_document wagtaildocs_document_uploaded_by_user_id_17258b41_fk_auth_user; Type: FK CONSTRAINT; Schema: public; Owner: postgres
--

ALTER TABLE ONLY public.wagtaildocs_document
    ADD CONSTRAINT wagtaildocs_document_uploaded_by_user_id_17258b41_fk_auth_user FOREIGN KEY (uploaded_by_user_id) REFERENCES public.auth_user(id) DEFERRABLE INITIALLY DEFERRED;


--
-- Name: wagtailforms_formsubmission wagtailforms_formsub_page_id_e48e93e7_fk_wagtailco; Type: FK CONSTRAINT; Schema: public; Owner: postgres
--

ALTER TABLE ONLY public.wagtailforms_formsubmission
    ADD CONSTRAINT wagtailforms_formsub_page_id_e48e93e7_fk_wagtailco FOREIGN KEY (page_id) REFERENCES public.wagtailcore_page(id) DEFERRABLE INITIALLY DEFERRED;


--
-- Name: wagtailimages_image wagtailimages_image_collection_id_c2f8af7e_fk_wagtailco; Type: FK CONSTRAINT; Schema: public; Owner: postgres
--

ALTER TABLE ONLY public.wagtailimages_image
    ADD CONSTRAINT wagtailimages_image_collection_id_c2f8af7e_fk_wagtailco FOREIGN KEY (collection_id) REFERENCES public.wagtailcore_collection(id) DEFERRABLE INITIALLY DEFERRED;


--
-- Name: wagtailimages_image wagtailimages_image_uploaded_by_user_id_5d73dc75_fk_auth_user; Type: FK CONSTRAINT; Schema: public; Owner: postgres
--

ALTER TABLE ONLY public.wagtailimages_image
    ADD CONSTRAINT wagtailimages_image_uploaded_by_user_id_5d73dc75_fk_auth_user FOREIGN KEY (uploaded_by_user_id) REFERENCES public.auth_user(id) DEFERRABLE INITIALLY DEFERRED;


--
-- Name: wagtailimages_rendition wagtailimages_rendit_image_id_3e1fd774_fk_wagtailim; Type: FK CONSTRAINT; Schema: public; Owner: postgres
--

ALTER TABLE ONLY public.wagtailimages_rendition
    ADD CONSTRAINT wagtailimages_rendit_image_id_3e1fd774_fk_wagtailim FOREIGN KEY (image_id) REFERENCES public.wagtailimages_image(id) DEFERRABLE INITIALLY DEFERRED;


--
-- Name: wagtailredirects_redirect wagtailredirects_red_redirect_page_id_b5728a8f_fk_wagtailco; Type: FK CONSTRAINT; Schema: public; Owner: postgres
--

ALTER TABLE ONLY public.wagtailredirects_redirect
    ADD CONSTRAINT wagtailredirects_red_redirect_page_id_b5728a8f_fk_wagtailco FOREIGN KEY (redirect_page_id) REFERENCES public.wagtailcore_page(id) DEFERRABLE INITIALLY DEFERRED;


--
-- Name: wagtailredirects_redirect wagtailredirects_red_site_id_780a0e1e_fk_wagtailco; Type: FK CONSTRAINT; Schema: public; Owner: postgres
--

ALTER TABLE ONLY public.wagtailredirects_redirect
    ADD CONSTRAINT wagtailredirects_red_site_id_780a0e1e_fk_wagtailco FOREIGN KEY (site_id) REFERENCES public.wagtailcore_site(id) DEFERRABLE INITIALLY DEFERRED;


--
-- Name: wagtailsearch_indexentry wagtailsearch_indexe_content_type_id_62ed694f_fk_django_co; Type: FK CONSTRAINT; Schema: public; Owner: postgres
--

ALTER TABLE ONLY public.wagtailsearch_indexentry
    ADD CONSTRAINT wagtailsearch_indexe_content_type_id_62ed694f_fk_django_co FOREIGN KEY (content_type_id) REFERENCES public.django_content_type(id) DEFERRABLE INITIALLY DEFERRED;


--
-- Name: wagtailusers_userprofile wagtailusers_userprofile_user_id_59c92331_fk_auth_user_id; Type: FK CONSTRAINT; Schema: public; Owner: postgres
--

ALTER TABLE ONLY public.wagtailusers_userprofile
    ADD CONSTRAINT wagtailusers_userprofile_user_id_59c92331_fk_auth_user_id FOREIGN KEY (user_id) REFERENCES public.auth_user(id) DEFERRABLE INITIALLY DEFERRED;


--
-- PostgreSQL database dump complete
--

\unrestrict YruVPXF7kw19gyxReSeQqX35ZWt9gqmFDhVUespWn2wOBd2hWLdDfBUBN4nU1fZ

